[2026-03-01T12:09:26.748+0000] {processor.py:186} INFO - Started process (PID=167) to work on /opt/airflow/dags/flight_fare_stages_2_to_7_dag.py
[2026-03-01T12:09:26.768+0000] {processor.py:914} INFO - Processing file /opt/airflow/dags/flight_fare_stages_2_to_7_dag.py for tasks to queue
[2026-03-01T12:09:26.802+0000] {logging_mixin.py:190} INFO - [2026-03-01T12:09:26.799+0000] {dagbag.py:588} INFO - Filling up the DagBag from /opt/airflow/dags/flight_fare_stages_2_to_7_dag.py
[2026-03-01T12:09:36.881+0000] {logging_mixin.py:190} INFO - [2026-03-01T12:09:36.881+0000] {font_manager.py:1639} INFO - generated new fontManager
[2026-03-01T12:09:37.962+0000] {processor.py:925} INFO - DAG(s) 'flight_fare_stages_2_to_7' retrieved from /opt/airflow/dags/flight_fare_stages_2_to_7_dag.py
[2026-03-01T12:09:38.553+0000] {logging_mixin.py:190} INFO - [2026-03-01T12:09:38.551+0000] {override.py:1912} INFO - Created Permission View: can edit on DAG:flight_fare_stages_2_to_7
[2026-03-01T12:09:38.577+0000] {logging_mixin.py:190} INFO - [2026-03-01T12:09:38.576+0000] {override.py:1912} INFO - Created Permission View: can delete on DAG:flight_fare_stages_2_to_7
[2026-03-01T12:09:38.592+0000] {logging_mixin.py:190} INFO - [2026-03-01T12:09:38.592+0000] {override.py:1912} INFO - Created Permission View: can read on DAG:flight_fare_stages_2_to_7
[2026-03-01T12:09:38.607+0000] {logging_mixin.py:190} INFO - [2026-03-01T12:09:38.606+0000] {override.py:1912} INFO - Created Permission View: can delete on DAG Run:flight_fare_stages_2_to_7
[2026-03-01T12:09:38.618+0000] {logging_mixin.py:190} INFO - [2026-03-01T12:09:38.618+0000] {override.py:1912} INFO - Created Permission View: can create on DAG Run:flight_fare_stages_2_to_7
[2026-03-01T12:09:38.629+0000] {logging_mixin.py:190} INFO - [2026-03-01T12:09:38.628+0000] {override.py:1912} INFO - Created Permission View: menu access on DAG Run:flight_fare_stages_2_to_7
[2026-03-01T12:09:38.640+0000] {logging_mixin.py:190} INFO - [2026-03-01T12:09:38.640+0000] {override.py:1912} INFO - Created Permission View: can read on DAG Run:flight_fare_stages_2_to_7
[2026-03-01T12:09:38.642+0000] {logging_mixin.py:190} INFO - [2026-03-01T12:09:38.641+0000] {dag.py:3239} INFO - Sync 1 DAGs
[2026-03-01T12:09:38.661+0000] {logging_mixin.py:190} INFO - [2026-03-01T12:09:38.661+0000] {dag.py:3262} INFO - Creating ORM DAG for flight_fare_stages_2_to_7
[2026-03-01T12:09:38.663+0000] {logging_mixin.py:190} INFO - [2026-03-01T12:09:38.663+0000] {dag.py:4180} INFO - Setting next_dagrun for flight_fare_stages_2_to_7 to None, run_after=None
[2026-03-01T12:09:38.702+0000] {processor.py:208} INFO - Processing /opt/airflow/dags/flight_fare_stages_2_to_7_dag.py took 12.025 seconds
[2026-03-01T12:13:28.393+0000] {processor.py:186} INFO - Started process (PID=167) to work on /opt/airflow/dags/flight_fare_stages_2_to_7_dag.py
[2026-03-01T12:13:28.402+0000] {processor.py:914} INFO - Processing file /opt/airflow/dags/flight_fare_stages_2_to_7_dag.py for tasks to queue
[2026-03-01T12:13:28.466+0000] {logging_mixin.py:190} INFO - [2026-03-01T12:13:28.455+0000] {dagbag.py:588} INFO - Filling up the DagBag from /opt/airflow/dags/flight_fare_stages_2_to_7_dag.py
[2026-03-01T12:13:41.436+0000] {processor.py:925} INFO - DAG(s) 'flight_fare_stages_2_to_7' retrieved from /opt/airflow/dags/flight_fare_stages_2_to_7_dag.py
[2026-03-01T12:13:41.638+0000] {logging_mixin.py:190} INFO - [2026-03-01T12:13:41.637+0000] {dag.py:3239} INFO - Sync 1 DAGs
[2026-03-01T12:13:41.726+0000] {logging_mixin.py:190} INFO - [2026-03-01T12:13:41.725+0000] {dag.py:4180} INFO - Setting next_dagrun for flight_fare_stages_2_to_7 to None, run_after=None
[2026-03-01T12:13:41.798+0000] {processor.py:208} INFO - Processing /opt/airflow/dags/flight_fare_stages_2_to_7_dag.py took 13.554 seconds
[2026-03-01T12:14:12.614+0000] {processor.py:186} INFO - Started process (PID=181) to work on /opt/airflow/dags/flight_fare_stages_2_to_7_dag.py
[2026-03-01T12:14:12.621+0000] {processor.py:914} INFO - Processing file /opt/airflow/dags/flight_fare_stages_2_to_7_dag.py for tasks to queue
[2026-03-01T12:14:12.632+0000] {logging_mixin.py:190} INFO - [2026-03-01T12:14:12.631+0000] {dagbag.py:588} INFO - Filling up the DagBag from /opt/airflow/dags/flight_fare_stages_2_to_7_dag.py
[2026-03-01T12:14:17.663+0000] {processor.py:925} INFO - DAG(s) 'flight_fare_stages_2_to_7' retrieved from /opt/airflow/dags/flight_fare_stages_2_to_7_dag.py
[2026-03-01T12:14:17.761+0000] {logging_mixin.py:190} INFO - [2026-03-01T12:14:17.760+0000] {dag.py:3239} INFO - Sync 1 DAGs
[2026-03-01T12:14:17.804+0000] {logging_mixin.py:190} INFO - [2026-03-01T12:14:17.803+0000] {dag.py:4180} INFO - Setting next_dagrun for flight_fare_stages_2_to_7 to None, run_after=None
[2026-03-01T12:14:17.847+0000] {processor.py:208} INFO - Processing /opt/airflow/dags/flight_fare_stages_2_to_7_dag.py took 5.266 seconds
[2026-03-01T12:14:50.892+0000] {processor.py:186} INFO - Started process (PID=195) to work on /opt/airflow/dags/flight_fare_stages_2_to_7_dag.py
[2026-03-01T12:14:50.921+0000] {processor.py:914} INFO - Processing file /opt/airflow/dags/flight_fare_stages_2_to_7_dag.py for tasks to queue
[2026-03-01T12:14:51.001+0000] {logging_mixin.py:190} INFO - [2026-03-01T12:14:50.931+0000] {dagbag.py:588} INFO - Filling up the DagBag from /opt/airflow/dags/flight_fare_stages_2_to_7_dag.py
[2026-03-01T12:15:05.153+0000] {processor.py:925} INFO - DAG(s) 'flight_fare_stages_2_to_7' retrieved from /opt/airflow/dags/flight_fare_stages_2_to_7_dag.py
[2026-03-01T12:15:05.336+0000] {logging_mixin.py:190} INFO - [2026-03-01T12:15:05.334+0000] {dag.py:3239} INFO - Sync 1 DAGs
[2026-03-01T12:15:05.473+0000] {logging_mixin.py:190} INFO - [2026-03-01T12:15:05.473+0000] {dag.py:4180} INFO - Setting next_dagrun for flight_fare_stages_2_to_7 to None, run_after=None
[2026-03-01T12:15:05.551+0000] {processor.py:208} INFO - Processing /opt/airflow/dags/flight_fare_stages_2_to_7_dag.py took 14.728 seconds
[2026-03-01T12:15:35.876+0000] {processor.py:186} INFO - Started process (PID=209) to work on /opt/airflow/dags/flight_fare_stages_2_to_7_dag.py
[2026-03-01T12:15:35.879+0000] {processor.py:914} INFO - Processing file /opt/airflow/dags/flight_fare_stages_2_to_7_dag.py for tasks to queue
[2026-03-01T12:15:36.019+0000] {logging_mixin.py:190} INFO - [2026-03-01T12:15:35.989+0000] {dagbag.py:588} INFO - Filling up the DagBag from /opt/airflow/dags/flight_fare_stages_2_to_7_dag.py
[2026-03-01T12:15:38.462+0000] {processor.py:925} INFO - DAG(s) 'flight_fare_stages_2_to_7' retrieved from /opt/airflow/dags/flight_fare_stages_2_to_7_dag.py
[2026-03-01T12:15:38.500+0000] {logging_mixin.py:190} INFO - [2026-03-01T12:15:38.500+0000] {dag.py:3239} INFO - Sync 1 DAGs
[2026-03-01T12:15:38.523+0000] {logging_mixin.py:190} INFO - [2026-03-01T12:15:38.522+0000] {dag.py:4180} INFO - Setting next_dagrun for flight_fare_stages_2_to_7 to None, run_after=None
[2026-03-01T12:15:38.555+0000] {processor.py:208} INFO - Processing /opt/airflow/dags/flight_fare_stages_2_to_7_dag.py took 2.710 seconds
[2026-03-01T12:16:08.887+0000] {processor.py:186} INFO - Started process (PID=223) to work on /opt/airflow/dags/flight_fare_stages_2_to_7_dag.py
[2026-03-01T12:16:08.889+0000] {processor.py:914} INFO - Processing file /opt/airflow/dags/flight_fare_stages_2_to_7_dag.py for tasks to queue
[2026-03-01T12:16:08.892+0000] {logging_mixin.py:190} INFO - [2026-03-01T12:16:08.892+0000] {dagbag.py:588} INFO - Filling up the DagBag from /opt/airflow/dags/flight_fare_stages_2_to_7_dag.py
[2026-03-01T12:16:10.853+0000] {processor.py:925} INFO - DAG(s) 'flight_fare_stages_2_to_7' retrieved from /opt/airflow/dags/flight_fare_stages_2_to_7_dag.py
[2026-03-01T12:16:10.914+0000] {logging_mixin.py:190} INFO - [2026-03-01T12:16:10.914+0000] {dag.py:3239} INFO - Sync 1 DAGs
[2026-03-01T12:16:10.956+0000] {logging_mixin.py:190} INFO - [2026-03-01T12:16:10.955+0000] {dag.py:4180} INFO - Setting next_dagrun for flight_fare_stages_2_to_7 to None, run_after=None
[2026-03-01T12:16:10.994+0000] {processor.py:208} INFO - Processing /opt/airflow/dags/flight_fare_stages_2_to_7_dag.py took 2.118 seconds
[2026-03-01T12:16:41.367+0000] {processor.py:186} INFO - Started process (PID=237) to work on /opt/airflow/dags/flight_fare_stages_2_to_7_dag.py
[2026-03-01T12:16:41.368+0000] {processor.py:914} INFO - Processing file /opt/airflow/dags/flight_fare_stages_2_to_7_dag.py for tasks to queue
[2026-03-01T12:16:41.371+0000] {logging_mixin.py:190} INFO - [2026-03-01T12:16:41.370+0000] {dagbag.py:588} INFO - Filling up the DagBag from /opt/airflow/dags/flight_fare_stages_2_to_7_dag.py
[2026-03-01T12:16:43.429+0000] {processor.py:925} INFO - DAG(s) 'flight_fare_stages_2_to_7' retrieved from /opt/airflow/dags/flight_fare_stages_2_to_7_dag.py
[2026-03-01T12:16:43.460+0000] {logging_mixin.py:190} INFO - [2026-03-01T12:16:43.459+0000] {dag.py:3239} INFO - Sync 1 DAGs
[2026-03-01T12:16:43.473+0000] {logging_mixin.py:190} INFO - [2026-03-01T12:16:43.472+0000] {dag.py:4180} INFO - Setting next_dagrun for flight_fare_stages_2_to_7 to None, run_after=None
[2026-03-01T12:16:43.497+0000] {processor.py:208} INFO - Processing /opt/airflow/dags/flight_fare_stages_2_to_7_dag.py took 2.144 seconds
[2026-03-01T12:17:13.767+0000] {processor.py:186} INFO - Started process (PID=251) to work on /opt/airflow/dags/flight_fare_stages_2_to_7_dag.py
[2026-03-01T12:17:13.769+0000] {processor.py:914} INFO - Processing file /opt/airflow/dags/flight_fare_stages_2_to_7_dag.py for tasks to queue
[2026-03-01T12:17:13.773+0000] {logging_mixin.py:190} INFO - [2026-03-01T12:17:13.773+0000] {dagbag.py:588} INFO - Filling up the DagBag from /opt/airflow/dags/flight_fare_stages_2_to_7_dag.py
[2026-03-01T12:17:19.695+0000] {processor.py:925} INFO - DAG(s) 'flight_fare_stages_2_to_7' retrieved from /opt/airflow/dags/flight_fare_stages_2_to_7_dag.py
[2026-03-01T12:17:19.779+0000] {logging_mixin.py:190} INFO - [2026-03-01T12:17:19.778+0000] {dag.py:3239} INFO - Sync 1 DAGs
[2026-03-01T12:17:19.819+0000] {logging_mixin.py:190} INFO - [2026-03-01T12:17:19.819+0000] {dag.py:4180} INFO - Setting next_dagrun for flight_fare_stages_2_to_7 to None, run_after=None
[2026-03-01T12:17:19.854+0000] {processor.py:208} INFO - Processing /opt/airflow/dags/flight_fare_stages_2_to_7_dag.py took 6.096 seconds
[2026-03-01T12:17:50.277+0000] {processor.py:186} INFO - Started process (PID=265) to work on /opt/airflow/dags/flight_fare_stages_2_to_7_dag.py
[2026-03-01T12:17:50.279+0000] {processor.py:914} INFO - Processing file /opt/airflow/dags/flight_fare_stages_2_to_7_dag.py for tasks to queue
[2026-03-01T12:17:50.282+0000] {logging_mixin.py:190} INFO - [2026-03-01T12:17:50.281+0000] {dagbag.py:588} INFO - Filling up the DagBag from /opt/airflow/dags/flight_fare_stages_2_to_7_dag.py
[2026-03-01T12:17:53.394+0000] {processor.py:925} INFO - DAG(s) 'flight_fare_stages_2_to_7' retrieved from /opt/airflow/dags/flight_fare_stages_2_to_7_dag.py
[2026-03-01T12:17:53.446+0000] {logging_mixin.py:190} INFO - [2026-03-01T12:17:53.445+0000] {dag.py:3239} INFO - Sync 1 DAGs
[2026-03-01T12:17:53.481+0000] {logging_mixin.py:190} INFO - [2026-03-01T12:17:53.481+0000] {dag.py:4180} INFO - Setting next_dagrun for flight_fare_stages_2_to_7 to None, run_after=None
[2026-03-01T12:17:53.532+0000] {processor.py:208} INFO - Processing /opt/airflow/dags/flight_fare_stages_2_to_7_dag.py took 3.263 seconds
[2026-03-01T12:18:23.835+0000] {processor.py:186} INFO - Started process (PID=279) to work on /opt/airflow/dags/flight_fare_stages_2_to_7_dag.py
[2026-03-01T12:18:23.837+0000] {processor.py:914} INFO - Processing file /opt/airflow/dags/flight_fare_stages_2_to_7_dag.py for tasks to queue
[2026-03-01T12:18:23.841+0000] {logging_mixin.py:190} INFO - [2026-03-01T12:18:23.840+0000] {dagbag.py:588} INFO - Filling up the DagBag from /opt/airflow/dags/flight_fare_stages_2_to_7_dag.py
[2026-03-01T12:18:25.744+0000] {processor.py:925} INFO - DAG(s) 'flight_fare_stages_2_to_7' retrieved from /opt/airflow/dags/flight_fare_stages_2_to_7_dag.py
[2026-03-01T12:18:25.773+0000] {logging_mixin.py:190} INFO - [2026-03-01T12:18:25.773+0000] {dag.py:3239} INFO - Sync 1 DAGs
[2026-03-01T12:18:25.787+0000] {logging_mixin.py:190} INFO - [2026-03-01T12:18:25.786+0000] {dag.py:4180} INFO - Setting next_dagrun for flight_fare_stages_2_to_7 to None, run_after=None
[2026-03-01T12:18:25.820+0000] {processor.py:208} INFO - Processing /opt/airflow/dags/flight_fare_stages_2_to_7_dag.py took 1.994 seconds
[2026-03-01T12:18:56.298+0000] {processor.py:186} INFO - Started process (PID=303) to work on /opt/airflow/dags/flight_fare_stages_2_to_7_dag.py
[2026-03-01T12:18:56.313+0000] {processor.py:914} INFO - Processing file /opt/airflow/dags/flight_fare_stages_2_to_7_dag.py for tasks to queue
[2026-03-01T12:18:56.333+0000] {logging_mixin.py:190} INFO - [2026-03-01T12:18:56.332+0000] {dagbag.py:588} INFO - Filling up the DagBag from /opt/airflow/dags/flight_fare_stages_2_to_7_dag.py
[2026-03-01T12:19:04.610+0000] {processor.py:925} INFO - DAG(s) 'flight_fare_stages_2_to_7' retrieved from /opt/airflow/dags/flight_fare_stages_2_to_7_dag.py
[2026-03-01T12:19:04.662+0000] {logging_mixin.py:190} INFO - [2026-03-01T12:19:04.661+0000] {dag.py:3239} INFO - Sync 1 DAGs
[2026-03-01T12:19:04.686+0000] {logging_mixin.py:190} INFO - [2026-03-01T12:19:04.686+0000] {dag.py:4180} INFO - Setting next_dagrun for flight_fare_stages_2_to_7 to None, run_after=None
[2026-03-01T12:19:04.724+0000] {processor.py:208} INFO - Processing /opt/airflow/dags/flight_fare_stages_2_to_7_dag.py took 8.491 seconds
[2026-03-01T12:19:35.145+0000] {processor.py:186} INFO - Started process (PID=319) to work on /opt/airflow/dags/flight_fare_stages_2_to_7_dag.py
[2026-03-01T12:19:35.148+0000] {processor.py:914} INFO - Processing file /opt/airflow/dags/flight_fare_stages_2_to_7_dag.py for tasks to queue
[2026-03-01T12:19:35.155+0000] {logging_mixin.py:190} INFO - [2026-03-01T12:19:35.154+0000] {dagbag.py:588} INFO - Filling up the DagBag from /opt/airflow/dags/flight_fare_stages_2_to_7_dag.py
[2026-03-01T12:19:38.184+0000] {processor.py:925} INFO - DAG(s) 'flight_fare_stages_2_to_7' retrieved from /opt/airflow/dags/flight_fare_stages_2_to_7_dag.py
[2026-03-01T12:19:38.232+0000] {logging_mixin.py:190} INFO - [2026-03-01T12:19:38.231+0000] {dag.py:3239} INFO - Sync 1 DAGs
[2026-03-01T12:19:38.259+0000] {logging_mixin.py:190} INFO - [2026-03-01T12:19:38.258+0000] {dag.py:4180} INFO - Setting next_dagrun for flight_fare_stages_2_to_7 to None, run_after=None
[2026-03-01T12:19:38.501+0000] {processor.py:208} INFO - Processing /opt/airflow/dags/flight_fare_stages_2_to_7_dag.py took 3.368 seconds
[2026-03-01T12:20:08.842+0000] {processor.py:186} INFO - Started process (PID=333) to work on /opt/airflow/dags/flight_fare_stages_2_to_7_dag.py
[2026-03-01T12:20:08.844+0000] {processor.py:914} INFO - Processing file /opt/airflow/dags/flight_fare_stages_2_to_7_dag.py for tasks to queue
[2026-03-01T12:20:08.848+0000] {logging_mixin.py:190} INFO - [2026-03-01T12:20:08.848+0000] {dagbag.py:588} INFO - Filling up the DagBag from /opt/airflow/dags/flight_fare_stages_2_to_7_dag.py
[2026-03-01T12:20:11.877+0000] {processor.py:925} INFO - DAG(s) 'flight_fare_stages_2_to_7' retrieved from /opt/airflow/dags/flight_fare_stages_2_to_7_dag.py
[2026-03-01T12:20:11.915+0000] {logging_mixin.py:190} INFO - [2026-03-01T12:20:11.914+0000] {dag.py:3239} INFO - Sync 1 DAGs
[2026-03-01T12:20:11.937+0000] {logging_mixin.py:190} INFO - [2026-03-01T12:20:11.936+0000] {dag.py:4180} INFO - Setting next_dagrun for flight_fare_stages_2_to_7 to None, run_after=None
[2026-03-01T12:20:11.972+0000] {processor.py:208} INFO - Processing /opt/airflow/dags/flight_fare_stages_2_to_7_dag.py took 3.147 seconds
[2026-03-01T12:20:42.238+0000] {processor.py:186} INFO - Started process (PID=347) to work on /opt/airflow/dags/flight_fare_stages_2_to_7_dag.py
[2026-03-01T12:20:42.241+0000] {processor.py:914} INFO - Processing file /opt/airflow/dags/flight_fare_stages_2_to_7_dag.py for tasks to queue
[2026-03-01T12:20:42.245+0000] {logging_mixin.py:190} INFO - [2026-03-01T12:20:42.244+0000] {dagbag.py:588} INFO - Filling up the DagBag from /opt/airflow/dags/flight_fare_stages_2_to_7_dag.py
[2026-03-01T12:20:46.462+0000] {processor.py:925} INFO - DAG(s) 'flight_fare_stages_2_to_7' retrieved from /opt/airflow/dags/flight_fare_stages_2_to_7_dag.py
[2026-03-01T12:20:46.513+0000] {logging_mixin.py:190} INFO - [2026-03-01T12:20:46.512+0000] {dag.py:3239} INFO - Sync 1 DAGs
[2026-03-01T12:20:46.532+0000] {logging_mixin.py:190} INFO - [2026-03-01T12:20:46.531+0000] {dag.py:4180} INFO - Setting next_dagrun for flight_fare_stages_2_to_7 to None, run_after=None
[2026-03-01T12:20:46.559+0000] {processor.py:208} INFO - Processing /opt/airflow/dags/flight_fare_stages_2_to_7_dag.py took 4.338 seconds
[2026-03-01T12:20:57.607+0000] {processor.py:186} INFO - Started process (PID=361) to work on /opt/airflow/dags/flight_fare_stages_2_to_7_dag.py
[2026-03-01T12:20:57.611+0000] {processor.py:914} INFO - Processing file /opt/airflow/dags/flight_fare_stages_2_to_7_dag.py for tasks to queue
[2026-03-01T12:20:57.620+0000] {logging_mixin.py:190} INFO - [2026-03-01T12:20:57.618+0000] {dagbag.py:588} INFO - Filling up the DagBag from /opt/airflow/dags/flight_fare_stages_2_to_7_dag.py
[2026-03-01T12:21:02.623+0000] {processor.py:925} INFO - DAG(s) 'flight_fare_stages_2_to_7' retrieved from /opt/airflow/dags/flight_fare_stages_2_to_7_dag.py
[2026-03-01T12:21:02.667+0000] {logging_mixin.py:190} INFO - [2026-03-01T12:21:02.666+0000] {dag.py:3239} INFO - Sync 1 DAGs
[2026-03-01T12:21:02.695+0000] {logging_mixin.py:190} INFO - [2026-03-01T12:21:02.694+0000] {dag.py:4180} INFO - Setting next_dagrun for flight_fare_stages_2_to_7 to None, run_after=None
[2026-03-01T12:21:02.899+0000] {processor.py:208} INFO - Processing /opt/airflow/dags/flight_fare_stages_2_to_7_dag.py took 5.317 seconds
[2026-03-01T12:21:33.189+0000] {processor.py:186} INFO - Started process (PID=408) to work on /opt/airflow/dags/flight_fare_stages_2_to_7_dag.py
[2026-03-01T12:21:33.192+0000] {processor.py:914} INFO - Processing file /opt/airflow/dags/flight_fare_stages_2_to_7_dag.py for tasks to queue
[2026-03-01T12:21:33.201+0000] {logging_mixin.py:190} INFO - [2026-03-01T12:21:33.199+0000] {dagbag.py:588} INFO - Filling up the DagBag from /opt/airflow/dags/flight_fare_stages_2_to_7_dag.py
[2026-03-01T12:21:36.898+0000] {processor.py:925} INFO - DAG(s) 'flight_fare_stages_2_to_7' retrieved from /opt/airflow/dags/flight_fare_stages_2_to_7_dag.py
[2026-03-01T12:21:36.942+0000] {logging_mixin.py:190} INFO - [2026-03-01T12:21:36.942+0000] {dag.py:3239} INFO - Sync 1 DAGs
[2026-03-01T12:21:36.965+0000] {logging_mixin.py:190} INFO - [2026-03-01T12:21:36.964+0000] {dag.py:4180} INFO - Setting next_dagrun for flight_fare_stages_2_to_7 to None, run_after=None
[2026-03-01T12:21:36.998+0000] {processor.py:208} INFO - Processing /opt/airflow/dags/flight_fare_stages_2_to_7_dag.py took 3.825 seconds
[2026-03-01T12:22:07.735+0000] {processor.py:186} INFO - Started process (PID=535) to work on /opt/airflow/dags/flight_fare_stages_2_to_7_dag.py
[2026-03-01T12:22:07.754+0000] {processor.py:914} INFO - Processing file /opt/airflow/dags/flight_fare_stages_2_to_7_dag.py for tasks to queue
[2026-03-01T12:22:07.777+0000] {logging_mixin.py:190} INFO - [2026-03-01T12:22:07.776+0000] {dagbag.py:588} INFO - Filling up the DagBag from /opt/airflow/dags/flight_fare_stages_2_to_7_dag.py
[2026-03-01T12:22:21.400+0000] {processor.py:925} INFO - DAG(s) 'flight_fare_stages_2_to_7' retrieved from /opt/airflow/dags/flight_fare_stages_2_to_7_dag.py
[2026-03-01T12:22:21.756+0000] {logging_mixin.py:190} INFO - [2026-03-01T12:22:21.736+0000] {dag.py:3239} INFO - Sync 1 DAGs
[2026-03-01T12:22:22.022+0000] {logging_mixin.py:190} INFO - [2026-03-01T12:22:22.008+0000] {dag.py:4180} INFO - Setting next_dagrun for flight_fare_stages_2_to_7 to None, run_after=None
[2026-03-01T12:22:22.835+0000] {processor.py:208} INFO - Processing /opt/airflow/dags/flight_fare_stages_2_to_7_dag.py took 15.200 seconds
[2026-03-01T12:22:54.358+0000] {processor.py:186} INFO - Started process (PID=549) to work on /opt/airflow/dags/flight_fare_stages_2_to_7_dag.py
[2026-03-01T12:22:54.408+0000] {processor.py:914} INFO - Processing file /opt/airflow/dags/flight_fare_stages_2_to_7_dag.py for tasks to queue
[2026-03-01T12:22:54.426+0000] {logging_mixin.py:190} INFO - [2026-03-01T12:22:54.425+0000] {dagbag.py:588} INFO - Filling up the DagBag from /opt/airflow/dags/flight_fare_stages_2_to_7_dag.py
[2026-03-01T12:23:03.530+0000] {processor.py:925} INFO - DAG(s) 'flight_fare_stages_2_to_7' retrieved from /opt/airflow/dags/flight_fare_stages_2_to_7_dag.py
[2026-03-01T12:23:03.744+0000] {logging_mixin.py:190} INFO - [2026-03-01T12:23:03.743+0000] {dag.py:3239} INFO - Sync 1 DAGs
[2026-03-01T12:23:03.819+0000] {logging_mixin.py:190} INFO - [2026-03-01T12:23:03.818+0000] {dag.py:4180} INFO - Setting next_dagrun for flight_fare_stages_2_to_7 to None, run_after=None
[2026-03-01T12:23:03.950+0000] {processor.py:208} INFO - Processing /opt/airflow/dags/flight_fare_stages_2_to_7_dag.py took 9.641 seconds
[2026-03-01T12:23:35.007+0000] {processor.py:186} INFO - Started process (PID=563) to work on /opt/airflow/dags/flight_fare_stages_2_to_7_dag.py
[2026-03-01T12:23:35.014+0000] {processor.py:914} INFO - Processing file /opt/airflow/dags/flight_fare_stages_2_to_7_dag.py for tasks to queue
[2026-03-01T12:23:35.027+0000] {logging_mixin.py:190} INFO - [2026-03-01T12:23:35.026+0000] {dagbag.py:588} INFO - Filling up the DagBag from /opt/airflow/dags/flight_fare_stages_2_to_7_dag.py
[2026-03-01T12:23:43.774+0000] {processor.py:925} INFO - DAG(s) 'flight_fare_stages_2_to_7' retrieved from /opt/airflow/dags/flight_fare_stages_2_to_7_dag.py
[2026-03-01T12:23:43.957+0000] {logging_mixin.py:190} INFO - [2026-03-01T12:23:43.955+0000] {dag.py:3239} INFO - Sync 1 DAGs
[2026-03-01T12:23:44.504+0000] {logging_mixin.py:190} INFO - [2026-03-01T12:23:44.503+0000] {dag.py:4180} INFO - Setting next_dagrun for flight_fare_stages_2_to_7 to None, run_after=None
[2026-03-01T12:23:44.789+0000] {processor.py:208} INFO - Processing /opt/airflow/dags/flight_fare_stages_2_to_7_dag.py took 9.829 seconds
[2026-03-01T12:24:15.124+0000] {processor.py:186} INFO - Started process (PID=577) to work on /opt/airflow/dags/flight_fare_stages_2_to_7_dag.py
[2026-03-01T12:24:15.129+0000] {processor.py:914} INFO - Processing file /opt/airflow/dags/flight_fare_stages_2_to_7_dag.py for tasks to queue
[2026-03-01T12:24:15.139+0000] {logging_mixin.py:190} INFO - [2026-03-01T12:24:15.138+0000] {dagbag.py:588} INFO - Filling up the DagBag from /opt/airflow/dags/flight_fare_stages_2_to_7_dag.py
[2026-03-01T12:24:23.590+0000] {processor.py:925} INFO - DAG(s) 'flight_fare_stages_2_to_7' retrieved from /opt/airflow/dags/flight_fare_stages_2_to_7_dag.py
[2026-03-01T12:24:23.827+0000] {logging_mixin.py:190} INFO - [2026-03-01T12:24:23.826+0000] {dag.py:3239} INFO - Sync 1 DAGs
[2026-03-01T12:24:23.886+0000] {logging_mixin.py:190} INFO - [2026-03-01T12:24:23.886+0000] {dag.py:4180} INFO - Setting next_dagrun for flight_fare_stages_2_to_7 to None, run_after=None
[2026-03-01T12:24:23.987+0000] {processor.py:208} INFO - Processing /opt/airflow/dags/flight_fare_stages_2_to_7_dag.py took 8.917 seconds
[2026-03-01T12:24:55.006+0000] {processor.py:186} INFO - Started process (PID=591) to work on /opt/airflow/dags/flight_fare_stages_2_to_7_dag.py
[2026-03-01T12:24:55.014+0000] {processor.py:914} INFO - Processing file /opt/airflow/dags/flight_fare_stages_2_to_7_dag.py for tasks to queue
[2026-03-01T12:24:55.026+0000] {logging_mixin.py:190} INFO - [2026-03-01T12:24:55.025+0000] {dagbag.py:588} INFO - Filling up the DagBag from /opt/airflow/dags/flight_fare_stages_2_to_7_dag.py
[2026-03-01T12:25:02.471+0000] {processor.py:925} INFO - DAG(s) 'flight_fare_stages_2_to_7' retrieved from /opt/airflow/dags/flight_fare_stages_2_to_7_dag.py
[2026-03-01T12:25:02.555+0000] {logging_mixin.py:190} INFO - [2026-03-01T12:25:02.554+0000] {dag.py:3239} INFO - Sync 1 DAGs
[2026-03-01T12:25:02.607+0000] {logging_mixin.py:190} INFO - [2026-03-01T12:25:02.606+0000] {dag.py:4180} INFO - Setting next_dagrun for flight_fare_stages_2_to_7 to None, run_after=None
[2026-03-01T12:25:03.049+0000] {processor.py:208} INFO - Processing /opt/airflow/dags/flight_fare_stages_2_to_7_dag.py took 8.079 seconds
[2026-03-01T12:25:33.781+0000] {processor.py:186} INFO - Started process (PID=605) to work on /opt/airflow/dags/flight_fare_stages_2_to_7_dag.py
[2026-03-01T12:25:33.789+0000] {processor.py:914} INFO - Processing file /opt/airflow/dags/flight_fare_stages_2_to_7_dag.py for tasks to queue
[2026-03-01T12:25:33.798+0000] {logging_mixin.py:190} INFO - [2026-03-01T12:25:33.798+0000] {dagbag.py:588} INFO - Filling up the DagBag from /opt/airflow/dags/flight_fare_stages_2_to_7_dag.py
[2026-03-01T12:25:41.941+0000] {processor.py:925} INFO - DAG(s) 'flight_fare_stages_2_to_7' retrieved from /opt/airflow/dags/flight_fare_stages_2_to_7_dag.py
[2026-03-01T12:25:42.169+0000] {logging_mixin.py:190} INFO - [2026-03-01T12:25:42.168+0000] {dag.py:3239} INFO - Sync 1 DAGs
[2026-03-01T12:25:42.223+0000] {logging_mixin.py:190} INFO - [2026-03-01T12:25:42.223+0000] {dag.py:4180} INFO - Setting next_dagrun for flight_fare_stages_2_to_7 to None, run_after=None
[2026-03-01T12:25:42.423+0000] {processor.py:208} INFO - Processing /opt/airflow/dags/flight_fare_stages_2_to_7_dag.py took 8.669 seconds
[2026-03-01T12:26:13.229+0000] {processor.py:186} INFO - Started process (PID=619) to work on /opt/airflow/dags/flight_fare_stages_2_to_7_dag.py
[2026-03-01T12:26:13.236+0000] {processor.py:914} INFO - Processing file /opt/airflow/dags/flight_fare_stages_2_to_7_dag.py for tasks to queue
[2026-03-01T12:26:13.244+0000] {logging_mixin.py:190} INFO - [2026-03-01T12:26:13.243+0000] {dagbag.py:588} INFO - Filling up the DagBag from /opt/airflow/dags/flight_fare_stages_2_to_7_dag.py
[2026-03-01T12:26:20.755+0000] {processor.py:925} INFO - DAG(s) 'flight_fare_stages_2_to_7' retrieved from /opt/airflow/dags/flight_fare_stages_2_to_7_dag.py
[2026-03-01T12:26:20.865+0000] {logging_mixin.py:190} INFO - [2026-03-01T12:26:20.865+0000] {dag.py:3239} INFO - Sync 1 DAGs
[2026-03-01T12:26:20.919+0000] {logging_mixin.py:190} INFO - [2026-03-01T12:26:20.919+0000] {dag.py:4180} INFO - Setting next_dagrun for flight_fare_stages_2_to_7 to None, run_after=None
[2026-03-01T12:26:21.034+0000] {processor.py:208} INFO - Processing /opt/airflow/dags/flight_fare_stages_2_to_7_dag.py took 7.836 seconds
[2026-03-01T12:26:52.117+0000] {processor.py:186} INFO - Started process (PID=633) to work on /opt/airflow/dags/flight_fare_stages_2_to_7_dag.py
[2026-03-01T12:26:52.124+0000] {processor.py:914} INFO - Processing file /opt/airflow/dags/flight_fare_stages_2_to_7_dag.py for tasks to queue
[2026-03-01T12:26:52.133+0000] {logging_mixin.py:190} INFO - [2026-03-01T12:26:52.132+0000] {dagbag.py:588} INFO - Filling up the DagBag from /opt/airflow/dags/flight_fare_stages_2_to_7_dag.py
[2026-03-01T12:27:00.517+0000] {processor.py:925} INFO - DAG(s) 'flight_fare_stages_2_to_7' retrieved from /opt/airflow/dags/flight_fare_stages_2_to_7_dag.py
[2026-03-01T12:27:00.610+0000] {logging_mixin.py:190} INFO - [2026-03-01T12:27:00.609+0000] {dag.py:3239} INFO - Sync 1 DAGs
[2026-03-01T12:27:00.632+0000] {logging_mixin.py:190} INFO - [2026-03-01T12:27:00.632+0000] {dag.py:4180} INFO - Setting next_dagrun for flight_fare_stages_2_to_7 to None, run_after=None
[2026-03-01T12:27:00.692+0000] {processor.py:208} INFO - Processing /opt/airflow/dags/flight_fare_stages_2_to_7_dag.py took 8.601 seconds
[2026-03-01T12:27:31.359+0000] {processor.py:186} INFO - Started process (PID=647) to work on /opt/airflow/dags/flight_fare_stages_2_to_7_dag.py
[2026-03-01T12:27:31.361+0000] {processor.py:914} INFO - Processing file /opt/airflow/dags/flight_fare_stages_2_to_7_dag.py for tasks to queue
[2026-03-01T12:27:31.372+0000] {logging_mixin.py:190} INFO - [2026-03-01T12:27:31.371+0000] {dagbag.py:588} INFO - Filling up the DagBag from /opt/airflow/dags/flight_fare_stages_2_to_7_dag.py
[2026-03-01T12:27:38.283+0000] {processor.py:925} INFO - DAG(s) 'flight_fare_stages_2_to_7' retrieved from /opt/airflow/dags/flight_fare_stages_2_to_7_dag.py
[2026-03-01T12:27:38.426+0000] {logging_mixin.py:190} INFO - [2026-03-01T12:27:38.425+0000] {dag.py:3239} INFO - Sync 1 DAGs
[2026-03-01T12:27:38.481+0000] {logging_mixin.py:190} INFO - [2026-03-01T12:27:38.481+0000] {dag.py:4180} INFO - Setting next_dagrun for flight_fare_stages_2_to_7 to None, run_after=None
[2026-03-01T12:27:39.052+0000] {processor.py:208} INFO - Processing /opt/airflow/dags/flight_fare_stages_2_to_7_dag.py took 7.729 seconds
[2026-03-01T12:28:09.384+0000] {processor.py:186} INFO - Started process (PID=661) to work on /opt/airflow/dags/flight_fare_stages_2_to_7_dag.py
[2026-03-01T12:28:09.392+0000] {processor.py:914} INFO - Processing file /opt/airflow/dags/flight_fare_stages_2_to_7_dag.py for tasks to queue
[2026-03-01T12:28:09.402+0000] {logging_mixin.py:190} INFO - [2026-03-01T12:28:09.401+0000] {dagbag.py:588} INFO - Filling up the DagBag from /opt/airflow/dags/flight_fare_stages_2_to_7_dag.py
[2026-03-01T12:28:19.870+0000] {processor.py:925} INFO - DAG(s) 'flight_fare_stages_2_to_7' retrieved from /opt/airflow/dags/flight_fare_stages_2_to_7_dag.py
[2026-03-01T12:28:20.125+0000] {logging_mixin.py:190} INFO - [2026-03-01T12:28:20.124+0000] {dag.py:3239} INFO - Sync 1 DAGs
[2026-03-01T12:28:20.896+0000] {logging_mixin.py:190} INFO - [2026-03-01T12:28:20.895+0000] {dag.py:4180} INFO - Setting next_dagrun for flight_fare_stages_2_to_7 to None, run_after=None
[2026-03-01T12:28:21.066+0000] {processor.py:208} INFO - Processing /opt/airflow/dags/flight_fare_stages_2_to_7_dag.py took 11.709 seconds
[2026-03-01T12:28:52.069+0000] {processor.py:186} INFO - Started process (PID=675) to work on /opt/airflow/dags/flight_fare_stages_2_to_7_dag.py
[2026-03-01T12:28:52.080+0000] {processor.py:914} INFO - Processing file /opt/airflow/dags/flight_fare_stages_2_to_7_dag.py for tasks to queue
[2026-03-01T12:28:52.085+0000] {logging_mixin.py:190} INFO - [2026-03-01T12:28:52.085+0000] {dagbag.py:588} INFO - Filling up the DagBag from /opt/airflow/dags/flight_fare_stages_2_to_7_dag.py
[2026-03-01T12:28:59.840+0000] {processor.py:925} INFO - DAG(s) 'flight_fare_stages_2_to_7' retrieved from /opt/airflow/dags/flight_fare_stages_2_to_7_dag.py
[2026-03-01T12:29:00.090+0000] {logging_mixin.py:190} INFO - [2026-03-01T12:29:00.089+0000] {dag.py:3239} INFO - Sync 1 DAGs
[2026-03-01T12:29:00.188+0000] {logging_mixin.py:190} INFO - [2026-03-01T12:29:00.188+0000] {dag.py:4180} INFO - Setting next_dagrun for flight_fare_stages_2_to_7 to None, run_after=None
[2026-03-01T12:29:00.287+0000] {processor.py:208} INFO - Processing /opt/airflow/dags/flight_fare_stages_2_to_7_dag.py took 8.287 seconds
[2026-03-01T12:29:31.167+0000] {processor.py:186} INFO - Started process (PID=689) to work on /opt/airflow/dags/flight_fare_stages_2_to_7_dag.py
[2026-03-01T12:29:31.175+0000] {processor.py:914} INFO - Processing file /opt/airflow/dags/flight_fare_stages_2_to_7_dag.py for tasks to queue
[2026-03-01T12:29:31.187+0000] {logging_mixin.py:190} INFO - [2026-03-01T12:29:31.187+0000] {dagbag.py:588} INFO - Filling up the DagBag from /opt/airflow/dags/flight_fare_stages_2_to_7_dag.py
[2026-03-01T12:29:39.185+0000] {processor.py:925} INFO - DAG(s) 'flight_fare_stages_2_to_7' retrieved from /opt/airflow/dags/flight_fare_stages_2_to_7_dag.py
[2026-03-01T12:29:39.369+0000] {logging_mixin.py:190} INFO - [2026-03-01T12:29:39.368+0000] {dag.py:3239} INFO - Sync 1 DAGs
[2026-03-01T12:29:39.486+0000] {logging_mixin.py:190} INFO - [2026-03-01T12:29:39.486+0000] {dag.py:4180} INFO - Setting next_dagrun for flight_fare_stages_2_to_7 to None, run_after=None
[2026-03-01T12:29:39.635+0000] {processor.py:208} INFO - Processing /opt/airflow/dags/flight_fare_stages_2_to_7_dag.py took 8.499 seconds
[2026-03-01T12:30:10.570+0000] {processor.py:186} INFO - Started process (PID=703) to work on /opt/airflow/dags/flight_fare_stages_2_to_7_dag.py
[2026-03-01T12:30:10.574+0000] {processor.py:914} INFO - Processing file /opt/airflow/dags/flight_fare_stages_2_to_7_dag.py for tasks to queue
[2026-03-01T12:30:10.587+0000] {logging_mixin.py:190} INFO - [2026-03-01T12:30:10.586+0000] {dagbag.py:588} INFO - Filling up the DagBag from /opt/airflow/dags/flight_fare_stages_2_to_7_dag.py
[2026-03-01T12:30:17.792+0000] {processor.py:925} INFO - DAG(s) 'flight_fare_stages_2_to_7' retrieved from /opt/airflow/dags/flight_fare_stages_2_to_7_dag.py
[2026-03-01T12:30:17.892+0000] {logging_mixin.py:190} INFO - [2026-03-01T12:30:17.891+0000] {dag.py:3239} INFO - Sync 1 DAGs
[2026-03-01T12:30:17.933+0000] {logging_mixin.py:190} INFO - [2026-03-01T12:30:17.932+0000] {dag.py:4180} INFO - Setting next_dagrun for flight_fare_stages_2_to_7 to None, run_after=None
[2026-03-01T12:30:18.325+0000] {processor.py:208} INFO - Processing /opt/airflow/dags/flight_fare_stages_2_to_7_dag.py took 7.790 seconds
[2026-03-01T12:30:49.341+0000] {processor.py:186} INFO - Started process (PID=717) to work on /opt/airflow/dags/flight_fare_stages_2_to_7_dag.py
[2026-03-01T12:30:49.344+0000] {processor.py:914} INFO - Processing file /opt/airflow/dags/flight_fare_stages_2_to_7_dag.py for tasks to queue
[2026-03-01T12:30:49.378+0000] {logging_mixin.py:190} INFO - [2026-03-01T12:30:49.377+0000] {dagbag.py:588} INFO - Filling up the DagBag from /opt/airflow/dags/flight_fare_stages_2_to_7_dag.py
[2026-03-01T12:30:55.868+0000] {processor.py:925} INFO - DAG(s) 'flight_fare_stages_2_to_7' retrieved from /opt/airflow/dags/flight_fare_stages_2_to_7_dag.py
[2026-03-01T12:30:55.965+0000] {logging_mixin.py:190} INFO - [2026-03-01T12:30:55.960+0000] {dag.py:3239} INFO - Sync 1 DAGs
[2026-03-01T12:30:56.404+0000] {logging_mixin.py:190} INFO - [2026-03-01T12:30:56.403+0000] {dag.py:4180} INFO - Setting next_dagrun for flight_fare_stages_2_to_7 to None, run_after=None
[2026-03-01T12:30:56.673+0000] {processor.py:208} INFO - Processing /opt/airflow/dags/flight_fare_stages_2_to_7_dag.py took 7.387 seconds
[2026-03-01T12:31:27.837+0000] {processor.py:186} INFO - Started process (PID=731) to work on /opt/airflow/dags/flight_fare_stages_2_to_7_dag.py
[2026-03-01T12:31:27.839+0000] {processor.py:914} INFO - Processing file /opt/airflow/dags/flight_fare_stages_2_to_7_dag.py for tasks to queue
[2026-03-01T12:31:27.853+0000] {logging_mixin.py:190} INFO - [2026-03-01T12:31:27.853+0000] {dagbag.py:588} INFO - Filling up the DagBag from /opt/airflow/dags/flight_fare_stages_2_to_7_dag.py
[2026-03-01T12:31:34.690+0000] {processor.py:925} INFO - DAG(s) 'flight_fare_stages_2_to_7' retrieved from /opt/airflow/dags/flight_fare_stages_2_to_7_dag.py
[2026-03-01T12:31:34.805+0000] {logging_mixin.py:190} INFO - [2026-03-01T12:31:34.805+0000] {dag.py:3239} INFO - Sync 1 DAGs
[2026-03-01T12:31:34.869+0000] {logging_mixin.py:190} INFO - [2026-03-01T12:31:34.868+0000] {dag.py:4180} INFO - Setting next_dagrun for flight_fare_stages_2_to_7 to None, run_after=None
[2026-03-01T12:31:34.938+0000] {processor.py:208} INFO - Processing /opt/airflow/dags/flight_fare_stages_2_to_7_dag.py took 7.158 seconds
[2026-03-01T12:32:05.838+0000] {processor.py:186} INFO - Started process (PID=745) to work on /opt/airflow/dags/flight_fare_stages_2_to_7_dag.py
[2026-03-01T12:32:05.848+0000] {processor.py:914} INFO - Processing file /opt/airflow/dags/flight_fare_stages_2_to_7_dag.py for tasks to queue
[2026-03-01T12:32:05.852+0000] {logging_mixin.py:190} INFO - [2026-03-01T12:32:05.852+0000] {dagbag.py:588} INFO - Filling up the DagBag from /opt/airflow/dags/flight_fare_stages_2_to_7_dag.py
[2026-03-01T12:32:12.339+0000] {processor.py:925} INFO - DAG(s) 'flight_fare_stages_2_to_7' retrieved from /opt/airflow/dags/flight_fare_stages_2_to_7_dag.py
[2026-03-01T12:32:12.444+0000] {logging_mixin.py:190} INFO - [2026-03-01T12:32:12.443+0000] {dag.py:3239} INFO - Sync 1 DAGs
[2026-03-01T12:32:12.473+0000] {logging_mixin.py:190} INFO - [2026-03-01T12:32:12.473+0000] {dag.py:4180} INFO - Setting next_dagrun for flight_fare_stages_2_to_7 to None, run_after=None
[2026-03-01T12:32:12.614+0000] {processor.py:208} INFO - Processing /opt/airflow/dags/flight_fare_stages_2_to_7_dag.py took 6.812 seconds
[2026-03-01T12:32:43.502+0000] {processor.py:186} INFO - Started process (PID=759) to work on /opt/airflow/dags/flight_fare_stages_2_to_7_dag.py
[2026-03-01T12:32:43.504+0000] {processor.py:914} INFO - Processing file /opt/airflow/dags/flight_fare_stages_2_to_7_dag.py for tasks to queue
[2026-03-01T12:32:43.528+0000] {logging_mixin.py:190} INFO - [2026-03-01T12:32:43.522+0000] {dagbag.py:588} INFO - Filling up the DagBag from /opt/airflow/dags/flight_fare_stages_2_to_7_dag.py
[2026-03-01T12:32:50.932+0000] {processor.py:925} INFO - DAG(s) 'flight_fare_stages_2_to_7' retrieved from /opt/airflow/dags/flight_fare_stages_2_to_7_dag.py
[2026-03-01T12:32:51.019+0000] {logging_mixin.py:190} INFO - [2026-03-01T12:32:51.017+0000] {dag.py:3239} INFO - Sync 1 DAGs
[2026-03-01T12:32:51.084+0000] {logging_mixin.py:190} INFO - [2026-03-01T12:32:51.084+0000] {dag.py:4180} INFO - Setting next_dagrun for flight_fare_stages_2_to_7 to None, run_after=None
[2026-03-01T12:32:51.768+0000] {processor.py:208} INFO - Processing /opt/airflow/dags/flight_fare_stages_2_to_7_dag.py took 8.287 seconds
[2026-03-01T12:33:22.815+0000] {processor.py:186} INFO - Started process (PID=773) to work on /opt/airflow/dags/flight_fare_stages_2_to_7_dag.py
[2026-03-01T12:33:22.817+0000] {processor.py:914} INFO - Processing file /opt/airflow/dags/flight_fare_stages_2_to_7_dag.py for tasks to queue
[2026-03-01T12:33:22.836+0000] {logging_mixin.py:190} INFO - [2026-03-01T12:33:22.835+0000] {dagbag.py:588} INFO - Filling up the DagBag from /opt/airflow/dags/flight_fare_stages_2_to_7_dag.py
[2026-03-01T12:33:30.118+0000] {processor.py:925} INFO - DAG(s) 'flight_fare_stages_2_to_7' retrieved from /opt/airflow/dags/flight_fare_stages_2_to_7_dag.py
[2026-03-01T12:33:30.244+0000] {logging_mixin.py:190} INFO - [2026-03-01T12:33:30.243+0000] {dag.py:3239} INFO - Sync 1 DAGs
[2026-03-01T12:33:30.754+0000] {logging_mixin.py:190} INFO - [2026-03-01T12:33:30.753+0000] {dag.py:4180} INFO - Setting next_dagrun for flight_fare_stages_2_to_7 to None, run_after=None
[2026-03-01T12:33:30.918+0000] {processor.py:208} INFO - Processing /opt/airflow/dags/flight_fare_stages_2_to_7_dag.py took 8.174 seconds
[2026-03-01T12:34:01.710+0000] {processor.py:186} INFO - Started process (PID=787) to work on /opt/airflow/dags/flight_fare_stages_2_to_7_dag.py
[2026-03-01T12:34:01.717+0000] {processor.py:914} INFO - Processing file /opt/airflow/dags/flight_fare_stages_2_to_7_dag.py for tasks to queue
[2026-03-01T12:34:01.736+0000] {logging_mixin.py:190} INFO - [2026-03-01T12:34:01.727+0000] {dagbag.py:588} INFO - Filling up the DagBag from /opt/airflow/dags/flight_fare_stages_2_to_7_dag.py
[2026-03-01T12:34:09.928+0000] {processor.py:925} INFO - DAG(s) 'flight_fare_stages_2_to_7' retrieved from /opt/airflow/dags/flight_fare_stages_2_to_7_dag.py
[2026-03-01T12:34:10.045+0000] {logging_mixin.py:190} INFO - [2026-03-01T12:34:10.044+0000] {dag.py:3239} INFO - Sync 1 DAGs
[2026-03-01T12:34:10.086+0000] {logging_mixin.py:190} INFO - [2026-03-01T12:34:10.086+0000] {dag.py:4180} INFO - Setting next_dagrun for flight_fare_stages_2_to_7 to None, run_after=None
[2026-03-01T12:34:10.171+0000] {processor.py:208} INFO - Processing /opt/airflow/dags/flight_fare_stages_2_to_7_dag.py took 8.503 seconds
[2026-03-01T12:34:40.515+0000] {processor.py:186} INFO - Started process (PID=801) to work on /opt/airflow/dags/flight_fare_stages_2_to_7_dag.py
[2026-03-01T12:34:40.522+0000] {processor.py:914} INFO - Processing file /opt/airflow/dags/flight_fare_stages_2_to_7_dag.py for tasks to queue
[2026-03-01T12:34:40.531+0000] {logging_mixin.py:190} INFO - [2026-03-01T12:34:40.531+0000] {dagbag.py:588} INFO - Filling up the DagBag from /opt/airflow/dags/flight_fare_stages_2_to_7_dag.py
[2026-03-01T12:34:48.420+0000] {processor.py:925} INFO - DAG(s) 'flight_fare_stages_2_to_7' retrieved from /opt/airflow/dags/flight_fare_stages_2_to_7_dag.py
[2026-03-01T12:34:48.545+0000] {logging_mixin.py:190} INFO - [2026-03-01T12:34:48.544+0000] {dag.py:3239} INFO - Sync 1 DAGs
[2026-03-01T12:34:48.592+0000] {logging_mixin.py:190} INFO - [2026-03-01T12:34:48.591+0000] {dag.py:4180} INFO - Setting next_dagrun for flight_fare_stages_2_to_7 to None, run_after=None
[2026-03-01T12:34:48.654+0000] {processor.py:208} INFO - Processing /opt/airflow/dags/flight_fare_stages_2_to_7_dag.py took 8.162 seconds
[2026-03-01T12:35:19.725+0000] {processor.py:186} INFO - Started process (PID=815) to work on /opt/airflow/dags/flight_fare_stages_2_to_7_dag.py
[2026-03-01T12:35:19.730+0000] {processor.py:914} INFO - Processing file /opt/airflow/dags/flight_fare_stages_2_to_7_dag.py for tasks to queue
[2026-03-01T12:35:19.739+0000] {logging_mixin.py:190} INFO - [2026-03-01T12:35:19.737+0000] {dagbag.py:588} INFO - Filling up the DagBag from /opt/airflow/dags/flight_fare_stages_2_to_7_dag.py
[2026-03-01T12:35:38.066+0000] {processor.py:925} INFO - DAG(s) 'flight_fare_stages_2_to_7' retrieved from /opt/airflow/dags/flight_fare_stages_2_to_7_dag.py
[2026-03-01T12:35:38.454+0000] {logging_mixin.py:190} INFO - [2026-03-01T12:35:38.452+0000] {dag.py:3239} INFO - Sync 1 DAGs
[2026-03-01T12:35:38.633+0000] {logging_mixin.py:190} INFO - [2026-03-01T12:35:38.632+0000] {dag.py:4180} INFO - Setting next_dagrun for flight_fare_stages_2_to_7 to None, run_after=None
[2026-03-01T12:35:39.669+0000] {processor.py:208} INFO - Processing /opt/airflow/dags/flight_fare_stages_2_to_7_dag.py took 19.983 seconds
[2026-03-01T12:36:11.631+0000] {processor.py:186} INFO - Started process (PID=829) to work on /opt/airflow/dags/flight_fare_stages_2_to_7_dag.py
[2026-03-01T12:36:11.648+0000] {processor.py:914} INFO - Processing file /opt/airflow/dags/flight_fare_stages_2_to_7_dag.py for tasks to queue
[2026-03-01T12:36:11.746+0000] {logging_mixin.py:190} INFO - [2026-03-01T12:36:11.730+0000] {dagbag.py:588} INFO - Filling up the DagBag from /opt/airflow/dags/flight_fare_stages_2_to_7_dag.py
[2026-03-01T12:36:35.630+0000] {processor.py:925} INFO - DAG(s) 'flight_fare_stages_2_to_7' retrieved from /opt/airflow/dags/flight_fare_stages_2_to_7_dag.py
[2026-03-01T12:36:36.849+0000] {logging_mixin.py:190} INFO - [2026-03-01T12:36:36.848+0000] {dag.py:3239} INFO - Sync 1 DAGs
[2026-03-01T12:36:37.091+0000] {logging_mixin.py:190} INFO - [2026-03-01T12:36:37.090+0000] {dag.py:4180} INFO - Setting next_dagrun for flight_fare_stages_2_to_7 to None, run_after=None
[2026-03-01T12:36:37.410+0000] {processor.py:208} INFO - Processing /opt/airflow/dags/flight_fare_stages_2_to_7_dag.py took 25.934 seconds
[2026-03-01T12:37:08.283+0000] {processor.py:186} INFO - Started process (PID=843) to work on /opt/airflow/dags/flight_fare_stages_2_to_7_dag.py
[2026-03-01T12:37:08.320+0000] {processor.py:914} INFO - Processing file /opt/airflow/dags/flight_fare_stages_2_to_7_dag.py for tasks to queue
[2026-03-01T12:37:08.485+0000] {logging_mixin.py:190} INFO - [2026-03-01T12:37:08.452+0000] {dagbag.py:588} INFO - Filling up the DagBag from /opt/airflow/dags/flight_fare_stages_2_to_7_dag.py
[2026-03-01T12:37:17.691+0000] {processor.py:925} INFO - DAG(s) 'flight_fare_stages_2_to_7' retrieved from /opt/airflow/dags/flight_fare_stages_2_to_7_dag.py
[2026-03-01T12:37:17.980+0000] {logging_mixin.py:190} INFO - [2026-03-01T12:37:17.979+0000] {dag.py:3239} INFO - Sync 1 DAGs
[2026-03-01T12:37:18.043+0000] {logging_mixin.py:190} INFO - [2026-03-01T12:37:18.042+0000] {dag.py:4180} INFO - Setting next_dagrun for flight_fare_stages_2_to_7 to None, run_after=None
[2026-03-01T12:37:18.131+0000] {processor.py:208} INFO - Processing /opt/airflow/dags/flight_fare_stages_2_to_7_dag.py took 10.014 seconds
[2026-03-01T12:37:48.992+0000] {processor.py:186} INFO - Started process (PID=857) to work on /opt/airflow/dags/flight_fare_stages_2_to_7_dag.py
[2026-03-01T12:37:48.994+0000] {processor.py:914} INFO - Processing file /opt/airflow/dags/flight_fare_stages_2_to_7_dag.py for tasks to queue
[2026-03-01T12:37:49.003+0000] {logging_mixin.py:190} INFO - [2026-03-01T12:37:49.002+0000] {dagbag.py:588} INFO - Filling up the DagBag from /opt/airflow/dags/flight_fare_stages_2_to_7_dag.py
[2026-03-01T12:37:56.578+0000] {processor.py:925} INFO - DAG(s) 'flight_fare_stages_2_to_7' retrieved from /opt/airflow/dags/flight_fare_stages_2_to_7_dag.py
[2026-03-01T12:37:56.692+0000] {logging_mixin.py:190} INFO - [2026-03-01T12:37:56.690+0000] {dag.py:3239} INFO - Sync 1 DAGs
[2026-03-01T12:37:56.798+0000] {logging_mixin.py:190} INFO - [2026-03-01T12:37:56.788+0000] {dag.py:4180} INFO - Setting next_dagrun for flight_fare_stages_2_to_7 to None, run_after=None
[2026-03-01T12:37:56.964+0000] {processor.py:208} INFO - Processing /opt/airflow/dags/flight_fare_stages_2_to_7_dag.py took 7.998 seconds
[2026-03-01T12:38:28.202+0000] {processor.py:186} INFO - Started process (PID=871) to work on /opt/airflow/dags/flight_fare_stages_2_to_7_dag.py
[2026-03-01T12:38:28.210+0000] {processor.py:914} INFO - Processing file /opt/airflow/dags/flight_fare_stages_2_to_7_dag.py for tasks to queue
[2026-03-01T12:38:28.222+0000] {logging_mixin.py:190} INFO - [2026-03-01T12:38:28.222+0000] {dagbag.py:588} INFO - Filling up the DagBag from /opt/airflow/dags/flight_fare_stages_2_to_7_dag.py
[2026-03-01T12:38:45.791+0000] {processor.py:925} INFO - DAG(s) 'flight_fare_stages_2_to_7' retrieved from /opt/airflow/dags/flight_fare_stages_2_to_7_dag.py
[2026-03-01T12:38:46.000+0000] {logging_mixin.py:190} INFO - [2026-03-01T12:38:45.999+0000] {dag.py:3239} INFO - Sync 1 DAGs
[2026-03-01T12:38:46.555+0000] {logging_mixin.py:190} INFO - [2026-03-01T12:38:46.555+0000] {dag.py:4180} INFO - Setting next_dagrun for flight_fare_stages_2_to_7 to None, run_after=None
[2026-03-01T12:38:46.639+0000] {processor.py:208} INFO - Processing /opt/airflow/dags/flight_fare_stages_2_to_7_dag.py took 18.474 seconds
[2026-03-01T12:39:17.555+0000] {processor.py:186} INFO - Started process (PID=885) to work on /opt/airflow/dags/flight_fare_stages_2_to_7_dag.py
[2026-03-01T12:39:17.563+0000] {processor.py:914} INFO - Processing file /opt/airflow/dags/flight_fare_stages_2_to_7_dag.py for tasks to queue
[2026-03-01T12:39:17.570+0000] {logging_mixin.py:190} INFO - [2026-03-01T12:39:17.569+0000] {dagbag.py:588} INFO - Filling up the DagBag from /opt/airflow/dags/flight_fare_stages_2_to_7_dag.py
[2026-03-01T12:39:25.830+0000] {processor.py:925} INFO - DAG(s) 'flight_fare_stages_2_to_7' retrieved from /opt/airflow/dags/flight_fare_stages_2_to_7_dag.py
[2026-03-01T12:39:25.937+0000] {logging_mixin.py:190} INFO - [2026-03-01T12:39:25.936+0000] {dag.py:3239} INFO - Sync 1 DAGs
[2026-03-01T12:39:26.006+0000] {logging_mixin.py:190} INFO - [2026-03-01T12:39:26.005+0000] {dag.py:4180} INFO - Setting next_dagrun for flight_fare_stages_2_to_7 to None, run_after=None
[2026-03-01T12:39:26.109+0000] {processor.py:208} INFO - Processing /opt/airflow/dags/flight_fare_stages_2_to_7_dag.py took 8.586 seconds
[2026-03-01T12:39:56.411+0000] {processor.py:186} INFO - Started process (PID=899) to work on /opt/airflow/dags/flight_fare_stages_2_to_7_dag.py
[2026-03-01T12:39:56.418+0000] {processor.py:914} INFO - Processing file /opt/airflow/dags/flight_fare_stages_2_to_7_dag.py for tasks to queue
[2026-03-01T12:39:56.441+0000] {logging_mixin.py:190} INFO - [2026-03-01T12:39:56.431+0000] {dagbag.py:588} INFO - Filling up the DagBag from /opt/airflow/dags/flight_fare_stages_2_to_7_dag.py
[2026-03-01T12:40:03.546+0000] {processor.py:925} INFO - DAG(s) 'flight_fare_stages_2_to_7' retrieved from /opt/airflow/dags/flight_fare_stages_2_to_7_dag.py
[2026-03-01T12:40:03.628+0000] {logging_mixin.py:190} INFO - [2026-03-01T12:40:03.627+0000] {dag.py:3239} INFO - Sync 1 DAGs
[2026-03-01T12:40:03.694+0000] {logging_mixin.py:190} INFO - [2026-03-01T12:40:03.693+0000] {dag.py:4180} INFO - Setting next_dagrun for flight_fare_stages_2_to_7 to None, run_after=None
[2026-03-01T12:40:03.790+0000] {processor.py:208} INFO - Processing /opt/airflow/dags/flight_fare_stages_2_to_7_dag.py took 7.402 seconds
[2026-03-01T12:40:34.975+0000] {processor.py:186} INFO - Started process (PID=913) to work on /opt/airflow/dags/flight_fare_stages_2_to_7_dag.py
[2026-03-01T12:40:34.991+0000] {processor.py:914} INFO - Processing file /opt/airflow/dags/flight_fare_stages_2_to_7_dag.py for tasks to queue
[2026-03-01T12:40:35.009+0000] {logging_mixin.py:190} INFO - [2026-03-01T12:40:35.008+0000] {dagbag.py:588} INFO - Filling up the DagBag from /opt/airflow/dags/flight_fare_stages_2_to_7_dag.py
[2026-03-01T12:40:42.636+0000] {processor.py:925} INFO - DAG(s) 'flight_fare_stages_2_to_7' retrieved from /opt/airflow/dags/flight_fare_stages_2_to_7_dag.py
[2026-03-01T12:40:42.752+0000] {logging_mixin.py:190} INFO - [2026-03-01T12:40:42.751+0000] {dag.py:3239} INFO - Sync 1 DAGs
[2026-03-01T12:40:42.784+0000] {logging_mixin.py:190} INFO - [2026-03-01T12:40:42.784+0000] {dag.py:4180} INFO - Setting next_dagrun for flight_fare_stages_2_to_7 to None, run_after=None
[2026-03-01T12:40:43.336+0000] {processor.py:208} INFO - Processing /opt/airflow/dags/flight_fare_stages_2_to_7_dag.py took 8.436 seconds
[2026-03-01T12:41:14.141+0000] {processor.py:186} INFO - Started process (PID=928) to work on /opt/airflow/dags/flight_fare_stages_2_to_7_dag.py
[2026-03-01T12:41:14.157+0000] {processor.py:914} INFO - Processing file /opt/airflow/dags/flight_fare_stages_2_to_7_dag.py for tasks to queue
[2026-03-01T12:41:14.178+0000] {logging_mixin.py:190} INFO - [2026-03-01T12:41:14.169+0000] {dagbag.py:588} INFO - Filling up the DagBag from /opt/airflow/dags/flight_fare_stages_2_to_7_dag.py
[2026-03-01T12:41:20.810+0000] {processor.py:925} INFO - DAG(s) 'flight_fare_stages_2_to_7' retrieved from /opt/airflow/dags/flight_fare_stages_2_to_7_dag.py
[2026-03-01T12:41:20.957+0000] {logging_mixin.py:190} INFO - [2026-03-01T12:41:20.956+0000] {dag.py:3239} INFO - Sync 1 DAGs
[2026-03-01T12:41:21.310+0000] {logging_mixin.py:190} INFO - [2026-03-01T12:41:21.310+0000] {dag.py:4180} INFO - Setting next_dagrun for flight_fare_stages_2_to_7 to None, run_after=None
[2026-03-01T12:41:21.369+0000] {processor.py:208} INFO - Processing /opt/airflow/dags/flight_fare_stages_2_to_7_dag.py took 7.274 seconds
[2026-03-01T12:41:51.827+0000] {processor.py:186} INFO - Started process (PID=942) to work on /opt/airflow/dags/flight_fare_stages_2_to_7_dag.py
[2026-03-01T12:41:51.834+0000] {processor.py:914} INFO - Processing file /opt/airflow/dags/flight_fare_stages_2_to_7_dag.py for tasks to queue
[2026-03-01T12:41:51.846+0000] {logging_mixin.py:190} INFO - [2026-03-01T12:41:51.845+0000] {dagbag.py:588} INFO - Filling up the DagBag from /opt/airflow/dags/flight_fare_stages_2_to_7_dag.py
[2026-03-01T12:41:58.183+0000] {processor.py:925} INFO - DAG(s) 'flight_fare_stages_2_to_7' retrieved from /opt/airflow/dags/flight_fare_stages_2_to_7_dag.py
[2026-03-01T12:41:58.286+0000] {logging_mixin.py:190} INFO - [2026-03-01T12:41:58.284+0000] {dag.py:3239} INFO - Sync 1 DAGs
[2026-03-01T12:41:58.371+0000] {logging_mixin.py:190} INFO - [2026-03-01T12:41:58.370+0000] {dag.py:4180} INFO - Setting next_dagrun for flight_fare_stages_2_to_7 to None, run_after=None
[2026-03-01T12:41:58.456+0000] {processor.py:208} INFO - Processing /opt/airflow/dags/flight_fare_stages_2_to_7_dag.py took 6.672 seconds
[2026-03-01T12:42:28.708+0000] {processor.py:186} INFO - Started process (PID=956) to work on /opt/airflow/dags/flight_fare_stages_2_to_7_dag.py
[2026-03-01T12:42:28.716+0000] {processor.py:914} INFO - Processing file /opt/airflow/dags/flight_fare_stages_2_to_7_dag.py for tasks to queue
[2026-03-01T12:42:28.721+0000] {logging_mixin.py:190} INFO - [2026-03-01T12:42:28.720+0000] {dagbag.py:588} INFO - Filling up the DagBag from /opt/airflow/dags/flight_fare_stages_2_to_7_dag.py
[2026-03-01T12:42:35.028+0000] {processor.py:925} INFO - DAG(s) 'flight_fare_stages_2_to_7' retrieved from /opt/airflow/dags/flight_fare_stages_2_to_7_dag.py
[2026-03-01T12:42:35.110+0000] {logging_mixin.py:190} INFO - [2026-03-01T12:42:35.108+0000] {dag.py:3239} INFO - Sync 1 DAGs
[2026-03-01T12:42:35.155+0000] {logging_mixin.py:190} INFO - [2026-03-01T12:42:35.154+0000] {dag.py:4180} INFO - Setting next_dagrun for flight_fare_stages_2_to_7 to None, run_after=None
[2026-03-01T12:42:35.229+0000] {processor.py:208} INFO - Processing /opt/airflow/dags/flight_fare_stages_2_to_7_dag.py took 6.572 seconds
[2026-03-01T12:43:05.571+0000] {processor.py:186} INFO - Started process (PID=970) to work on /opt/airflow/dags/flight_fare_stages_2_to_7_dag.py
[2026-03-01T12:43:05.578+0000] {processor.py:914} INFO - Processing file /opt/airflow/dags/flight_fare_stages_2_to_7_dag.py for tasks to queue
[2026-03-01T12:43:05.587+0000] {logging_mixin.py:190} INFO - [2026-03-01T12:43:05.586+0000] {dagbag.py:588} INFO - Filling up the DagBag from /opt/airflow/dags/flight_fare_stages_2_to_7_dag.py
[2026-03-01T12:43:11.474+0000] {processor.py:925} INFO - DAG(s) 'flight_fare_stages_2_to_7' retrieved from /opt/airflow/dags/flight_fare_stages_2_to_7_dag.py
[2026-03-01T12:43:11.549+0000] {logging_mixin.py:190} INFO - [2026-03-01T12:43:11.548+0000] {dag.py:3239} INFO - Sync 1 DAGs
[2026-03-01T12:43:11.596+0000] {logging_mixin.py:190} INFO - [2026-03-01T12:43:11.595+0000] {dag.py:4180} INFO - Setting next_dagrun for flight_fare_stages_2_to_7 to None, run_after=None
[2026-03-01T12:43:11.886+0000] {processor.py:208} INFO - Processing /opt/airflow/dags/flight_fare_stages_2_to_7_dag.py took 6.358 seconds
[2026-03-01T12:43:42.258+0000] {processor.py:186} INFO - Started process (PID=984) to work on /opt/airflow/dags/flight_fare_stages_2_to_7_dag.py
[2026-03-01T12:43:42.262+0000] {processor.py:914} INFO - Processing file /opt/airflow/dags/flight_fare_stages_2_to_7_dag.py for tasks to queue
[2026-03-01T12:43:42.283+0000] {logging_mixin.py:190} INFO - [2026-03-01T12:43:42.282+0000] {dagbag.py:588} INFO - Filling up the DagBag from /opt/airflow/dags/flight_fare_stages_2_to_7_dag.py
[2026-03-01T12:43:48.649+0000] {processor.py:925} INFO - DAG(s) 'flight_fare_stages_2_to_7' retrieved from /opt/airflow/dags/flight_fare_stages_2_to_7_dag.py
[2026-03-01T12:43:48.741+0000] {logging_mixin.py:190} INFO - [2026-03-01T12:43:48.740+0000] {dag.py:3239} INFO - Sync 1 DAGs
[2026-03-01T12:43:49.112+0000] {logging_mixin.py:190} INFO - [2026-03-01T12:43:49.111+0000] {dag.py:4180} INFO - Setting next_dagrun for flight_fare_stages_2_to_7 to None, run_after=None
[2026-03-01T12:43:49.175+0000] {processor.py:208} INFO - Processing /opt/airflow/dags/flight_fare_stages_2_to_7_dag.py took 6.953 seconds
[2026-03-01T12:44:19.854+0000] {processor.py:186} INFO - Started process (PID=998) to work on /opt/airflow/dags/flight_fare_stages_2_to_7_dag.py
[2026-03-01T12:44:19.864+0000] {processor.py:914} INFO - Processing file /opt/airflow/dags/flight_fare_stages_2_to_7_dag.py for tasks to queue
[2026-03-01T12:44:19.868+0000] {logging_mixin.py:190} INFO - [2026-03-01T12:44:19.868+0000] {dagbag.py:588} INFO - Filling up the DagBag from /opt/airflow/dags/flight_fare_stages_2_to_7_dag.py
[2026-03-01T12:44:25.353+0000] {processor.py:925} INFO - DAG(s) 'flight_fare_stages_2_to_7' retrieved from /opt/airflow/dags/flight_fare_stages_2_to_7_dag.py
[2026-03-01T12:44:25.453+0000] {logging_mixin.py:190} INFO - [2026-03-01T12:44:25.452+0000] {dag.py:3239} INFO - Sync 1 DAGs
[2026-03-01T12:44:25.515+0000] {logging_mixin.py:190} INFO - [2026-03-01T12:44:25.515+0000] {dag.py:4180} INFO - Setting next_dagrun for flight_fare_stages_2_to_7 to None, run_after=None
[2026-03-01T12:44:25.600+0000] {processor.py:208} INFO - Processing /opt/airflow/dags/flight_fare_stages_2_to_7_dag.py took 5.769 seconds
[2026-03-01T12:44:56.216+0000] {processor.py:186} INFO - Started process (PID=1012) to work on /opt/airflow/dags/flight_fare_stages_2_to_7_dag.py
[2026-03-01T12:44:56.223+0000] {processor.py:914} INFO - Processing file /opt/airflow/dags/flight_fare_stages_2_to_7_dag.py for tasks to queue
[2026-03-01T12:44:56.232+0000] {logging_mixin.py:190} INFO - [2026-03-01T12:44:56.231+0000] {dagbag.py:588} INFO - Filling up the DagBag from /opt/airflow/dags/flight_fare_stages_2_to_7_dag.py
[2026-03-01T12:45:02.162+0000] {processor.py:925} INFO - DAG(s) 'flight_fare_stages_2_to_7' retrieved from /opt/airflow/dags/flight_fare_stages_2_to_7_dag.py
[2026-03-01T12:45:02.203+0000] {logging_mixin.py:190} INFO - [2026-03-01T12:45:02.203+0000] {dag.py:3239} INFO - Sync 1 DAGs
[2026-03-01T12:45:02.221+0000] {logging_mixin.py:190} INFO - [2026-03-01T12:45:02.221+0000] {dag.py:4180} INFO - Setting next_dagrun for flight_fare_stages_2_to_7 to None, run_after=None
[2026-03-01T12:45:02.255+0000] {processor.py:208} INFO - Processing /opt/airflow/dags/flight_fare_stages_2_to_7_dag.py took 6.063 seconds
[2026-03-01T12:45:33.421+0000] {processor.py:186} INFO - Started process (PID=1026) to work on /opt/airflow/dags/flight_fare_stages_2_to_7_dag.py
[2026-03-01T12:45:33.440+0000] {processor.py:914} INFO - Processing file /opt/airflow/dags/flight_fare_stages_2_to_7_dag.py for tasks to queue
[2026-03-01T12:45:33.451+0000] {logging_mixin.py:190} INFO - [2026-03-01T12:45:33.449+0000] {dagbag.py:588} INFO - Filling up the DagBag from /opt/airflow/dags/flight_fare_stages_2_to_7_dag.py
[2026-03-01T12:45:42.965+0000] {processor.py:925} INFO - DAG(s) 'flight_fare_stages_2_to_7' retrieved from /opt/airflow/dags/flight_fare_stages_2_to_7_dag.py
[2026-03-01T12:45:43.082+0000] {logging_mixin.py:190} INFO - [2026-03-01T12:45:43.080+0000] {dag.py:3239} INFO - Sync 1 DAGs
[2026-03-01T12:45:43.172+0000] {logging_mixin.py:190} INFO - [2026-03-01T12:45:43.172+0000] {dag.py:4180} INFO - Setting next_dagrun for flight_fare_stages_2_to_7 to None, run_after=None
[2026-03-01T12:45:43.619+0000] {processor.py:208} INFO - Processing /opt/airflow/dags/flight_fare_stages_2_to_7_dag.py took 10.276 seconds
[2026-03-01T12:46:14.591+0000] {processor.py:186} INFO - Started process (PID=1040) to work on /opt/airflow/dags/flight_fare_stages_2_to_7_dag.py
[2026-03-01T12:46:14.594+0000] {processor.py:914} INFO - Processing file /opt/airflow/dags/flight_fare_stages_2_to_7_dag.py for tasks to queue
[2026-03-01T12:46:14.623+0000] {logging_mixin.py:190} INFO - [2026-03-01T12:46:14.621+0000] {dagbag.py:588} INFO - Filling up the DagBag from /opt/airflow/dags/flight_fare_stages_2_to_7_dag.py
[2026-03-01T12:46:20.333+0000] {processor.py:925} INFO - DAG(s) 'flight_fare_stages_2_to_7' retrieved from /opt/airflow/dags/flight_fare_stages_2_to_7_dag.py
[2026-03-01T12:46:20.456+0000] {logging_mixin.py:190} INFO - [2026-03-01T12:46:20.455+0000] {dag.py:3239} INFO - Sync 1 DAGs
[2026-03-01T12:46:20.700+0000] {logging_mixin.py:190} INFO - [2026-03-01T12:46:20.700+0000] {dag.py:4180} INFO - Setting next_dagrun for flight_fare_stages_2_to_7 to None, run_after=None
[2026-03-01T12:46:20.841+0000] {processor.py:208} INFO - Processing /opt/airflow/dags/flight_fare_stages_2_to_7_dag.py took 6.299 seconds
[2026-03-01T12:46:51.231+0000] {processor.py:186} INFO - Started process (PID=1054) to work on /opt/airflow/dags/flight_fare_stages_2_to_7_dag.py
[2026-03-01T12:46:51.233+0000] {processor.py:914} INFO - Processing file /opt/airflow/dags/flight_fare_stages_2_to_7_dag.py for tasks to queue
[2026-03-01T12:46:51.244+0000] {logging_mixin.py:190} INFO - [2026-03-01T12:46:51.243+0000] {dagbag.py:588} INFO - Filling up the DagBag from /opt/airflow/dags/flight_fare_stages_2_to_7_dag.py
[2026-03-01T12:46:58.454+0000] {processor.py:925} INFO - DAG(s) 'flight_fare_stages_2_to_7' retrieved from /opt/airflow/dags/flight_fare_stages_2_to_7_dag.py
[2026-03-01T12:46:58.664+0000] {logging_mixin.py:190} INFO - [2026-03-01T12:46:58.636+0000] {dag.py:3239} INFO - Sync 1 DAGs
[2026-03-01T12:46:58.823+0000] {logging_mixin.py:190} INFO - [2026-03-01T12:46:58.822+0000] {dag.py:4180} INFO - Setting next_dagrun for flight_fare_stages_2_to_7 to None, run_after=None
[2026-03-01T12:46:58.929+0000] {processor.py:208} INFO - Processing /opt/airflow/dags/flight_fare_stages_2_to_7_dag.py took 7.766 seconds
[2026-03-01T12:47:29.678+0000] {processor.py:186} INFO - Started process (PID=1068) to work on /opt/airflow/dags/flight_fare_stages_2_to_7_dag.py
[2026-03-01T12:47:29.681+0000] {processor.py:914} INFO - Processing file /opt/airflow/dags/flight_fare_stages_2_to_7_dag.py for tasks to queue
[2026-03-01T12:47:29.687+0000] {logging_mixin.py:190} INFO - [2026-03-01T12:47:29.686+0000] {dagbag.py:588} INFO - Filling up the DagBag from /opt/airflow/dags/flight_fare_stages_2_to_7_dag.py
[2026-03-01T12:47:36.594+0000] {processor.py:925} INFO - DAG(s) 'flight_fare_stages_2_to_7' retrieved from /opt/airflow/dags/flight_fare_stages_2_to_7_dag.py
[2026-03-01T12:47:36.646+0000] {logging_mixin.py:190} INFO - [2026-03-01T12:47:36.645+0000] {dag.py:3239} INFO - Sync 1 DAGs
[2026-03-01T12:47:36.671+0000] {logging_mixin.py:190} INFO - [2026-03-01T12:47:36.670+0000] {dag.py:4180} INFO - Setting next_dagrun for flight_fare_stages_2_to_7 to None, run_after=None
[2026-03-01T12:47:36.709+0000] {processor.py:208} INFO - Processing /opt/airflow/dags/flight_fare_stages_2_to_7_dag.py took 7.093 seconds
[2026-03-01T12:48:07.566+0000] {processor.py:186} INFO - Started process (PID=1082) to work on /opt/airflow/dags/flight_fare_stages_2_to_7_dag.py
[2026-03-01T12:48:07.572+0000] {processor.py:914} INFO - Processing file /opt/airflow/dags/flight_fare_stages_2_to_7_dag.py for tasks to queue
[2026-03-01T12:48:07.580+0000] {logging_mixin.py:190} INFO - [2026-03-01T12:48:07.580+0000] {dagbag.py:588} INFO - Filling up the DagBag from /opt/airflow/dags/flight_fare_stages_2_to_7_dag.py
[2026-03-01T12:48:12.878+0000] {processor.py:925} INFO - DAG(s) 'flight_fare_stages_2_to_7' retrieved from /opt/airflow/dags/flight_fare_stages_2_to_7_dag.py
[2026-03-01T12:48:13.018+0000] {logging_mixin.py:190} INFO - [2026-03-01T12:48:13.017+0000] {dag.py:3239} INFO - Sync 1 DAGs
[2026-03-01T12:48:13.073+0000] {logging_mixin.py:190} INFO - [2026-03-01T12:48:13.073+0000] {dag.py:4180} INFO - Setting next_dagrun for flight_fare_stages_2_to_7 to None, run_after=None
[2026-03-01T12:48:13.453+0000] {processor.py:208} INFO - Processing /opt/airflow/dags/flight_fare_stages_2_to_7_dag.py took 5.932 seconds
[2026-03-01T12:48:44.388+0000] {processor.py:186} INFO - Started process (PID=1096) to work on /opt/airflow/dags/flight_fare_stages_2_to_7_dag.py
[2026-03-01T12:48:44.398+0000] {processor.py:914} INFO - Processing file /opt/airflow/dags/flight_fare_stages_2_to_7_dag.py for tasks to queue
[2026-03-01T12:48:44.412+0000] {logging_mixin.py:190} INFO - [2026-03-01T12:48:44.411+0000] {dagbag.py:588} INFO - Filling up the DagBag from /opt/airflow/dags/flight_fare_stages_2_to_7_dag.py
[2026-03-01T12:48:50.786+0000] {processor.py:925} INFO - DAG(s) 'flight_fare_stages_2_to_7' retrieved from /opt/airflow/dags/flight_fare_stages_2_to_7_dag.py
[2026-03-01T12:48:50.891+0000] {logging_mixin.py:190} INFO - [2026-03-01T12:48:50.891+0000] {dag.py:3239} INFO - Sync 1 DAGs
[2026-03-01T12:48:51.264+0000] {logging_mixin.py:190} INFO - [2026-03-01T12:48:51.264+0000] {dag.py:4180} INFO - Setting next_dagrun for flight_fare_stages_2_to_7 to None, run_after=None
[2026-03-01T12:48:51.343+0000] {processor.py:208} INFO - Processing /opt/airflow/dags/flight_fare_stages_2_to_7_dag.py took 6.987 seconds
[2026-03-01T12:49:21.977+0000] {processor.py:186} INFO - Started process (PID=1110) to work on /opt/airflow/dags/flight_fare_stages_2_to_7_dag.py
[2026-03-01T12:49:21.990+0000] {processor.py:914} INFO - Processing file /opt/airflow/dags/flight_fare_stages_2_to_7_dag.py for tasks to queue
[2026-03-01T12:49:22.001+0000] {logging_mixin.py:190} INFO - [2026-03-01T12:49:22.000+0000] {dagbag.py:588} INFO - Filling up the DagBag from /opt/airflow/dags/flight_fare_stages_2_to_7_dag.py
[2026-03-01T12:49:28.613+0000] {processor.py:925} INFO - DAG(s) 'flight_fare_stages_2_to_7' retrieved from /opt/airflow/dags/flight_fare_stages_2_to_7_dag.py
[2026-03-01T12:49:28.733+0000] {logging_mixin.py:190} INFO - [2026-03-01T12:49:28.732+0000] {dag.py:3239} INFO - Sync 1 DAGs
[2026-03-01T12:49:28.768+0000] {logging_mixin.py:190} INFO - [2026-03-01T12:49:28.768+0000] {dag.py:4180} INFO - Setting next_dagrun for flight_fare_stages_2_to_7 to None, run_after=None
[2026-03-01T12:49:28.833+0000] {processor.py:208} INFO - Processing /opt/airflow/dags/flight_fare_stages_2_to_7_dag.py took 6.890 seconds
[2026-03-01T12:50:00.213+0000] {processor.py:186} INFO - Started process (PID=1124) to work on /opt/airflow/dags/flight_fare_stages_2_to_7_dag.py
[2026-03-01T12:50:00.228+0000] {processor.py:914} INFO - Processing file /opt/airflow/dags/flight_fare_stages_2_to_7_dag.py for tasks to queue
[2026-03-01T12:50:00.248+0000] {logging_mixin.py:190} INFO - [2026-03-01T12:50:00.247+0000] {dagbag.py:588} INFO - Filling up the DagBag from /opt/airflow/dags/flight_fare_stages_2_to_7_dag.py
[2026-03-01T12:50:08.357+0000] {processor.py:925} INFO - DAG(s) 'flight_fare_stages_2_to_7' retrieved from /opt/airflow/dags/flight_fare_stages_2_to_7_dag.py
[2026-03-01T12:50:08.489+0000] {logging_mixin.py:190} INFO - [2026-03-01T12:50:08.488+0000] {dag.py:3239} INFO - Sync 1 DAGs
[2026-03-01T12:50:08.556+0000] {logging_mixin.py:190} INFO - [2026-03-01T12:50:08.554+0000] {dag.py:4180} INFO - Setting next_dagrun for flight_fare_stages_2_to_7 to None, run_after=None
[2026-03-01T12:50:08.662+0000] {processor.py:208} INFO - Processing /opt/airflow/dags/flight_fare_stages_2_to_7_dag.py took 8.493 seconds
[2026-03-01T12:50:39.108+0000] {processor.py:186} INFO - Started process (PID=1138) to work on /opt/airflow/dags/flight_fare_stages_2_to_7_dag.py
[2026-03-01T12:50:39.114+0000] {processor.py:914} INFO - Processing file /opt/airflow/dags/flight_fare_stages_2_to_7_dag.py for tasks to queue
[2026-03-01T12:50:39.123+0000] {logging_mixin.py:190} INFO - [2026-03-01T12:50:39.122+0000] {dagbag.py:588} INFO - Filling up the DagBag from /opt/airflow/dags/flight_fare_stages_2_to_7_dag.py
[2026-03-01T12:50:45.263+0000] {processor.py:925} INFO - DAG(s) 'flight_fare_stages_2_to_7' retrieved from /opt/airflow/dags/flight_fare_stages_2_to_7_dag.py
[2026-03-01T12:50:45.488+0000] {logging_mixin.py:190} INFO - [2026-03-01T12:50:45.470+0000] {dag.py:3239} INFO - Sync 1 DAGs
[2026-03-01T12:50:45.962+0000] {logging_mixin.py:190} INFO - [2026-03-01T12:50:45.961+0000] {dag.py:4180} INFO - Setting next_dagrun for flight_fare_stages_2_to_7 to None, run_after=None
[2026-03-01T12:50:47.421+0000] {processor.py:208} INFO - Processing /opt/airflow/dags/flight_fare_stages_2_to_7_dag.py took 8.342 seconds
[2026-03-01T12:51:18.246+0000] {processor.py:186} INFO - Started process (PID=1152) to work on /opt/airflow/dags/flight_fare_stages_2_to_7_dag.py
[2026-03-01T12:51:18.257+0000] {processor.py:914} INFO - Processing file /opt/airflow/dags/flight_fare_stages_2_to_7_dag.py for tasks to queue
[2026-03-01T12:51:18.277+0000] {logging_mixin.py:190} INFO - [2026-03-01T12:51:18.277+0000] {dagbag.py:588} INFO - Filling up the DagBag from /opt/airflow/dags/flight_fare_stages_2_to_7_dag.py
[2026-03-01T12:51:25.116+0000] {processor.py:925} INFO - DAG(s) 'flight_fare_stages_2_to_7' retrieved from /opt/airflow/dags/flight_fare_stages_2_to_7_dag.py
[2026-03-01T12:51:25.204+0000] {logging_mixin.py:190} INFO - [2026-03-01T12:51:25.203+0000] {dag.py:3239} INFO - Sync 1 DAGs
[2026-03-01T12:51:25.535+0000] {logging_mixin.py:190} INFO - [2026-03-01T12:51:25.535+0000] {dag.py:4180} INFO - Setting next_dagrun for flight_fare_stages_2_to_7 to None, run_after=None
[2026-03-01T12:51:25.609+0000] {processor.py:208} INFO - Processing /opt/airflow/dags/flight_fare_stages_2_to_7_dag.py took 7.415 seconds
[2026-03-01T12:51:56.060+0000] {processor.py:186} INFO - Started process (PID=1166) to work on /opt/airflow/dags/flight_fare_stages_2_to_7_dag.py
[2026-03-01T12:51:56.066+0000] {processor.py:914} INFO - Processing file /opt/airflow/dags/flight_fare_stages_2_to_7_dag.py for tasks to queue
[2026-03-01T12:51:56.074+0000] {logging_mixin.py:190} INFO - [2026-03-01T12:51:56.074+0000] {dagbag.py:588} INFO - Filling up the DagBag from /opt/airflow/dags/flight_fare_stages_2_to_7_dag.py
[2026-03-01T12:52:02.972+0000] {processor.py:925} INFO - DAG(s) 'flight_fare_stages_2_to_7' retrieved from /opt/airflow/dags/flight_fare_stages_2_to_7_dag.py
[2026-03-01T12:52:03.069+0000] {logging_mixin.py:190} INFO - [2026-03-01T12:52:03.068+0000] {dag.py:3239} INFO - Sync 1 DAGs
[2026-03-01T12:52:03.116+0000] {logging_mixin.py:190} INFO - [2026-03-01T12:52:03.115+0000] {dag.py:4180} INFO - Setting next_dagrun for flight_fare_stages_2_to_7 to None, run_after=None
[2026-03-01T12:52:03.181+0000] {processor.py:208} INFO - Processing /opt/airflow/dags/flight_fare_stages_2_to_7_dag.py took 7.146 seconds
[2026-03-01T12:52:34.234+0000] {processor.py:186} INFO - Started process (PID=1180) to work on /opt/airflow/dags/flight_fare_stages_2_to_7_dag.py
[2026-03-01T12:52:34.241+0000] {processor.py:914} INFO - Processing file /opt/airflow/dags/flight_fare_stages_2_to_7_dag.py for tasks to queue
[2026-03-01T12:52:34.257+0000] {logging_mixin.py:190} INFO - [2026-03-01T12:52:34.256+0000] {dagbag.py:588} INFO - Filling up the DagBag from /opt/airflow/dags/flight_fare_stages_2_to_7_dag.py
[2026-03-01T12:52:40.425+0000] {processor.py:925} INFO - DAG(s) 'flight_fare_stages_2_to_7' retrieved from /opt/airflow/dags/flight_fare_stages_2_to_7_dag.py
[2026-03-01T12:52:40.545+0000] {logging_mixin.py:190} INFO - [2026-03-01T12:52:40.544+0000] {dag.py:3239} INFO - Sync 1 DAGs
[2026-03-01T12:52:40.604+0000] {logging_mixin.py:190} INFO - [2026-03-01T12:52:40.604+0000] {dag.py:4180} INFO - Setting next_dagrun for flight_fare_stages_2_to_7 to None, run_after=None
[2026-03-01T12:52:40.684+0000] {processor.py:208} INFO - Processing /opt/airflow/dags/flight_fare_stages_2_to_7_dag.py took 6.505 seconds
[2026-03-01T12:53:11.325+0000] {processor.py:186} INFO - Started process (PID=1194) to work on /opt/airflow/dags/flight_fare_stages_2_to_7_dag.py
[2026-03-01T12:53:11.333+0000] {processor.py:914} INFO - Processing file /opt/airflow/dags/flight_fare_stages_2_to_7_dag.py for tasks to queue
[2026-03-01T12:53:11.339+0000] {logging_mixin.py:190} INFO - [2026-03-01T12:53:11.339+0000] {dagbag.py:588} INFO - Filling up the DagBag from /opt/airflow/dags/flight_fare_stages_2_to_7_dag.py
[2026-03-01T12:53:17.404+0000] {processor.py:925} INFO - DAG(s) 'flight_fare_stages_2_to_7' retrieved from /opt/airflow/dags/flight_fare_stages_2_to_7_dag.py
[2026-03-01T12:53:17.544+0000] {logging_mixin.py:190} INFO - [2026-03-01T12:53:17.543+0000] {dag.py:3239} INFO - Sync 1 DAGs
[2026-03-01T12:53:17.615+0000] {logging_mixin.py:190} INFO - [2026-03-01T12:53:17.614+0000] {dag.py:4180} INFO - Setting next_dagrun for flight_fare_stages_2_to_7 to None, run_after=None
[2026-03-01T12:53:18.275+0000] {processor.py:208} INFO - Processing /opt/airflow/dags/flight_fare_stages_2_to_7_dag.py took 6.978 seconds
[2026-03-01T12:53:49.292+0000] {processor.py:186} INFO - Started process (PID=1208) to work on /opt/airflow/dags/flight_fare_stages_2_to_7_dag.py
[2026-03-01T12:53:49.297+0000] {processor.py:914} INFO - Processing file /opt/airflow/dags/flight_fare_stages_2_to_7_dag.py for tasks to queue
[2026-03-01T12:53:49.314+0000] {logging_mixin.py:190} INFO - [2026-03-01T12:53:49.313+0000] {dagbag.py:588} INFO - Filling up the DagBag from /opt/airflow/dags/flight_fare_stages_2_to_7_dag.py
[2026-03-01T12:53:58.103+0000] {processor.py:925} INFO - DAG(s) 'flight_fare_stages_2_to_7' retrieved from /opt/airflow/dags/flight_fare_stages_2_to_7_dag.py
[2026-03-01T12:53:58.185+0000] {logging_mixin.py:190} INFO - [2026-03-01T12:53:58.184+0000] {dag.py:3239} INFO - Sync 1 DAGs
[2026-03-01T12:53:58.497+0000] {logging_mixin.py:190} INFO - [2026-03-01T12:53:58.497+0000] {dag.py:4180} INFO - Setting next_dagrun for flight_fare_stages_2_to_7 to None, run_after=None
[2026-03-01T12:53:58.579+0000] {processor.py:208} INFO - Processing /opt/airflow/dags/flight_fare_stages_2_to_7_dag.py took 9.334 seconds
[2026-03-01T12:54:29.037+0000] {processor.py:186} INFO - Started process (PID=1222) to work on /opt/airflow/dags/flight_fare_stages_2_to_7_dag.py
[2026-03-01T12:54:29.046+0000] {processor.py:914} INFO - Processing file /opt/airflow/dags/flight_fare_stages_2_to_7_dag.py for tasks to queue
[2026-03-01T12:54:29.063+0000] {logging_mixin.py:190} INFO - [2026-03-01T12:54:29.062+0000] {dagbag.py:588} INFO - Filling up the DagBag from /opt/airflow/dags/flight_fare_stages_2_to_7_dag.py
[2026-03-01T12:54:36.428+0000] {processor.py:925} INFO - DAG(s) 'flight_fare_stages_2_to_7' retrieved from /opt/airflow/dags/flight_fare_stages_2_to_7_dag.py
[2026-03-01T12:54:36.923+0000] {logging_mixin.py:190} INFO - [2026-03-01T12:54:36.918+0000] {dag.py:3239} INFO - Sync 1 DAGs
[2026-03-01T12:54:37.012+0000] {logging_mixin.py:190} INFO - [2026-03-01T12:54:37.012+0000] {dag.py:4180} INFO - Setting next_dagrun for flight_fare_stages_2_to_7 to None, run_after=None
[2026-03-01T12:54:37.095+0000] {processor.py:208} INFO - Processing /opt/airflow/dags/flight_fare_stages_2_to_7_dag.py took 8.096 seconds
[2026-03-01T12:55:07.956+0000] {processor.py:186} INFO - Started process (PID=1236) to work on /opt/airflow/dags/flight_fare_stages_2_to_7_dag.py
[2026-03-01T12:55:07.963+0000] {processor.py:914} INFO - Processing file /opt/airflow/dags/flight_fare_stages_2_to_7_dag.py for tasks to queue
[2026-03-01T12:55:07.972+0000] {logging_mixin.py:190} INFO - [2026-03-01T12:55:07.972+0000] {dagbag.py:588} INFO - Filling up the DagBag from /opt/airflow/dags/flight_fare_stages_2_to_7_dag.py
[2026-03-01T12:55:14.018+0000] {processor.py:925} INFO - DAG(s) 'flight_fare_stages_2_to_7' retrieved from /opt/airflow/dags/flight_fare_stages_2_to_7_dag.py
[2026-03-01T12:55:14.117+0000] {logging_mixin.py:190} INFO - [2026-03-01T12:55:14.116+0000] {dag.py:3239} INFO - Sync 1 DAGs
[2026-03-01T12:55:14.159+0000] {logging_mixin.py:190} INFO - [2026-03-01T12:55:14.158+0000] {dag.py:4180} INFO - Setting next_dagrun for flight_fare_stages_2_to_7 to None, run_after=None
[2026-03-01T12:55:14.212+0000] {processor.py:208} INFO - Processing /opt/airflow/dags/flight_fare_stages_2_to_7_dag.py took 6.282 seconds
[2026-03-01T12:55:44.971+0000] {processor.py:186} INFO - Started process (PID=1250) to work on /opt/airflow/dags/flight_fare_stages_2_to_7_dag.py
[2026-03-01T12:55:44.977+0000] {processor.py:914} INFO - Processing file /opt/airflow/dags/flight_fare_stages_2_to_7_dag.py for tasks to queue
[2026-03-01T12:55:44.985+0000] {logging_mixin.py:190} INFO - [2026-03-01T12:55:44.984+0000] {dagbag.py:588} INFO - Filling up the DagBag from /opt/airflow/dags/flight_fare_stages_2_to_7_dag.py
[2026-03-01T12:55:49.330+0000] {processor.py:925} INFO - DAG(s) 'flight_fare_stages_2_to_7' retrieved from /opt/airflow/dags/flight_fare_stages_2_to_7_dag.py
[2026-03-01T12:55:49.534+0000] {logging_mixin.py:190} INFO - [2026-03-01T12:55:49.533+0000] {dag.py:3239} INFO - Sync 1 DAGs
[2026-03-01T12:55:49.597+0000] {logging_mixin.py:190} INFO - [2026-03-01T12:55:49.597+0000] {dag.py:4180} INFO - Setting next_dagrun for flight_fare_stages_2_to_7 to None, run_after=None
[2026-03-01T12:55:50.292+0000] {processor.py:208} INFO - Processing /opt/airflow/dags/flight_fare_stages_2_to_7_dag.py took 5.342 seconds
[2026-03-01T12:56:20.553+0000] {processor.py:186} INFO - Started process (PID=1264) to work on /opt/airflow/dags/flight_fare_stages_2_to_7_dag.py
[2026-03-01T12:56:20.558+0000] {processor.py:914} INFO - Processing file /opt/airflow/dags/flight_fare_stages_2_to_7_dag.py for tasks to queue
[2026-03-01T12:56:20.570+0000] {logging_mixin.py:190} INFO - [2026-03-01T12:56:20.569+0000] {dagbag.py:588} INFO - Filling up the DagBag from /opt/airflow/dags/flight_fare_stages_2_to_7_dag.py
[2026-03-01T12:56:26.515+0000] {processor.py:925} INFO - DAG(s) 'flight_fare_stages_2_to_7' retrieved from /opt/airflow/dags/flight_fare_stages_2_to_7_dag.py
[2026-03-01T12:56:26.602+0000] {logging_mixin.py:190} INFO - [2026-03-01T12:56:26.601+0000] {dag.py:3239} INFO - Sync 1 DAGs
[2026-03-01T12:56:26.898+0000] {logging_mixin.py:190} INFO - [2026-03-01T12:56:26.898+0000] {dag.py:4180} INFO - Setting next_dagrun for flight_fare_stages_2_to_7 to None, run_after=None
[2026-03-01T12:56:27.040+0000] {processor.py:208} INFO - Processing /opt/airflow/dags/flight_fare_stages_2_to_7_dag.py took 6.521 seconds
[2026-03-01T12:56:57.459+0000] {processor.py:186} INFO - Started process (PID=1279) to work on /opt/airflow/dags/flight_fare_stages_2_to_7_dag.py
[2026-03-01T12:56:57.465+0000] {processor.py:914} INFO - Processing file /opt/airflow/dags/flight_fare_stages_2_to_7_dag.py for tasks to queue
[2026-03-01T12:56:57.477+0000] {logging_mixin.py:190} INFO - [2026-03-01T12:56:57.476+0000] {dagbag.py:588} INFO - Filling up the DagBag from /opt/airflow/dags/flight_fare_stages_2_to_7_dag.py
[2026-03-01T12:57:03.177+0000] {processor.py:925} INFO - DAG(s) 'flight_fare_stages_2_to_7' retrieved from /opt/airflow/dags/flight_fare_stages_2_to_7_dag.py
[2026-03-01T12:57:03.469+0000] {logging_mixin.py:190} INFO - [2026-03-01T12:57:03.468+0000] {dag.py:3239} INFO - Sync 1 DAGs
[2026-03-01T12:57:03.524+0000] {logging_mixin.py:190} INFO - [2026-03-01T12:57:03.524+0000] {dag.py:4180} INFO - Setting next_dagrun for flight_fare_stages_2_to_7 to None, run_after=None
[2026-03-01T12:57:03.620+0000] {processor.py:208} INFO - Processing /opt/airflow/dags/flight_fare_stages_2_to_7_dag.py took 6.190 seconds
[2026-03-01T12:57:34.226+0000] {processor.py:186} INFO - Started process (PID=1293) to work on /opt/airflow/dags/flight_fare_stages_2_to_7_dag.py
[2026-03-01T12:57:34.232+0000] {processor.py:914} INFO - Processing file /opt/airflow/dags/flight_fare_stages_2_to_7_dag.py for tasks to queue
[2026-03-01T12:57:34.241+0000] {logging_mixin.py:190} INFO - [2026-03-01T12:57:34.240+0000] {dagbag.py:588} INFO - Filling up the DagBag from /opt/airflow/dags/flight_fare_stages_2_to_7_dag.py
[2026-03-01T12:57:40.325+0000] {processor.py:925} INFO - DAG(s) 'flight_fare_stages_2_to_7' retrieved from /opt/airflow/dags/flight_fare_stages_2_to_7_dag.py
[2026-03-01T12:57:40.482+0000] {logging_mixin.py:190} INFO - [2026-03-01T12:57:40.481+0000] {dag.py:3239} INFO - Sync 1 DAGs
[2026-03-01T12:57:40.574+0000] {logging_mixin.py:190} INFO - [2026-03-01T12:57:40.565+0000] {dag.py:4180} INFO - Setting next_dagrun for flight_fare_stages_2_to_7 to None, run_after=None
[2026-03-01T12:57:40.725+0000] {processor.py:208} INFO - Processing /opt/airflow/dags/flight_fare_stages_2_to_7_dag.py took 6.528 seconds
[2026-03-01T12:58:11.196+0000] {processor.py:186} INFO - Started process (PID=1307) to work on /opt/airflow/dags/flight_fare_stages_2_to_7_dag.py
[2026-03-01T12:58:11.204+0000] {processor.py:914} INFO - Processing file /opt/airflow/dags/flight_fare_stages_2_to_7_dag.py for tasks to queue
[2026-03-01T12:58:11.218+0000] {logging_mixin.py:190} INFO - [2026-03-01T12:58:11.218+0000] {dagbag.py:588} INFO - Filling up the DagBag from /opt/airflow/dags/flight_fare_stages_2_to_7_dag.py
[2026-03-01T12:58:18.070+0000] {processor.py:925} INFO - DAG(s) 'flight_fare_stages_2_to_7' retrieved from /opt/airflow/dags/flight_fare_stages_2_to_7_dag.py
[2026-03-01T12:58:18.217+0000] {logging_mixin.py:190} INFO - [2026-03-01T12:58:18.216+0000] {dag.py:3239} INFO - Sync 1 DAGs
[2026-03-01T12:58:18.243+0000] {logging_mixin.py:190} INFO - [2026-03-01T12:58:18.243+0000] {dag.py:4180} INFO - Setting next_dagrun for flight_fare_stages_2_to_7 to None, run_after=None
[2026-03-01T12:58:18.567+0000] {processor.py:208} INFO - Processing /opt/airflow/dags/flight_fare_stages_2_to_7_dag.py took 7.409 seconds
[2026-03-01T12:58:49.492+0000] {processor.py:186} INFO - Started process (PID=1321) to work on /opt/airflow/dags/flight_fare_stages_2_to_7_dag.py
[2026-03-01T12:58:49.500+0000] {processor.py:914} INFO - Processing file /opt/airflow/dags/flight_fare_stages_2_to_7_dag.py for tasks to queue
[2026-03-01T12:58:49.521+0000] {logging_mixin.py:190} INFO - [2026-03-01T12:58:49.520+0000] {dagbag.py:588} INFO - Filling up the DagBag from /opt/airflow/dags/flight_fare_stages_2_to_7_dag.py
[2026-03-01T12:58:55.006+0000] {processor.py:925} INFO - DAG(s) 'flight_fare_stages_2_to_7' retrieved from /opt/airflow/dags/flight_fare_stages_2_to_7_dag.py
[2026-03-01T12:58:55.100+0000] {logging_mixin.py:190} INFO - [2026-03-01T12:58:55.099+0000] {dag.py:3239} INFO - Sync 1 DAGs
[2026-03-01T12:58:55.391+0000] {logging_mixin.py:190} INFO - [2026-03-01T12:58:55.390+0000] {dag.py:4180} INFO - Setting next_dagrun for flight_fare_stages_2_to_7 to None, run_after=None
[2026-03-01T12:58:55.436+0000] {processor.py:208} INFO - Processing /opt/airflow/dags/flight_fare_stages_2_to_7_dag.py took 5.972 seconds
[2026-03-01T12:59:25.979+0000] {processor.py:186} INFO - Started process (PID=1335) to work on /opt/airflow/dags/flight_fare_stages_2_to_7_dag.py
[2026-03-01T12:59:25.985+0000] {processor.py:914} INFO - Processing file /opt/airflow/dags/flight_fare_stages_2_to_7_dag.py for tasks to queue
[2026-03-01T12:59:25.989+0000] {logging_mixin.py:190} INFO - [2026-03-01T12:59:25.989+0000] {dagbag.py:588} INFO - Filling up the DagBag from /opt/airflow/dags/flight_fare_stages_2_to_7_dag.py
[2026-03-01T12:59:33.023+0000] {processor.py:925} INFO - DAG(s) 'flight_fare_stages_2_to_7' retrieved from /opt/airflow/dags/flight_fare_stages_2_to_7_dag.py
[2026-03-01T12:59:33.373+0000] {logging_mixin.py:190} INFO - [2026-03-01T12:59:33.371+0000] {dag.py:3239} INFO - Sync 1 DAGs
[2026-03-01T12:59:33.401+0000] {logging_mixin.py:190} INFO - [2026-03-01T12:59:33.400+0000] {dag.py:4180} INFO - Setting next_dagrun for flight_fare_stages_2_to_7 to None, run_after=None
[2026-03-01T12:59:33.470+0000] {processor.py:208} INFO - Processing /opt/airflow/dags/flight_fare_stages_2_to_7_dag.py took 7.519 seconds
[2026-03-01T13:00:04.184+0000] {processor.py:186} INFO - Started process (PID=1349) to work on /opt/airflow/dags/flight_fare_stages_2_to_7_dag.py
[2026-03-01T13:00:04.191+0000] {processor.py:914} INFO - Processing file /opt/airflow/dags/flight_fare_stages_2_to_7_dag.py for tasks to queue
[2026-03-01T13:00:04.196+0000] {logging_mixin.py:190} INFO - [2026-03-01T13:00:04.195+0000] {dagbag.py:588} INFO - Filling up the DagBag from /opt/airflow/dags/flight_fare_stages_2_to_7_dag.py
[2026-03-01T13:00:10.185+0000] {processor.py:925} INFO - DAG(s) 'flight_fare_stages_2_to_7' retrieved from /opt/airflow/dags/flight_fare_stages_2_to_7_dag.py
[2026-03-01T13:00:10.305+0000] {logging_mixin.py:190} INFO - [2026-03-01T13:00:10.305+0000] {dag.py:3239} INFO - Sync 1 DAGs
[2026-03-01T13:00:10.355+0000] {logging_mixin.py:190} INFO - [2026-03-01T13:00:10.355+0000] {dag.py:4180} INFO - Setting next_dagrun for flight_fare_stages_2_to_7 to None, run_after=None
[2026-03-01T13:00:10.458+0000] {processor.py:208} INFO - Processing /opt/airflow/dags/flight_fare_stages_2_to_7_dag.py took 6.306 seconds
[2026-03-01T13:00:41.262+0000] {processor.py:186} INFO - Started process (PID=1363) to work on /opt/airflow/dags/flight_fare_stages_2_to_7_dag.py
[2026-03-01T13:00:41.270+0000] {processor.py:914} INFO - Processing file /opt/airflow/dags/flight_fare_stages_2_to_7_dag.py for tasks to queue
[2026-03-01T13:00:41.278+0000] {logging_mixin.py:190} INFO - [2026-03-01T13:00:41.277+0000] {dagbag.py:588} INFO - Filling up the DagBag from /opt/airflow/dags/flight_fare_stages_2_to_7_dag.py
[2026-03-01T13:00:48.493+0000] {processor.py:925} INFO - DAG(s) 'flight_fare_stages_2_to_7' retrieved from /opt/airflow/dags/flight_fare_stages_2_to_7_dag.py
[2026-03-01T13:00:48.673+0000] {logging_mixin.py:190} INFO - [2026-03-01T13:00:48.672+0000] {dag.py:3239} INFO - Sync 1 DAGs
[2026-03-01T13:00:48.719+0000] {logging_mixin.py:190} INFO - [2026-03-01T13:00:48.719+0000] {dag.py:4180} INFO - Setting next_dagrun for flight_fare_stages_2_to_7 to None, run_after=None
[2026-03-01T13:00:49.161+0000] {processor.py:208} INFO - Processing /opt/airflow/dags/flight_fare_stages_2_to_7_dag.py took 7.932 seconds
[2026-03-01T13:01:20.050+0000] {processor.py:186} INFO - Started process (PID=1377) to work on /opt/airflow/dags/flight_fare_stages_2_to_7_dag.py
[2026-03-01T13:01:20.053+0000] {processor.py:914} INFO - Processing file /opt/airflow/dags/flight_fare_stages_2_to_7_dag.py for tasks to queue
[2026-03-01T13:01:20.071+0000] {logging_mixin.py:190} INFO - [2026-03-01T13:01:20.070+0000] {dagbag.py:588} INFO - Filling up the DagBag from /opt/airflow/dags/flight_fare_stages_2_to_7_dag.py
[2026-03-01T13:01:26.043+0000] {processor.py:925} INFO - DAG(s) 'flight_fare_stages_2_to_7' retrieved from /opt/airflow/dags/flight_fare_stages_2_to_7_dag.py
[2026-03-01T13:01:26.157+0000] {logging_mixin.py:190} INFO - [2026-03-01T13:01:26.156+0000] {dag.py:3239} INFO - Sync 1 DAGs
[2026-03-01T13:01:26.684+0000] {logging_mixin.py:190} INFO - [2026-03-01T13:01:26.683+0000] {dag.py:4180} INFO - Setting next_dagrun for flight_fare_stages_2_to_7 to None, run_after=None
[2026-03-01T13:01:26.747+0000] {processor.py:208} INFO - Processing /opt/airflow/dags/flight_fare_stages_2_to_7_dag.py took 6.732 seconds
[2026-03-01T13:01:57.725+0000] {processor.py:186} INFO - Started process (PID=1391) to work on /opt/airflow/dags/flight_fare_stages_2_to_7_dag.py
[2026-03-01T13:01:57.735+0000] {processor.py:914} INFO - Processing file /opt/airflow/dags/flight_fare_stages_2_to_7_dag.py for tasks to queue
[2026-03-01T13:01:57.740+0000] {logging_mixin.py:190} INFO - [2026-03-01T13:01:57.740+0000] {dagbag.py:588} INFO - Filling up the DagBag from /opt/airflow/dags/flight_fare_stages_2_to_7_dag.py
[2026-03-01T13:02:05.703+0000] {processor.py:925} INFO - DAG(s) 'flight_fare_stages_2_to_7' retrieved from /opt/airflow/dags/flight_fare_stages_2_to_7_dag.py
[2026-03-01T13:02:06.201+0000] {logging_mixin.py:190} INFO - [2026-03-01T13:02:06.200+0000] {dag.py:3239} INFO - Sync 1 DAGs
[2026-03-01T13:02:06.260+0000] {logging_mixin.py:190} INFO - [2026-03-01T13:02:06.255+0000] {dag.py:4180} INFO - Setting next_dagrun for flight_fare_stages_2_to_7 to None, run_after=None
[2026-03-01T13:02:06.323+0000] {processor.py:208} INFO - Processing /opt/airflow/dags/flight_fare_stages_2_to_7_dag.py took 8.671 seconds
[2026-03-01T13:02:36.805+0000] {processor.py:186} INFO - Started process (PID=1405) to work on /opt/airflow/dags/flight_fare_stages_2_to_7_dag.py
[2026-03-01T13:02:36.807+0000] {processor.py:914} INFO - Processing file /opt/airflow/dags/flight_fare_stages_2_to_7_dag.py for tasks to queue
[2026-03-01T13:02:36.816+0000] {logging_mixin.py:190} INFO - [2026-03-01T13:02:36.815+0000] {dagbag.py:588} INFO - Filling up the DagBag from /opt/airflow/dags/flight_fare_stages_2_to_7_dag.py
[2026-03-01T13:02:43.517+0000] {processor.py:925} INFO - DAG(s) 'flight_fare_stages_2_to_7' retrieved from /opt/airflow/dags/flight_fare_stages_2_to_7_dag.py
[2026-03-01T13:02:43.567+0000] {logging_mixin.py:190} INFO - [2026-03-01T13:02:43.566+0000] {dag.py:3239} INFO - Sync 1 DAGs
[2026-03-01T13:02:43.592+0000] {logging_mixin.py:190} INFO - [2026-03-01T13:02:43.592+0000] {dag.py:4180} INFO - Setting next_dagrun for flight_fare_stages_2_to_7 to None, run_after=None
[2026-03-01T13:02:43.644+0000] {processor.py:208} INFO - Processing /opt/airflow/dags/flight_fare_stages_2_to_7_dag.py took 6.887 seconds
[2026-03-01T13:03:14.548+0000] {processor.py:186} INFO - Started process (PID=1419) to work on /opt/airflow/dags/flight_fare_stages_2_to_7_dag.py
[2026-03-01T13:03:14.554+0000] {processor.py:914} INFO - Processing file /opt/airflow/dags/flight_fare_stages_2_to_7_dag.py for tasks to queue
[2026-03-01T13:03:14.563+0000] {logging_mixin.py:190} INFO - [2026-03-01T13:03:14.562+0000] {dagbag.py:588} INFO - Filling up the DagBag from /opt/airflow/dags/flight_fare_stages_2_to_7_dag.py
[2026-03-01T13:03:22.347+0000] {processor.py:925} INFO - DAG(s) 'flight_fare_stages_2_to_7' retrieved from /opt/airflow/dags/flight_fare_stages_2_to_7_dag.py
[2026-03-01T13:03:22.442+0000] {logging_mixin.py:190} INFO - [2026-03-01T13:03:22.441+0000] {dag.py:3239} INFO - Sync 1 DAGs
[2026-03-01T13:03:22.492+0000] {logging_mixin.py:190} INFO - [2026-03-01T13:03:22.492+0000] {dag.py:4180} INFO - Setting next_dagrun for flight_fare_stages_2_to_7 to None, run_after=None
[2026-03-01T13:03:22.858+0000] {processor.py:208} INFO - Processing /opt/airflow/dags/flight_fare_stages_2_to_7_dag.py took 8.346 seconds
[2026-03-01T13:03:53.695+0000] {processor.py:186} INFO - Started process (PID=1433) to work on /opt/airflow/dags/flight_fare_stages_2_to_7_dag.py
[2026-03-01T13:03:53.701+0000] {processor.py:914} INFO - Processing file /opt/airflow/dags/flight_fare_stages_2_to_7_dag.py for tasks to queue
[2026-03-01T13:03:53.705+0000] {logging_mixin.py:190} INFO - [2026-03-01T13:03:53.705+0000] {dagbag.py:588} INFO - Filling up the DagBag from /opt/airflow/dags/flight_fare_stages_2_to_7_dag.py
[2026-03-01T13:04:00.325+0000] {processor.py:925} INFO - DAG(s) 'flight_fare_stages_2_to_7' retrieved from /opt/airflow/dags/flight_fare_stages_2_to_7_dag.py
[2026-03-01T13:04:00.466+0000] {logging_mixin.py:190} INFO - [2026-03-01T13:04:00.466+0000] {dag.py:3239} INFO - Sync 1 DAGs
[2026-03-01T13:04:00.874+0000] {logging_mixin.py:190} INFO - [2026-03-01T13:04:00.874+0000] {dag.py:4180} INFO - Setting next_dagrun for flight_fare_stages_2_to_7 to None, run_after=None
[2026-03-01T13:04:00.939+0000] {processor.py:208} INFO - Processing /opt/airflow/dags/flight_fare_stages_2_to_7_dag.py took 7.270 seconds
[2026-03-01T13:04:31.388+0000] {processor.py:186} INFO - Started process (PID=1447) to work on /opt/airflow/dags/flight_fare_stages_2_to_7_dag.py
[2026-03-01T13:04:31.394+0000] {processor.py:914} INFO - Processing file /opt/airflow/dags/flight_fare_stages_2_to_7_dag.py for tasks to queue
[2026-03-01T13:04:31.399+0000] {logging_mixin.py:190} INFO - [2026-03-01T13:04:31.399+0000] {dagbag.py:588} INFO - Filling up the DagBag from /opt/airflow/dags/flight_fare_stages_2_to_7_dag.py
[2026-03-01T13:04:37.725+0000] {processor.py:925} INFO - DAG(s) 'flight_fare_stages_2_to_7' retrieved from /opt/airflow/dags/flight_fare_stages_2_to_7_dag.py
[2026-03-01T13:04:38.183+0000] {logging_mixin.py:190} INFO - [2026-03-01T13:04:38.181+0000] {dag.py:3239} INFO - Sync 1 DAGs
[2026-03-01T13:04:38.311+0000] {logging_mixin.py:190} INFO - [2026-03-01T13:04:38.298+0000] {dag.py:4180} INFO - Setting next_dagrun for flight_fare_stages_2_to_7 to None, run_after=None
[2026-03-01T13:04:38.459+0000] {processor.py:208} INFO - Processing /opt/airflow/dags/flight_fare_stages_2_to_7_dag.py took 7.098 seconds
[2026-03-01T13:05:09.098+0000] {processor.py:186} INFO - Started process (PID=1461) to work on /opt/airflow/dags/flight_fare_stages_2_to_7_dag.py
[2026-03-01T13:05:09.113+0000] {processor.py:914} INFO - Processing file /opt/airflow/dags/flight_fare_stages_2_to_7_dag.py for tasks to queue
[2026-03-01T13:05:09.118+0000] {logging_mixin.py:190} INFO - [2026-03-01T13:05:09.117+0000] {dagbag.py:588} INFO - Filling up the DagBag from /opt/airflow/dags/flight_fare_stages_2_to_7_dag.py
[2026-03-01T13:05:16.552+0000] {processor.py:925} INFO - DAG(s) 'flight_fare_stages_2_to_7' retrieved from /opt/airflow/dags/flight_fare_stages_2_to_7_dag.py
[2026-03-01T13:05:16.657+0000] {logging_mixin.py:190} INFO - [2026-03-01T13:05:16.656+0000] {dag.py:3239} INFO - Sync 1 DAGs
[2026-03-01T13:05:16.698+0000] {logging_mixin.py:190} INFO - [2026-03-01T13:05:16.698+0000] {dag.py:4180} INFO - Setting next_dagrun for flight_fare_stages_2_to_7 to None, run_after=None
[2026-03-01T13:05:16.758+0000] {processor.py:208} INFO - Processing /opt/airflow/dags/flight_fare_stages_2_to_7_dag.py took 7.696 seconds
[2026-03-01T13:05:47.456+0000] {processor.py:186} INFO - Started process (PID=1475) to work on /opt/airflow/dags/flight_fare_stages_2_to_7_dag.py
[2026-03-01T13:05:47.472+0000] {processor.py:914} INFO - Processing file /opt/airflow/dags/flight_fare_stages_2_to_7_dag.py for tasks to queue
[2026-03-01T13:05:47.501+0000] {logging_mixin.py:190} INFO - [2026-03-01T13:05:47.500+0000] {dagbag.py:588} INFO - Filling up the DagBag from /opt/airflow/dags/flight_fare_stages_2_to_7_dag.py
[2026-03-01T13:06:01.086+0000] {processor.py:925} INFO - DAG(s) 'flight_fare_stages_2_to_7' retrieved from /opt/airflow/dags/flight_fare_stages_2_to_7_dag.py
[2026-03-01T13:06:01.213+0000] {logging_mixin.py:190} INFO - [2026-03-01T13:06:01.212+0000] {dag.py:3239} INFO - Sync 1 DAGs
[2026-03-01T13:06:01.285+0000] {logging_mixin.py:190} INFO - [2026-03-01T13:06:01.284+0000] {dag.py:4180} INFO - Setting next_dagrun for flight_fare_stages_2_to_7 to None, run_after=None
[2026-03-01T13:06:01.759+0000] {processor.py:208} INFO - Processing /opt/airflow/dags/flight_fare_stages_2_to_7_dag.py took 14.343 seconds
[2026-03-01T13:06:32.564+0000] {processor.py:186} INFO - Started process (PID=1489) to work on /opt/airflow/dags/flight_fare_stages_2_to_7_dag.py
[2026-03-01T13:06:32.574+0000] {processor.py:914} INFO - Processing file /opt/airflow/dags/flight_fare_stages_2_to_7_dag.py for tasks to queue
[2026-03-01T13:06:32.580+0000] {logging_mixin.py:190} INFO - [2026-03-01T13:06:32.580+0000] {dagbag.py:588} INFO - Filling up the DagBag from /opt/airflow/dags/flight_fare_stages_2_to_7_dag.py
[2026-03-01T13:06:37.864+0000] {processor.py:925} INFO - DAG(s) 'flight_fare_stages_2_to_7' retrieved from /opt/airflow/dags/flight_fare_stages_2_to_7_dag.py
[2026-03-01T13:06:37.959+0000] {logging_mixin.py:190} INFO - [2026-03-01T13:06:37.959+0000] {dag.py:3239} INFO - Sync 1 DAGs
[2026-03-01T13:06:38.289+0000] {logging_mixin.py:190} INFO - [2026-03-01T13:06:38.289+0000] {dag.py:4180} INFO - Setting next_dagrun for flight_fare_stages_2_to_7 to None, run_after=None
[2026-03-01T13:06:38.364+0000] {processor.py:208} INFO - Processing /opt/airflow/dags/flight_fare_stages_2_to_7_dag.py took 5.829 seconds
[2026-03-01T13:07:09.466+0000] {processor.py:186} INFO - Started process (PID=1503) to work on /opt/airflow/dags/flight_fare_stages_2_to_7_dag.py
[2026-03-01T13:07:09.472+0000] {processor.py:914} INFO - Processing file /opt/airflow/dags/flight_fare_stages_2_to_7_dag.py for tasks to queue
[2026-03-01T13:07:09.482+0000] {logging_mixin.py:190} INFO - [2026-03-01T13:07:09.481+0000] {dagbag.py:588} INFO - Filling up the DagBag from /opt/airflow/dags/flight_fare_stages_2_to_7_dag.py
[2026-03-01T13:07:14.732+0000] {processor.py:925} INFO - DAG(s) 'flight_fare_stages_2_to_7' retrieved from /opt/airflow/dags/flight_fare_stages_2_to_7_dag.py
[2026-03-01T13:07:15.356+0000] {logging_mixin.py:190} INFO - [2026-03-01T13:07:15.349+0000] {dag.py:3239} INFO - Sync 1 DAGs
[2026-03-01T13:07:15.489+0000] {logging_mixin.py:190} INFO - [2026-03-01T13:07:15.489+0000] {dag.py:4180} INFO - Setting next_dagrun for flight_fare_stages_2_to_7 to None, run_after=None
[2026-03-01T13:07:15.644+0000] {processor.py:208} INFO - Processing /opt/airflow/dags/flight_fare_stages_2_to_7_dag.py took 6.217 seconds
[2026-03-01T13:07:46.134+0000] {processor.py:186} INFO - Started process (PID=1517) to work on /opt/airflow/dags/flight_fare_stages_2_to_7_dag.py
[2026-03-01T13:07:46.137+0000] {processor.py:914} INFO - Processing file /opt/airflow/dags/flight_fare_stages_2_to_7_dag.py for tasks to queue
[2026-03-01T13:07:46.152+0000] {logging_mixin.py:190} INFO - [2026-03-01T13:07:46.151+0000] {dagbag.py:588} INFO - Filling up the DagBag from /opt/airflow/dags/flight_fare_stages_2_to_7_dag.py
[2026-03-01T13:07:53.486+0000] {processor.py:925} INFO - DAG(s) 'flight_fare_stages_2_to_7' retrieved from /opt/airflow/dags/flight_fare_stages_2_to_7_dag.py
[2026-03-01T13:07:53.548+0000] {logging_mixin.py:190} INFO - [2026-03-01T13:07:53.547+0000] {dag.py:3239} INFO - Sync 1 DAGs
[2026-03-01T13:07:53.588+0000] {logging_mixin.py:190} INFO - [2026-03-01T13:07:53.588+0000] {dag.py:4180} INFO - Setting next_dagrun for flight_fare_stages_2_to_7 to None, run_after=None
[2026-03-01T13:07:53.656+0000] {processor.py:208} INFO - Processing /opt/airflow/dags/flight_fare_stages_2_to_7_dag.py took 7.562 seconds
[2026-03-01T13:08:24.262+0000] {processor.py:186} INFO - Started process (PID=1531) to work on /opt/airflow/dags/flight_fare_stages_2_to_7_dag.py
[2026-03-01T13:08:24.265+0000] {processor.py:914} INFO - Processing file /opt/airflow/dags/flight_fare_stages_2_to_7_dag.py for tasks to queue
[2026-03-01T13:08:24.273+0000] {logging_mixin.py:190} INFO - [2026-03-01T13:08:24.272+0000] {dagbag.py:588} INFO - Filling up the DagBag from /opt/airflow/dags/flight_fare_stages_2_to_7_dag.py
[2026-03-01T13:08:30.321+0000] {processor.py:925} INFO - DAG(s) 'flight_fare_stages_2_to_7' retrieved from /opt/airflow/dags/flight_fare_stages_2_to_7_dag.py
[2026-03-01T13:08:30.404+0000] {logging_mixin.py:190} INFO - [2026-03-01T13:08:30.403+0000] {dag.py:3239} INFO - Sync 1 DAGs
[2026-03-01T13:08:30.452+0000] {logging_mixin.py:190} INFO - [2026-03-01T13:08:30.452+0000] {dag.py:4180} INFO - Setting next_dagrun for flight_fare_stages_2_to_7 to None, run_after=None
[2026-03-01T13:08:30.988+0000] {processor.py:208} INFO - Processing /opt/airflow/dags/flight_fare_stages_2_to_7_dag.py took 6.762 seconds
[2026-03-01T13:09:01.923+0000] {processor.py:186} INFO - Started process (PID=1545) to work on /opt/airflow/dags/flight_fare_stages_2_to_7_dag.py
[2026-03-01T13:09:01.930+0000] {processor.py:914} INFO - Processing file /opt/airflow/dags/flight_fare_stages_2_to_7_dag.py for tasks to queue
[2026-03-01T13:09:01.946+0000] {logging_mixin.py:190} INFO - [2026-03-01T13:09:01.945+0000] {dagbag.py:588} INFO - Filling up the DagBag from /opt/airflow/dags/flight_fare_stages_2_to_7_dag.py
[2026-03-01T13:09:07.658+0000] {processor.py:925} INFO - DAG(s) 'flight_fare_stages_2_to_7' retrieved from /opt/airflow/dags/flight_fare_stages_2_to_7_dag.py
[2026-03-01T13:09:07.766+0000] {logging_mixin.py:190} INFO - [2026-03-01T13:09:07.764+0000] {dag.py:3239} INFO - Sync 1 DAGs
[2026-03-01T13:09:08.143+0000] {logging_mixin.py:190} INFO - [2026-03-01T13:09:08.143+0000] {dag.py:4180} INFO - Setting next_dagrun for flight_fare_stages_2_to_7 to None, run_after=None
[2026-03-01T13:09:08.203+0000] {processor.py:208} INFO - Processing /opt/airflow/dags/flight_fare_stages_2_to_7_dag.py took 6.304 seconds
[2026-03-01T13:09:38.593+0000] {processor.py:186} INFO - Started process (PID=1559) to work on /opt/airflow/dags/flight_fare_stages_2_to_7_dag.py
[2026-03-01T13:09:38.611+0000] {processor.py:914} INFO - Processing file /opt/airflow/dags/flight_fare_stages_2_to_7_dag.py for tasks to queue
[2026-03-01T13:09:38.636+0000] {logging_mixin.py:190} INFO - [2026-03-01T13:09:38.635+0000] {dagbag.py:588} INFO - Filling up the DagBag from /opt/airflow/dags/flight_fare_stages_2_to_7_dag.py
[2026-03-01T13:09:43.942+0000] {processor.py:925} INFO - DAG(s) 'flight_fare_stages_2_to_7' retrieved from /opt/airflow/dags/flight_fare_stages_2_to_7_dag.py
[2026-03-01T13:09:44.244+0000] {logging_mixin.py:190} INFO - [2026-03-01T13:09:44.244+0000] {dag.py:3239} INFO - Sync 1 DAGs
[2026-03-01T13:09:44.299+0000] {logging_mixin.py:190} INFO - [2026-03-01T13:09:44.299+0000] {dag.py:4180} INFO - Setting next_dagrun for flight_fare_stages_2_to_7 to None, run_after=None
[2026-03-01T13:09:44.408+0000] {processor.py:208} INFO - Processing /opt/airflow/dags/flight_fare_stages_2_to_7_dag.py took 5.852 seconds
[2026-03-01T13:10:15.386+0000] {processor.py:186} INFO - Started process (PID=1573) to work on /opt/airflow/dags/flight_fare_stages_2_to_7_dag.py
[2026-03-01T13:10:15.388+0000] {processor.py:914} INFO - Processing file /opt/airflow/dags/flight_fare_stages_2_to_7_dag.py for tasks to queue
[2026-03-01T13:10:15.415+0000] {logging_mixin.py:190} INFO - [2026-03-01T13:10:15.415+0000] {dagbag.py:588} INFO - Filling up the DagBag from /opt/airflow/dags/flight_fare_stages_2_to_7_dag.py
[2026-03-01T13:10:20.898+0000] {processor.py:925} INFO - DAG(s) 'flight_fare_stages_2_to_7' retrieved from /opt/airflow/dags/flight_fare_stages_2_to_7_dag.py
[2026-03-01T13:10:21.020+0000] {logging_mixin.py:190} INFO - [2026-03-01T13:10:21.019+0000] {dag.py:3239} INFO - Sync 1 DAGs
[2026-03-01T13:10:21.057+0000] {logging_mixin.py:190} INFO - [2026-03-01T13:10:21.057+0000] {dag.py:4180} INFO - Setting next_dagrun for flight_fare_stages_2_to_7 to None, run_after=None
[2026-03-01T13:10:21.159+0000] {processor.py:208} INFO - Processing /opt/airflow/dags/flight_fare_stages_2_to_7_dag.py took 5.826 seconds
[2026-03-01T13:10:51.670+0000] {processor.py:186} INFO - Started process (PID=1587) to work on /opt/airflow/dags/flight_fare_stages_2_to_7_dag.py
[2026-03-01T13:10:51.677+0000] {processor.py:914} INFO - Processing file /opt/airflow/dags/flight_fare_stages_2_to_7_dag.py for tasks to queue
[2026-03-01T13:10:51.691+0000] {logging_mixin.py:190} INFO - [2026-03-01T13:10:51.691+0000] {dagbag.py:588} INFO - Filling up the DagBag from /opt/airflow/dags/flight_fare_stages_2_to_7_dag.py
[2026-03-01T13:10:58.260+0000] {processor.py:925} INFO - DAG(s) 'flight_fare_stages_2_to_7' retrieved from /opt/airflow/dags/flight_fare_stages_2_to_7_dag.py
[2026-03-01T13:10:58.349+0000] {logging_mixin.py:190} INFO - [2026-03-01T13:10:58.348+0000] {dag.py:3239} INFO - Sync 1 DAGs
[2026-03-01T13:10:58.383+0000] {logging_mixin.py:190} INFO - [2026-03-01T13:10:58.383+0000] {dag.py:4180} INFO - Setting next_dagrun for flight_fare_stages_2_to_7 to None, run_after=None
[2026-03-01T13:10:58.488+0000] {processor.py:208} INFO - Processing /opt/airflow/dags/flight_fare_stages_2_to_7_dag.py took 6.893 seconds
[2026-03-01T13:11:29.303+0000] {processor.py:186} INFO - Started process (PID=1601) to work on /opt/airflow/dags/flight_fare_stages_2_to_7_dag.py
[2026-03-01T13:11:29.311+0000] {processor.py:914} INFO - Processing file /opt/airflow/dags/flight_fare_stages_2_to_7_dag.py for tasks to queue
[2026-03-01T13:11:29.318+0000] {logging_mixin.py:190} INFO - [2026-03-01T13:11:29.317+0000] {dagbag.py:588} INFO - Filling up the DagBag from /opt/airflow/dags/flight_fare_stages_2_to_7_dag.py
[2026-03-01T13:11:34.920+0000] {processor.py:925} INFO - DAG(s) 'flight_fare_stages_2_to_7' retrieved from /opt/airflow/dags/flight_fare_stages_2_to_7_dag.py
[2026-03-01T13:11:35.013+0000] {logging_mixin.py:190} INFO - [2026-03-01T13:11:35.012+0000] {dag.py:3239} INFO - Sync 1 DAGs
[2026-03-01T13:11:35.276+0000] {logging_mixin.py:190} INFO - [2026-03-01T13:11:35.275+0000] {dag.py:4180} INFO - Setting next_dagrun for flight_fare_stages_2_to_7 to None, run_after=None
[2026-03-01T13:11:35.333+0000] {processor.py:208} INFO - Processing /opt/airflow/dags/flight_fare_stages_2_to_7_dag.py took 6.060 seconds
[2026-03-01T13:12:05.767+0000] {processor.py:186} INFO - Started process (PID=1615) to work on /opt/airflow/dags/flight_fare_stages_2_to_7_dag.py
[2026-03-01T13:12:05.770+0000] {processor.py:914} INFO - Processing file /opt/airflow/dags/flight_fare_stages_2_to_7_dag.py for tasks to queue
[2026-03-01T13:12:05.784+0000] {logging_mixin.py:190} INFO - [2026-03-01T13:12:05.783+0000] {dagbag.py:588} INFO - Filling up the DagBag from /opt/airflow/dags/flight_fare_stages_2_to_7_dag.py
[2026-03-01T13:12:08.981+0000] {processor.py:925} INFO - DAG(s) 'flight_fare_stages_2_to_7' retrieved from /opt/airflow/dags/flight_fare_stages_2_to_7_dag.py
[2026-03-01T13:12:09.156+0000] {logging_mixin.py:190} INFO - [2026-03-01T13:12:09.155+0000] {dag.py:3239} INFO - Sync 1 DAGs
[2026-03-01T13:12:09.169+0000] {logging_mixin.py:190} INFO - [2026-03-01T13:12:09.169+0000] {dag.py:4180} INFO - Setting next_dagrun for flight_fare_stages_2_to_7 to None, run_after=None
[2026-03-01T13:12:09.196+0000] {processor.py:208} INFO - Processing /opt/airflow/dags/flight_fare_stages_2_to_7_dag.py took 3.439 seconds
[2026-03-01T13:12:39.526+0000] {processor.py:186} INFO - Started process (PID=1629) to work on /opt/airflow/dags/flight_fare_stages_2_to_7_dag.py
[2026-03-01T13:12:39.528+0000] {processor.py:914} INFO - Processing file /opt/airflow/dags/flight_fare_stages_2_to_7_dag.py for tasks to queue
[2026-03-01T13:12:39.531+0000] {logging_mixin.py:190} INFO - [2026-03-01T13:12:39.531+0000] {dagbag.py:588} INFO - Filling up the DagBag from /opt/airflow/dags/flight_fare_stages_2_to_7_dag.py
[2026-03-01T13:12:43.894+0000] {processor.py:925} INFO - DAG(s) 'flight_fare_stages_2_to_7' retrieved from /opt/airflow/dags/flight_fare_stages_2_to_7_dag.py
[2026-03-01T13:12:43.924+0000] {logging_mixin.py:190} INFO - [2026-03-01T13:12:43.924+0000] {dag.py:3239} INFO - Sync 1 DAGs
[2026-03-01T13:12:43.939+0000] {logging_mixin.py:190} INFO - [2026-03-01T13:12:43.939+0000] {dag.py:4180} INFO - Setting next_dagrun for flight_fare_stages_2_to_7 to None, run_after=None
[2026-03-01T13:12:43.965+0000] {processor.py:208} INFO - Processing /opt/airflow/dags/flight_fare_stages_2_to_7_dag.py took 4.457 seconds
[2026-03-01T13:13:14.254+0000] {processor.py:186} INFO - Started process (PID=1643) to work on /opt/airflow/dags/flight_fare_stages_2_to_7_dag.py
[2026-03-01T13:13:14.256+0000] {processor.py:914} INFO - Processing file /opt/airflow/dags/flight_fare_stages_2_to_7_dag.py for tasks to queue
[2026-03-01T13:13:14.259+0000] {logging_mixin.py:190} INFO - [2026-03-01T13:13:14.259+0000] {dagbag.py:588} INFO - Filling up the DagBag from /opt/airflow/dags/flight_fare_stages_2_to_7_dag.py
[2026-03-01T13:13:16.377+0000] {processor.py:925} INFO - DAG(s) 'flight_fare_stages_2_to_7' retrieved from /opt/airflow/dags/flight_fare_stages_2_to_7_dag.py
[2026-03-01T13:13:16.406+0000] {logging_mixin.py:190} INFO - [2026-03-01T13:13:16.406+0000] {dag.py:3239} INFO - Sync 1 DAGs
[2026-03-01T13:13:16.419+0000] {logging_mixin.py:190} INFO - [2026-03-01T13:13:16.419+0000] {dag.py:4180} INFO - Setting next_dagrun for flight_fare_stages_2_to_7 to None, run_after=None
[2026-03-01T13:13:16.445+0000] {processor.py:208} INFO - Processing /opt/airflow/dags/flight_fare_stages_2_to_7_dag.py took 2.199 seconds
[2026-03-01T13:13:46.578+0000] {processor.py:186} INFO - Started process (PID=1657) to work on /opt/airflow/dags/flight_fare_stages_2_to_7_dag.py
[2026-03-01T13:13:46.580+0000] {processor.py:914} INFO - Processing file /opt/airflow/dags/flight_fare_stages_2_to_7_dag.py for tasks to queue
[2026-03-01T13:13:46.583+0000] {logging_mixin.py:190} INFO - [2026-03-01T13:13:46.582+0000] {dagbag.py:588} INFO - Filling up the DagBag from /opt/airflow/dags/flight_fare_stages_2_to_7_dag.py
[2026-03-01T13:13:48.419+0000] {processor.py:925} INFO - DAG(s) 'flight_fare_stages_2_to_7' retrieved from /opt/airflow/dags/flight_fare_stages_2_to_7_dag.py
[2026-03-01T13:13:48.448+0000] {logging_mixin.py:190} INFO - [2026-03-01T13:13:48.447+0000] {dag.py:3239} INFO - Sync 1 DAGs
[2026-03-01T13:13:48.601+0000] {logging_mixin.py:190} INFO - [2026-03-01T13:13:48.601+0000] {dag.py:4180} INFO - Setting next_dagrun for flight_fare_stages_2_to_7 to None, run_after=None
[2026-03-01T13:13:48.623+0000] {processor.py:208} INFO - Processing /opt/airflow/dags/flight_fare_stages_2_to_7_dag.py took 2.053 seconds
[2026-03-01T13:14:19.146+0000] {processor.py:186} INFO - Started process (PID=1704) to work on /opt/airflow/dags/flight_fare_stages_2_to_7_dag.py
[2026-03-01T13:14:19.156+0000] {processor.py:914} INFO - Processing file /opt/airflow/dags/flight_fare_stages_2_to_7_dag.py for tasks to queue
[2026-03-01T13:14:19.172+0000] {logging_mixin.py:190} INFO - [2026-03-01T13:14:19.171+0000] {dagbag.py:588} INFO - Filling up the DagBag from /opt/airflow/dags/flight_fare_stages_2_to_7_dag.py
[2026-03-01T13:14:29.068+0000] {processor.py:925} INFO - DAG(s) 'flight_fare_stages_2_to_7' retrieved from /opt/airflow/dags/flight_fare_stages_2_to_7_dag.py
[2026-03-01T13:14:29.804+0000] {logging_mixin.py:190} INFO - [2026-03-01T13:14:29.803+0000] {dag.py:3239} INFO - Sync 1 DAGs
[2026-03-01T13:14:29.854+0000] {logging_mixin.py:190} INFO - [2026-03-01T13:14:29.849+0000] {dag.py:4180} INFO - Setting next_dagrun for flight_fare_stages_2_to_7 to None, run_after=None
[2026-03-01T13:14:29.922+0000] {processor.py:208} INFO - Processing /opt/airflow/dags/flight_fare_stages_2_to_7_dag.py took 10.839 seconds
[2026-03-01T13:15:00.635+0000] {processor.py:186} INFO - Started process (PID=1718) to work on /opt/airflow/dags/flight_fare_stages_2_to_7_dag.py
[2026-03-01T13:15:00.637+0000] {processor.py:914} INFO - Processing file /opt/airflow/dags/flight_fare_stages_2_to_7_dag.py for tasks to queue
[2026-03-01T13:15:00.651+0000] {logging_mixin.py:190} INFO - [2026-03-01T13:15:00.651+0000] {dagbag.py:588} INFO - Filling up the DagBag from /opt/airflow/dags/flight_fare_stages_2_to_7_dag.py
[2026-03-01T13:15:07.264+0000] {processor.py:925} INFO - DAG(s) 'flight_fare_stages_2_to_7' retrieved from /opt/airflow/dags/flight_fare_stages_2_to_7_dag.py
[2026-03-01T13:15:07.356+0000] {logging_mixin.py:190} INFO - [2026-03-01T13:15:07.355+0000] {dag.py:3239} INFO - Sync 1 DAGs
[2026-03-01T13:15:07.387+0000] {logging_mixin.py:190} INFO - [2026-03-01T13:15:07.386+0000] {dag.py:4180} INFO - Setting next_dagrun for flight_fare_stages_2_to_7 to None, run_after=None
[2026-03-01T13:15:07.464+0000] {processor.py:208} INFO - Processing /opt/airflow/dags/flight_fare_stages_2_to_7_dag.py took 6.864 seconds
[2026-03-01T13:15:38.467+0000] {processor.py:186} INFO - Started process (PID=1732) to work on /opt/airflow/dags/flight_fare_stages_2_to_7_dag.py
[2026-03-01T13:15:38.477+0000] {processor.py:914} INFO - Processing file /opt/airflow/dags/flight_fare_stages_2_to_7_dag.py for tasks to queue
[2026-03-01T13:15:38.505+0000] {logging_mixin.py:190} INFO - [2026-03-01T13:15:38.504+0000] {dagbag.py:588} INFO - Filling up the DagBag from /opt/airflow/dags/flight_fare_stages_2_to_7_dag.py
[2026-03-01T13:15:52.267+0000] {processor.py:925} INFO - DAG(s) 'flight_fare_stages_2_to_7' retrieved from /opt/airflow/dags/flight_fare_stages_2_to_7_dag.py
[2026-03-01T13:15:52.376+0000] {logging_mixin.py:190} INFO - [2026-03-01T13:15:52.375+0000] {dag.py:3239} INFO - Sync 1 DAGs
[2026-03-01T13:15:52.416+0000] {logging_mixin.py:190} INFO - [2026-03-01T13:15:52.415+0000] {dag.py:4180} INFO - Setting next_dagrun for flight_fare_stages_2_to_7 to None, run_after=None
[2026-03-01T13:15:52.592+0000] {processor.py:208} INFO - Processing /opt/airflow/dags/flight_fare_stages_2_to_7_dag.py took 14.169 seconds
[2026-03-01T13:16:22.978+0000] {processor.py:186} INFO - Started process (PID=1746) to work on /opt/airflow/dags/flight_fare_stages_2_to_7_dag.py
[2026-03-01T13:16:22.988+0000] {processor.py:914} INFO - Processing file /opt/airflow/dags/flight_fare_stages_2_to_7_dag.py for tasks to queue
[2026-03-01T13:16:23.000+0000] {logging_mixin.py:190} INFO - [2026-03-01T13:16:22.999+0000] {dagbag.py:588} INFO - Filling up the DagBag from /opt/airflow/dags/flight_fare_stages_2_to_7_dag.py
[2026-03-01T13:16:33.713+0000] {processor.py:925} INFO - DAG(s) 'flight_fare_stages_2_to_7' retrieved from /opt/airflow/dags/flight_fare_stages_2_to_7_dag.py
[2026-03-01T13:16:33.844+0000] {logging_mixin.py:190} INFO - [2026-03-01T13:16:33.842+0000] {dag.py:3239} INFO - Sync 1 DAGs
[2026-03-01T13:16:34.484+0000] {logging_mixin.py:190} INFO - [2026-03-01T13:16:34.483+0000] {dag.py:4180} INFO - Setting next_dagrun for flight_fare_stages_2_to_7 to None, run_after=None
[2026-03-01T13:16:34.758+0000] {processor.py:208} INFO - Processing /opt/airflow/dags/flight_fare_stages_2_to_7_dag.py took 11.821 seconds
[2026-03-01T13:17:05.396+0000] {processor.py:186} INFO - Started process (PID=1760) to work on /opt/airflow/dags/flight_fare_stages_2_to_7_dag.py
[2026-03-01T13:17:05.404+0000] {processor.py:914} INFO - Processing file /opt/airflow/dags/flight_fare_stages_2_to_7_dag.py for tasks to queue
[2026-03-01T13:17:05.430+0000] {logging_mixin.py:190} INFO - [2026-03-01T13:17:05.430+0000] {dagbag.py:588} INFO - Filling up the DagBag from /opt/airflow/dags/flight_fare_stages_2_to_7_dag.py
[2026-03-01T13:17:13.208+0000] {processor.py:925} INFO - DAG(s) 'flight_fare_stages_2_to_7' retrieved from /opt/airflow/dags/flight_fare_stages_2_to_7_dag.py
[2026-03-01T13:17:13.608+0000] {logging_mixin.py:190} INFO - [2026-03-01T13:17:13.608+0000] {dag.py:3239} INFO - Sync 1 DAGs
[2026-03-01T13:17:13.652+0000] {logging_mixin.py:190} INFO - [2026-03-01T13:17:13.652+0000] {dag.py:4180} INFO - Setting next_dagrun for flight_fare_stages_2_to_7 to None, run_after=None
[2026-03-01T13:17:13.725+0000] {processor.py:208} INFO - Processing /opt/airflow/dags/flight_fare_stages_2_to_7_dag.py took 8.378 seconds
[2026-03-01T13:17:44.197+0000] {processor.py:186} INFO - Started process (PID=1774) to work on /opt/airflow/dags/flight_fare_stages_2_to_7_dag.py
[2026-03-01T13:17:44.199+0000] {processor.py:914} INFO - Processing file /opt/airflow/dags/flight_fare_stages_2_to_7_dag.py for tasks to queue
[2026-03-01T13:17:44.208+0000] {logging_mixin.py:190} INFO - [2026-03-01T13:17:44.207+0000] {dagbag.py:588} INFO - Filling up the DagBag from /opt/airflow/dags/flight_fare_stages_2_to_7_dag.py
[2026-03-01T13:17:50.058+0000] {processor.py:925} INFO - DAG(s) 'flight_fare_stages_2_to_7' retrieved from /opt/airflow/dags/flight_fare_stages_2_to_7_dag.py
[2026-03-01T13:17:50.151+0000] {logging_mixin.py:190} INFO - [2026-03-01T13:17:50.150+0000] {dag.py:3239} INFO - Sync 1 DAGs
[2026-03-01T13:17:50.192+0000] {logging_mixin.py:190} INFO - [2026-03-01T13:17:50.192+0000] {dag.py:4180} INFO - Setting next_dagrun for flight_fare_stages_2_to_7 to None, run_after=None
[2026-03-01T13:17:50.288+0000] {processor.py:208} INFO - Processing /opt/airflow/dags/flight_fare_stages_2_to_7_dag.py took 6.119 seconds
[2026-03-01T13:18:20.797+0000] {processor.py:186} INFO - Started process (PID=1788) to work on /opt/airflow/dags/flight_fare_stages_2_to_7_dag.py
[2026-03-01T13:18:20.803+0000] {processor.py:914} INFO - Processing file /opt/airflow/dags/flight_fare_stages_2_to_7_dag.py for tasks to queue
[2026-03-01T13:18:20.815+0000] {logging_mixin.py:190} INFO - [2026-03-01T13:18:20.815+0000] {dagbag.py:588} INFO - Filling up the DagBag from /opt/airflow/dags/flight_fare_stages_2_to_7_dag.py
[2026-03-01T13:18:26.921+0000] {processor.py:925} INFO - DAG(s) 'flight_fare_stages_2_to_7' retrieved from /opt/airflow/dags/flight_fare_stages_2_to_7_dag.py
[2026-03-01T13:18:27.028+0000] {logging_mixin.py:190} INFO - [2026-03-01T13:18:27.027+0000] {dag.py:3239} INFO - Sync 1 DAGs
[2026-03-01T13:18:27.076+0000] {logging_mixin.py:190} INFO - [2026-03-01T13:18:27.076+0000] {dag.py:4180} INFO - Setting next_dagrun for flight_fare_stages_2_to_7 to None, run_after=None
[2026-03-01T13:18:27.153+0000] {processor.py:208} INFO - Processing /opt/airflow/dags/flight_fare_stages_2_to_7_dag.py took 6.391 seconds
[2026-03-01T13:18:57.587+0000] {processor.py:186} INFO - Started process (PID=1802) to work on /opt/airflow/dags/flight_fare_stages_2_to_7_dag.py
[2026-03-01T13:18:57.597+0000] {processor.py:914} INFO - Processing file /opt/airflow/dags/flight_fare_stages_2_to_7_dag.py for tasks to queue
[2026-03-01T13:18:57.603+0000] {logging_mixin.py:190} INFO - [2026-03-01T13:18:57.602+0000] {dagbag.py:588} INFO - Filling up the DagBag from /opt/airflow/dags/flight_fare_stages_2_to_7_dag.py
[2026-03-01T13:19:05.077+0000] {processor.py:925} INFO - DAG(s) 'flight_fare_stages_2_to_7' retrieved from /opt/airflow/dags/flight_fare_stages_2_to_7_dag.py
[2026-03-01T13:19:05.200+0000] {logging_mixin.py:190} INFO - [2026-03-01T13:19:05.199+0000] {dag.py:3239} INFO - Sync 1 DAGs
[2026-03-01T13:19:05.602+0000] {logging_mixin.py:190} INFO - [2026-03-01T13:19:05.601+0000] {dag.py:4180} INFO - Setting next_dagrun for flight_fare_stages_2_to_7 to None, run_after=None
[2026-03-01T13:19:05.655+0000] {processor.py:208} INFO - Processing /opt/airflow/dags/flight_fare_stages_2_to_7_dag.py took 8.118 seconds
[2026-03-01T13:19:37.206+0000] {processor.py:186} INFO - Started process (PID=1816) to work on /opt/airflow/dags/flight_fare_stages_2_to_7_dag.py
[2026-03-01T13:19:37.251+0000] {processor.py:914} INFO - Processing file /opt/airflow/dags/flight_fare_stages_2_to_7_dag.py for tasks to queue
[2026-03-01T13:19:37.285+0000] {logging_mixin.py:190} INFO - [2026-03-01T13:19:37.284+0000] {dagbag.py:588} INFO - Filling up the DagBag from /opt/airflow/dags/flight_fare_stages_2_to_7_dag.py
[2026-03-01T13:19:44.475+0000] {processor.py:925} INFO - DAG(s) 'flight_fare_stages_2_to_7' retrieved from /opt/airflow/dags/flight_fare_stages_2_to_7_dag.py
[2026-03-01T13:19:44.836+0000] {logging_mixin.py:190} INFO - [2026-03-01T13:19:44.835+0000] {dag.py:3239} INFO - Sync 1 DAGs
[2026-03-01T13:19:44.897+0000] {logging_mixin.py:190} INFO - [2026-03-01T13:19:44.897+0000] {dag.py:4180} INFO - Setting next_dagrun for flight_fare_stages_2_to_7 to None, run_after=None
[2026-03-01T13:19:44.955+0000] {processor.py:208} INFO - Processing /opt/airflow/dags/flight_fare_stages_2_to_7_dag.py took 7.847 seconds
[2026-03-01T13:20:15.762+0000] {processor.py:186} INFO - Started process (PID=1830) to work on /opt/airflow/dags/flight_fare_stages_2_to_7_dag.py
[2026-03-01T13:20:15.769+0000] {processor.py:914} INFO - Processing file /opt/airflow/dags/flight_fare_stages_2_to_7_dag.py for tasks to queue
[2026-03-01T13:20:15.775+0000] {logging_mixin.py:190} INFO - [2026-03-01T13:20:15.774+0000] {dagbag.py:588} INFO - Filling up the DagBag from /opt/airflow/dags/flight_fare_stages_2_to_7_dag.py
[2026-03-01T13:20:22.135+0000] {processor.py:925} INFO - DAG(s) 'flight_fare_stages_2_to_7' retrieved from /opt/airflow/dags/flight_fare_stages_2_to_7_dag.py
[2026-03-01T13:20:22.255+0000] {logging_mixin.py:190} INFO - [2026-03-01T13:20:22.254+0000] {dag.py:3239} INFO - Sync 1 DAGs
[2026-03-01T13:20:22.314+0000] {logging_mixin.py:190} INFO - [2026-03-01T13:20:22.314+0000] {dag.py:4180} INFO - Setting next_dagrun for flight_fare_stages_2_to_7 to None, run_after=None
[2026-03-01T13:20:22.372+0000] {processor.py:208} INFO - Processing /opt/airflow/dags/flight_fare_stages_2_to_7_dag.py took 6.639 seconds
[2026-03-01T13:20:53.040+0000] {processor.py:186} INFO - Started process (PID=1844) to work on /opt/airflow/dags/flight_fare_stages_2_to_7_dag.py
[2026-03-01T13:20:53.056+0000] {processor.py:914} INFO - Processing file /opt/airflow/dags/flight_fare_stages_2_to_7_dag.py for tasks to queue
[2026-03-01T13:20:53.072+0000] {logging_mixin.py:190} INFO - [2026-03-01T13:20:53.065+0000] {dagbag.py:588} INFO - Filling up the DagBag from /opt/airflow/dags/flight_fare_stages_2_to_7_dag.py
[2026-03-01T13:20:59.316+0000] {processor.py:925} INFO - DAG(s) 'flight_fare_stages_2_to_7' retrieved from /opt/airflow/dags/flight_fare_stages_2_to_7_dag.py
[2026-03-01T13:20:59.421+0000] {logging_mixin.py:190} INFO - [2026-03-01T13:20:59.420+0000] {dag.py:3239} INFO - Sync 1 DAGs
[2026-03-01T13:20:59.470+0000] {logging_mixin.py:190} INFO - [2026-03-01T13:20:59.469+0000] {dag.py:4180} INFO - Setting next_dagrun for flight_fare_stages_2_to_7 to None, run_after=None
[2026-03-01T13:20:59.533+0000] {processor.py:208} INFO - Processing /opt/airflow/dags/flight_fare_stages_2_to_7_dag.py took 6.521 seconds
[2026-03-01T13:21:30.099+0000] {processor.py:186} INFO - Started process (PID=1858) to work on /opt/airflow/dags/flight_fare_stages_2_to_7_dag.py
[2026-03-01T13:21:30.105+0000] {processor.py:914} INFO - Processing file /opt/airflow/dags/flight_fare_stages_2_to_7_dag.py for tasks to queue
[2026-03-01T13:21:30.113+0000] {logging_mixin.py:190} INFO - [2026-03-01T13:21:30.113+0000] {dagbag.py:588} INFO - Filling up the DagBag from /opt/airflow/dags/flight_fare_stages_2_to_7_dag.py
[2026-03-01T13:21:36.250+0000] {processor.py:925} INFO - DAG(s) 'flight_fare_stages_2_to_7' retrieved from /opt/airflow/dags/flight_fare_stages_2_to_7_dag.py
[2026-03-01T13:21:36.362+0000] {logging_mixin.py:190} INFO - [2026-03-01T13:21:36.361+0000] {dag.py:3239} INFO - Sync 1 DAGs
[2026-03-01T13:21:36.774+0000] {logging_mixin.py:190} INFO - [2026-03-01T13:21:36.773+0000] {dag.py:4180} INFO - Setting next_dagrun for flight_fare_stages_2_to_7 to None, run_after=None
[2026-03-01T13:21:36.833+0000] {processor.py:208} INFO - Processing /opt/airflow/dags/flight_fare_stages_2_to_7_dag.py took 6.754 seconds
[2026-03-01T13:22:07.480+0000] {processor.py:186} INFO - Started process (PID=1872) to work on /opt/airflow/dags/flight_fare_stages_2_to_7_dag.py
[2026-03-01T13:22:07.488+0000] {processor.py:914} INFO - Processing file /opt/airflow/dags/flight_fare_stages_2_to_7_dag.py for tasks to queue
[2026-03-01T13:22:07.500+0000] {logging_mixin.py:190} INFO - [2026-03-01T13:22:07.500+0000] {dagbag.py:588} INFO - Filling up the DagBag from /opt/airflow/dags/flight_fare_stages_2_to_7_dag.py
[2026-03-01T13:22:13.304+0000] {processor.py:925} INFO - DAG(s) 'flight_fare_stages_2_to_7' retrieved from /opt/airflow/dags/flight_fare_stages_2_to_7_dag.py
[2026-03-01T13:22:13.625+0000] {logging_mixin.py:190} INFO - [2026-03-01T13:22:13.624+0000] {dag.py:3239} INFO - Sync 1 DAGs
[2026-03-01T13:22:13.676+0000] {logging_mixin.py:190} INFO - [2026-03-01T13:22:13.675+0000] {dag.py:4180} INFO - Setting next_dagrun for flight_fare_stages_2_to_7 to None, run_after=None
[2026-03-01T13:22:13.751+0000] {processor.py:208} INFO - Processing /opt/airflow/dags/flight_fare_stages_2_to_7_dag.py took 6.307 seconds
[2026-03-01T13:22:44.184+0000] {processor.py:186} INFO - Started process (PID=1886) to work on /opt/airflow/dags/flight_fare_stages_2_to_7_dag.py
[2026-03-01T13:22:44.188+0000] {processor.py:914} INFO - Processing file /opt/airflow/dags/flight_fare_stages_2_to_7_dag.py for tasks to queue
[2026-03-01T13:22:44.195+0000] {logging_mixin.py:190} INFO - [2026-03-01T13:22:44.195+0000] {dagbag.py:588} INFO - Filling up the DagBag from /opt/airflow/dags/flight_fare_stages_2_to_7_dag.py
[2026-03-01T13:22:51.151+0000] {processor.py:925} INFO - DAG(s) 'flight_fare_stages_2_to_7' retrieved from /opt/airflow/dags/flight_fare_stages_2_to_7_dag.py
[2026-03-01T13:22:51.307+0000] {logging_mixin.py:190} INFO - [2026-03-01T13:22:51.306+0000] {dag.py:3239} INFO - Sync 1 DAGs
[2026-03-01T13:22:51.351+0000] {logging_mixin.py:190} INFO - [2026-03-01T13:22:51.351+0000] {dag.py:4180} INFO - Setting next_dagrun for flight_fare_stages_2_to_7 to None, run_after=None
[2026-03-01T13:22:51.439+0000] {processor.py:208} INFO - Processing /opt/airflow/dags/flight_fare_stages_2_to_7_dag.py took 7.282 seconds
[2026-03-01T13:23:22.361+0000] {processor.py:186} INFO - Started process (PID=1900) to work on /opt/airflow/dags/flight_fare_stages_2_to_7_dag.py
[2026-03-01T13:23:22.363+0000] {processor.py:914} INFO - Processing file /opt/airflow/dags/flight_fare_stages_2_to_7_dag.py for tasks to queue
[2026-03-01T13:23:22.374+0000] {logging_mixin.py:190} INFO - [2026-03-01T13:23:22.374+0000] {dagbag.py:588} INFO - Filling up the DagBag from /opt/airflow/dags/flight_fare_stages_2_to_7_dag.py
[2026-03-01T13:23:30.491+0000] {processor.py:925} INFO - DAG(s) 'flight_fare_stages_2_to_7' retrieved from /opt/airflow/dags/flight_fare_stages_2_to_7_dag.py
[2026-03-01T13:23:30.720+0000] {logging_mixin.py:190} INFO - [2026-03-01T13:23:30.719+0000] {dag.py:3239} INFO - Sync 1 DAGs
[2026-03-01T13:23:30.823+0000] {logging_mixin.py:190} INFO - [2026-03-01T13:23:30.821+0000] {dag.py:4180} INFO - Setting next_dagrun for flight_fare_stages_2_to_7 to None, run_after=None
[2026-03-01T13:23:30.915+0000] {processor.py:208} INFO - Processing /opt/airflow/dags/flight_fare_stages_2_to_7_dag.py took 8.596 seconds
[2026-03-01T13:24:01.269+0000] {processor.py:186} INFO - Started process (PID=1914) to work on /opt/airflow/dags/flight_fare_stages_2_to_7_dag.py
[2026-03-01T13:24:01.276+0000] {processor.py:914} INFO - Processing file /opt/airflow/dags/flight_fare_stages_2_to_7_dag.py for tasks to queue
[2026-03-01T13:24:01.288+0000] {logging_mixin.py:190} INFO - [2026-03-01T13:24:01.287+0000] {dagbag.py:588} INFO - Filling up the DagBag from /opt/airflow/dags/flight_fare_stages_2_to_7_dag.py
[2026-03-01T13:24:17.511+0000] {processor.py:925} INFO - DAG(s) 'flight_fare_stages_2_to_7' retrieved from /opt/airflow/dags/flight_fare_stages_2_to_7_dag.py
[2026-03-01T13:24:17.653+0000] {logging_mixin.py:190} INFO - [2026-03-01T13:24:17.648+0000] {dag.py:3239} INFO - Sync 1 DAGs
[2026-03-01T13:24:18.035+0000] {logging_mixin.py:190} INFO - [2026-03-01T13:24:18.034+0000] {dag.py:4180} INFO - Setting next_dagrun for flight_fare_stages_2_to_7 to None, run_after=None
[2026-03-01T13:24:18.138+0000] {processor.py:208} INFO - Processing /opt/airflow/dags/flight_fare_stages_2_to_7_dag.py took 16.909 seconds
[2026-03-01T13:24:49.531+0000] {processor.py:186} INFO - Started process (PID=1928) to work on /opt/airflow/dags/flight_fare_stages_2_to_7_dag.py
[2026-03-01T13:24:49.550+0000] {processor.py:914} INFO - Processing file /opt/airflow/dags/flight_fare_stages_2_to_7_dag.py for tasks to queue
[2026-03-01T13:24:49.773+0000] {logging_mixin.py:190} INFO - [2026-03-01T13:24:49.761+0000] {dagbag.py:588} INFO - Filling up the DagBag from /opt/airflow/dags/flight_fare_stages_2_to_7_dag.py
[2026-03-01T13:24:58.275+0000] {processor.py:925} INFO - DAG(s) 'flight_fare_stages_2_to_7' retrieved from /opt/airflow/dags/flight_fare_stages_2_to_7_dag.py
[2026-03-01T13:24:59.193+0000] {logging_mixin.py:190} INFO - [2026-03-01T13:24:59.192+0000] {dag.py:3239} INFO - Sync 1 DAGs
[2026-03-01T13:24:59.234+0000] {logging_mixin.py:190} INFO - [2026-03-01T13:24:59.234+0000] {dag.py:4180} INFO - Setting next_dagrun for flight_fare_stages_2_to_7 to None, run_after=None
[2026-03-01T13:25:01.230+0000] {processor.py:208} INFO - Processing /opt/airflow/dags/flight_fare_stages_2_to_7_dag.py took 11.953 seconds
[2026-03-01T13:25:32.275+0000] {processor.py:186} INFO - Started process (PID=1942) to work on /opt/airflow/dags/flight_fare_stages_2_to_7_dag.py
[2026-03-01T13:25:32.281+0000] {processor.py:914} INFO - Processing file /opt/airflow/dags/flight_fare_stages_2_to_7_dag.py for tasks to queue
[2026-03-01T13:25:32.337+0000] {logging_mixin.py:190} INFO - [2026-03-01T13:25:32.337+0000] {dagbag.py:588} INFO - Filling up the DagBag from /opt/airflow/dags/flight_fare_stages_2_to_7_dag.py
[2026-03-01T13:25:38.655+0000] {processor.py:925} INFO - DAG(s) 'flight_fare_stages_2_to_7' retrieved from /opt/airflow/dags/flight_fare_stages_2_to_7_dag.py
[2026-03-01T13:25:38.748+0000] {logging_mixin.py:190} INFO - [2026-03-01T13:25:38.747+0000] {dag.py:3239} INFO - Sync 1 DAGs
[2026-03-01T13:25:38.786+0000] {logging_mixin.py:190} INFO - [2026-03-01T13:25:38.786+0000] {dag.py:4180} INFO - Setting next_dagrun for flight_fare_stages_2_to_7 to None, run_after=None
[2026-03-01T13:25:38.841+0000] {processor.py:208} INFO - Processing /opt/airflow/dags/flight_fare_stages_2_to_7_dag.py took 6.756 seconds
[2026-03-01T13:26:09.590+0000] {processor.py:186} INFO - Started process (PID=1956) to work on /opt/airflow/dags/flight_fare_stages_2_to_7_dag.py
[2026-03-01T13:26:09.593+0000] {processor.py:914} INFO - Processing file /opt/airflow/dags/flight_fare_stages_2_to_7_dag.py for tasks to queue
[2026-03-01T13:26:09.609+0000] {logging_mixin.py:190} INFO - [2026-03-01T13:26:09.608+0000] {dagbag.py:588} INFO - Filling up the DagBag from /opt/airflow/dags/flight_fare_stages_2_to_7_dag.py
[2026-03-01T13:26:16.682+0000] {processor.py:925} INFO - DAG(s) 'flight_fare_stages_2_to_7' retrieved from /opt/airflow/dags/flight_fare_stages_2_to_7_dag.py
[2026-03-01T13:26:16.783+0000] {logging_mixin.py:190} INFO - [2026-03-01T13:26:16.782+0000] {dag.py:3239} INFO - Sync 1 DAGs
[2026-03-01T13:26:16.844+0000] {logging_mixin.py:190} INFO - [2026-03-01T13:26:16.843+0000] {dag.py:4180} INFO - Setting next_dagrun for flight_fare_stages_2_to_7 to None, run_after=None
[2026-03-01T13:26:16.928+0000] {processor.py:208} INFO - Processing /opt/airflow/dags/flight_fare_stages_2_to_7_dag.py took 7.374 seconds
