[2026-03-01T12:09:26.013+0000] {manager.py:483} INFO - Processing files using up to 2 processes at a time 
[2026-03-01T12:09:26.016+0000] {manager.py:484} INFO - Process each file at most once every 30 seconds
[2026-03-01T12:09:26.018+0000] {manager.py:485} INFO - Checking for new files in /opt/airflow/dags every 300 seconds
[2026-03-01T12:09:26.020+0000] {manager.py:821} INFO - Searching for files in /opt/airflow/dags
[2026-03-01T12:09:26.180+0000] {manager.py:824} INFO - There are 1 files in /opt/airflow/dags
[2026-03-01T12:09:26.826+0000] {manager.py:997} INFO - 
================================================================================
DAG File Processing Stats

File Path                                             PID  Runtime      # DAGs    # Errors  Last Runtime    Last Run      Last # of DB Queries
--------------------------------------------------  -----  ---------  --------  ----------  --------------  ----------  ----------------------
/opt/airflow/dags/flight_fare_stages_2_to_7_dag.py    167  0.25s             0           0                                                   0
================================================================================
[2026-03-01T12:09:47.430+0000] {manager.py:465} INFO - Exiting gracefully upon receiving signal 15
[2026-03-01T12:13:26.996+0000] {manager.py:483} INFO - Processing files using up to 2 processes at a time 
[2026-03-01T12:13:27.005+0000] {manager.py:484} INFO - Process each file at most once every 30 seconds
[2026-03-01T12:13:27.012+0000] {manager.py:485} INFO - Checking for new files in /opt/airflow/dags every 300 seconds
[2026-03-01T12:13:27.014+0000] {manager.py:821} INFO - Searching for files in /opt/airflow/dags
[2026-03-01T12:13:27.064+0000] {manager.py:824} INFO - There are 1 files in /opt/airflow/dags
[2026-03-01T12:13:28.538+0000] {manager.py:997} INFO - 
================================================================================
DAG File Processing Stats

File Path                                             PID  Runtime      # DAGs    # Errors  Last Runtime    Last Run      Last # of DB Queries
--------------------------------------------------  -----  ---------  --------  ----------  --------------  ----------  ----------------------
/opt/airflow/dags/flight_fare_stages_2_to_7_dag.py    167  0.96s             0           0                                                   0
================================================================================
[2026-03-01T12:13:59.068+0000] {manager.py:997} INFO - 
================================================================================
DAG File Processing Stats

File Path                                           PID    Runtime      # DAGs    # Errors  Last Runtime    Last Run               Last # of DB Queries
--------------------------------------------------  -----  ---------  --------  ----------  --------------  -------------------  ----------------------
/opt/airflow/dags/flight_fare_stages_2_to_7_dag.py                           1           0  14.32s          2026-03-01T12:13:41                      10
================================================================================
[2026-03-01T12:14:29.723+0000] {manager.py:997} INFO - 
================================================================================
DAG File Processing Stats

File Path                                           PID    Runtime      # DAGs    # Errors  Last Runtime    Last Run               Last # of DB Queries
--------------------------------------------------  -----  ---------  --------  ----------  --------------  -------------------  ----------------------
/opt/airflow/dags/flight_fare_stages_2_to_7_dag.py                           1           0  5.64s           2026-03-01T12:14:17                      10
================================================================================
[2026-03-01T12:15:00.400+0000] {manager.py:997} INFO - 
================================================================================
DAG File Processing Stats

File Path                                             PID  Runtime      # DAGs    # Errors  Last Runtime    Last Run               Last # of DB Queries
--------------------------------------------------  -----  ---------  --------  ----------  --------------  -------------------  ----------------------
/opt/airflow/dags/flight_fare_stages_2_to_7_dag.py    195  11.62s            1           0  5.64s           2026-03-01T12:14:17                      10
================================================================================
[2026-03-01T12:15:30.752+0000] {manager.py:997} INFO - 
================================================================================
DAG File Processing Stats

File Path                                           PID    Runtime      # DAGs    # Errors  Last Runtime    Last Run               Last # of DB Queries
--------------------------------------------------  -----  ---------  --------  ----------  --------------  -------------------  ----------------------
/opt/airflow/dags/flight_fare_stages_2_to_7_dag.py                           1           0  16.85s          2026-03-01T12:15:05                      10
================================================================================
[2026-03-01T12:16:00.775+0000] {manager.py:997} INFO - 
================================================================================
DAG File Processing Stats

File Path                                           PID    Runtime      # DAGs    # Errors  Last Runtime    Last Run               Last # of DB Queries
--------------------------------------------------  -----  ---------  --------  ----------  --------------  -------------------  ----------------------
/opt/airflow/dags/flight_fare_stages_2_to_7_dag.py                           1           0  2.77s           2026-03-01T12:15:38                      10
================================================================================
[2026-03-01T12:16:31.043+0000] {manager.py:997} INFO - 
================================================================================
DAG File Processing Stats

File Path                                           PID    Runtime      # DAGs    # Errors  Last Runtime    Last Run               Last # of DB Queries
--------------------------------------------------  -----  ---------  --------  ----------  --------------  -------------------  ----------------------
/opt/airflow/dags/flight_fare_stages_2_to_7_dag.py                           1           0  2.17s           2026-03-01T12:16:11                      10
================================================================================
[2026-03-01T12:17:01.600+0000] {manager.py:997} INFO - 
================================================================================
DAG File Processing Stats

File Path                                           PID    Runtime      # DAGs    # Errors  Last Runtime    Last Run               Last # of DB Queries
--------------------------------------------------  -----  ---------  --------  ----------  --------------  -------------------  ----------------------
/opt/airflow/dags/flight_fare_stages_2_to_7_dag.py                           1           0  2.19s           2026-03-01T12:16:43                      10
================================================================================
[2026-03-01T12:17:32.085+0000] {manager.py:997} INFO - 
================================================================================
DAG File Processing Stats

File Path                                           PID    Runtime      # DAGs    # Errors  Last Runtime    Last Run               Last # of DB Queries
--------------------------------------------------  -----  ---------  --------  ----------  --------------  -------------------  ----------------------
/opt/airflow/dags/flight_fare_stages_2_to_7_dag.py                           1           0  6.16s           2026-03-01T12:17:19                      10
================================================================================
[2026-03-01T12:18:02.359+0000] {manager.py:997} INFO - 
================================================================================
DAG File Processing Stats

File Path                                           PID    Runtime      # DAGs    # Errors  Last Runtime    Last Run               Last # of DB Queries
--------------------------------------------------  -----  ---------  --------  ----------  --------------  -------------------  ----------------------
/opt/airflow/dags/flight_fare_stages_2_to_7_dag.py                           1           0  3.32s           2026-03-01T12:17:53                      10
================================================================================
[2026-03-01T12:18:27.840+0000] {manager.py:821} INFO - Searching for files in /opt/airflow/dags
[2026-03-01T12:18:27.868+0000] {manager.py:824} INFO - There are 1 files in /opt/airflow/dags
[2026-03-01T12:18:32.935+0000] {manager.py:997} INFO - 
================================================================================
DAG File Processing Stats

File Path                                           PID    Runtime      # DAGs    # Errors  Last Runtime    Last Run               Last # of DB Queries
--------------------------------------------------  -----  ---------  --------  ----------  --------------  -------------------  ----------------------
/opt/airflow/dags/flight_fare_stages_2_to_7_dag.py                           1           0  2.06s           2026-03-01T12:18:25                      10
================================================================================
[2026-03-01T12:19:03.239+0000] {manager.py:997} INFO - 
================================================================================
DAG File Processing Stats

File Path                                             PID  Runtime      # DAGs    # Errors  Last Runtime    Last Run               Last # of DB Queries
--------------------------------------------------  -----  ---------  --------  ----------  --------------  -------------------  ----------------------
/opt/airflow/dags/flight_fare_stages_2_to_7_dag.py    303  7.10s             1           0  2.06s           2026-03-01T12:18:25                      10
================================================================================
[2026-03-01T12:19:33.584+0000] {manager.py:997} INFO - 
================================================================================
DAG File Processing Stats

File Path                                           PID    Runtime      # DAGs    # Errors  Last Runtime    Last Run               Last # of DB Queries
--------------------------------------------------  -----  ---------  --------  ----------  --------------  -------------------  ----------------------
/opt/airflow/dags/flight_fare_stages_2_to_7_dag.py                           1           0  8.64s           2026-03-01T12:19:04                      10
================================================================================
[2026-03-01T12:20:03.728+0000] {manager.py:997} INFO - 
================================================================================
DAG File Processing Stats

File Path                                           PID    Runtime      # DAGs    # Errors  Last Runtime    Last Run               Last # of DB Queries
--------------------------------------------------  -----  ---------  --------  ----------  --------------  -------------------  ----------------------
/opt/airflow/dags/flight_fare_stages_2_to_7_dag.py                           1           0  3.43s           2026-03-01T12:19:38                      10
================================================================================
[2026-03-01T12:20:34.045+0000] {manager.py:997} INFO - 
================================================================================
DAG File Processing Stats

File Path                                           PID    Runtime      # DAGs    # Errors  Last Runtime    Last Run               Last # of DB Queries
--------------------------------------------------  -----  ---------  --------  ----------  --------------  -------------------  ----------------------
/opt/airflow/dags/flight_fare_stages_2_to_7_dag.py                           1           0  3.22s           2026-03-01T12:20:12                      10
================================================================================
[2026-03-01T12:21:04.800+0000] {manager.py:997} INFO - 
================================================================================
DAG File Processing Stats

File Path                                           PID    Runtime      # DAGs    # Errors  Last Runtime    Last Run               Last # of DB Queries
--------------------------------------------------  -----  ---------  --------  ----------  --------------  -------------------  ----------------------
/opt/airflow/dags/flight_fare_stages_2_to_7_dag.py                           1           0  5.40s           2026-03-01T12:21:02                      10
================================================================================
[2026-03-01T12:21:35.190+0000] {manager.py:997} INFO - 
================================================================================
DAG File Processing Stats

File Path                                             PID  Runtime      # DAGs    # Errors  Last Runtime    Last Run               Last # of DB Queries
--------------------------------------------------  -----  ---------  --------  ----------  --------------  -------------------  ----------------------
/opt/airflow/dags/flight_fare_stages_2_to_7_dag.py    408  2.06s             1           0  5.40s           2026-03-01T12:21:02                      10
================================================================================
[2026-03-01T12:22:05.497+0000] {manager.py:997} INFO - 
================================================================================
DAG File Processing Stats

File Path                                           PID    Runtime      # DAGs    # Errors  Last Runtime    Last Run               Last # of DB Queries
--------------------------------------------------  -----  ---------  --------  ----------  --------------  -------------------  ----------------------
/opt/airflow/dags/flight_fare_stages_2_to_7_dag.py                           1           0  3.90s           2026-03-01T12:21:37                      10
================================================================================
[2026-03-01T12:22:36.331+0000] {manager.py:997} INFO - 
================================================================================
DAG File Processing Stats

File Path                                           PID    Runtime      # DAGs    # Errors  Last Runtime    Last Run               Last # of DB Queries
--------------------------------------------------  -----  ---------  --------  ----------  --------------  -------------------  ----------------------
/opt/airflow/dags/flight_fare_stages_2_to_7_dag.py                           1           0  15.43s          2026-03-01T12:22:22                      10
================================================================================
[2026-03-01T12:23:07.165+0000] {manager.py:997} INFO - 
================================================================================
DAG File Processing Stats

File Path                                           PID    Runtime      # DAGs    # Errors  Last Runtime    Last Run               Last # of DB Queries
--------------------------------------------------  -----  ---------  --------  ----------  --------------  -------------------  ----------------------
/opt/airflow/dags/flight_fare_stages_2_to_7_dag.py                           1           0  10.37s          2026-03-01T12:23:04                      10
================================================================================
[2026-03-01T12:23:28.507+0000] {manager.py:821} INFO - Searching for files in /opt/airflow/dags
[2026-03-01T12:23:28.570+0000] {manager.py:824} INFO - There are 1 files in /opt/airflow/dags
[2026-03-01T12:23:37.201+0000] {manager.py:997} INFO - 
================================================================================
DAG File Processing Stats

File Path                                             PID  Runtime      # DAGs    # Errors  Last Runtime    Last Run               Last # of DB Queries
--------------------------------------------------  -----  ---------  --------  ----------  --------------  -------------------  ----------------------
/opt/airflow/dags/flight_fare_stages_2_to_7_dag.py    563  2.35s             1           0  10.37s          2026-03-01T12:23:04                      10
================================================================================
[2026-03-01T12:24:07.775+0000] {manager.py:997} INFO - 
================================================================================
DAG File Processing Stats

File Path                                           PID    Runtime      # DAGs    # Errors  Last Runtime    Last Run               Last # of DB Queries
--------------------------------------------------  -----  ---------  --------  ----------  --------------  -------------------  ----------------------
/opt/airflow/dags/flight_fare_stages_2_to_7_dag.py                           1           0  10.10s          2026-03-01T12:23:44                      10
================================================================================
[2026-03-01T12:24:38.449+0000] {manager.py:997} INFO - 
================================================================================
DAG File Processing Stats

File Path                                           PID    Runtime      # DAGs    # Errors  Last Runtime    Last Run               Last # of DB Queries
--------------------------------------------------  -----  ---------  --------  ----------  --------------  -------------------  ----------------------
/opt/airflow/dags/flight_fare_stages_2_to_7_dag.py                           1           0  9.11s           2026-03-01T12:24:24                      10
================================================================================
[2026-03-01T12:25:09.121+0000] {manager.py:997} INFO - 
================================================================================
DAG File Processing Stats

File Path                                           PID    Runtime      # DAGs    # Errors  Last Runtime    Last Run               Last # of DB Queries
--------------------------------------------------  -----  ---------  --------  ----------  --------------  -------------------  ----------------------
/opt/airflow/dags/flight_fare_stages_2_to_7_dag.py                           1           0  8.28s           2026-03-01T12:25:03                      10
================================================================================
[2026-03-01T12:25:39.912+0000] {manager.py:997} INFO - 
================================================================================
DAG File Processing Stats

File Path                                             PID  Runtime      # DAGs    # Errors  Last Runtime    Last Run               Last # of DB Queries
--------------------------------------------------  -----  ---------  --------  ----------  --------------  -------------------  ----------------------
/opt/airflow/dags/flight_fare_stages_2_to_7_dag.py    605  6.22s             1           0  8.28s           2026-03-01T12:25:03                      10
================================================================================
[2026-03-01T12:26:10.021+0000] {manager.py:997} INFO - 
================================================================================
DAG File Processing Stats

File Path                                           PID    Runtime      # DAGs    # Errors  Last Runtime    Last Run               Last # of DB Queries
--------------------------------------------------  -----  ---------  --------  ----------  --------------  -------------------  ----------------------
/opt/airflow/dags/flight_fare_stages_2_to_7_dag.py                           1           0  8.87s           2026-03-01T12:25:42                      10
================================================================================
[2026-03-01T12:26:40.665+0000] {manager.py:997} INFO - 
================================================================================
DAG File Processing Stats

File Path                                           PID    Runtime      # DAGs    # Errors  Last Runtime    Last Run               Last # of DB Queries
--------------------------------------------------  -----  ---------  --------  ----------  --------------  -------------------  ----------------------
/opt/airflow/dags/flight_fare_stages_2_to_7_dag.py                           1           0  8.05s           2026-03-01T12:26:21                      10
================================================================================
[2026-03-01T12:27:10.991+0000] {manager.py:997} INFO - 
================================================================================
DAG File Processing Stats

File Path                                           PID    Runtime      # DAGs    # Errors  Last Runtime    Last Run               Last # of DB Queries
--------------------------------------------------  -----  ---------  --------  ----------  --------------  -------------------  ----------------------
/opt/airflow/dags/flight_fare_stages_2_to_7_dag.py                           1           0  8.80s           2026-03-01T12:27:00                      10
================================================================================
[2026-03-01T12:27:41.298+0000] {manager.py:997} INFO - 
================================================================================
DAG File Processing Stats

File Path                                           PID    Runtime      # DAGs    # Errors  Last Runtime    Last Run               Last # of DB Queries
--------------------------------------------------  -----  ---------  --------  ----------  --------------  -------------------  ----------------------
/opt/airflow/dags/flight_fare_stages_2_to_7_dag.py                           1           0  7.92s           2026-03-01T12:27:39                      10
================================================================================
[2026-03-01T12:28:11.405+0000] {manager.py:997} INFO - 
================================================================================
DAG File Processing Stats

File Path                                             PID  Runtime      # DAGs    # Errors  Last Runtime    Last Run               Last # of DB Queries
--------------------------------------------------  -----  ---------  --------  ----------  --------------  -------------------  ----------------------
/opt/airflow/dags/flight_fare_stages_2_to_7_dag.py    661  2.11s             1           0  7.92s           2026-03-01T12:27:39                      10
================================================================================
[2026-03-01T12:28:29.009+0000] {manager.py:821} INFO - Searching for files in /opt/airflow/dags
[2026-03-01T12:28:29.053+0000] {manager.py:824} INFO - There are 1 files in /opt/airflow/dags
[2026-03-01T12:28:41.711+0000] {manager.py:997} INFO - 
================================================================================
DAG File Processing Stats

File Path                                           PID    Runtime      # DAGs    # Errors  Last Runtime    Last Run               Last # of DB Queries
--------------------------------------------------  -----  ---------  --------  ----------  --------------  -------------------  ----------------------
/opt/airflow/dags/flight_fare_stages_2_to_7_dag.py                           1           0  11.90s          2026-03-01T12:28:21                      10
================================================================================
[2026-03-01T12:29:12.614+0000] {manager.py:997} INFO - 
================================================================================
DAG File Processing Stats

File Path                                           PID    Runtime      # DAGs    # Errors  Last Runtime    Last Run               Last # of DB Queries
--------------------------------------------------  -----  ---------  --------  ----------  --------------  -------------------  ----------------------
/opt/airflow/dags/flight_fare_stages_2_to_7_dag.py                           1           0  8.56s           2026-03-01T12:29:00                      10
================================================================================
[2026-03-01T12:29:42.632+0000] {manager.py:997} INFO - 
================================================================================
DAG File Processing Stats

File Path                                           PID    Runtime      # DAGs    # Errors  Last Runtime    Last Run               Last # of DB Queries
--------------------------------------------------  -----  ---------  --------  ----------  --------------  -------------------  ----------------------
/opt/airflow/dags/flight_fare_stages_2_to_7_dag.py                           1           0  8.69s           2026-03-01T12:29:39                      10
================================================================================
[2026-03-01T12:30:13.564+0000] {manager.py:997} INFO - 
================================================================================
DAG File Processing Stats

File Path                                             PID  Runtime      # DAGs    # Errors  Last Runtime    Last Run               Last # of DB Queries
--------------------------------------------------  -----  ---------  --------  ----------  --------------  -------------------  ----------------------
/opt/airflow/dags/flight_fare_stages_2_to_7_dag.py    703  3.12s             1           0  8.69s           2026-03-01T12:29:39                      10
================================================================================
[2026-03-01T12:30:44.050+0000] {manager.py:997} INFO - 
================================================================================
DAG File Processing Stats

File Path                                           PID    Runtime      # DAGs    # Errors  Last Runtime    Last Run               Last # of DB Queries
--------------------------------------------------  -----  ---------  --------  ----------  --------------  -------------------  ----------------------
/opt/airflow/dags/flight_fare_stages_2_to_7_dag.py                           1           0  8.01s           2026-03-01T12:30:18                      10
================================================================================
[2026-03-01T12:31:14.354+0000] {manager.py:997} INFO - 
================================================================================
DAG File Processing Stats

File Path                                           PID    Runtime      # DAGs    # Errors  Last Runtime    Last Run               Last # of DB Queries
--------------------------------------------------  -----  ---------  --------  ----------  --------------  -------------------  ----------------------
/opt/airflow/dags/flight_fare_stages_2_to_7_dag.py                           1           0  7.76s           2026-03-01T12:30:56                      10
================================================================================
[2026-03-01T12:31:45.259+0000] {manager.py:997} INFO - 
================================================================================
DAG File Processing Stats

File Path                                           PID    Runtime      # DAGs    # Errors  Last Runtime    Last Run               Last # of DB Queries
--------------------------------------------------  -----  ---------  --------  ----------  --------------  -------------------  ----------------------
/opt/airflow/dags/flight_fare_stages_2_to_7_dag.py                           1           0  7.51s           2026-03-01T12:31:35                      10
================================================================================
[2026-03-01T12:32:15.783+0000] {manager.py:997} INFO - 
================================================================================
DAG File Processing Stats

File Path                                           PID    Runtime      # DAGs    # Errors  Last Runtime    Last Run               Last # of DB Queries
--------------------------------------------------  -----  ---------  --------  ----------  --------------  -------------------  ----------------------
/opt/airflow/dags/flight_fare_stages_2_to_7_dag.py                           1           0  6.99s           2026-03-01T12:32:12                      10
================================================================================
[2026-03-01T12:32:46.522+0000] {manager.py:997} INFO - 
================================================================================
DAG File Processing Stats

File Path                                             PID  Runtime      # DAGs    # Errors  Last Runtime    Last Run               Last # of DB Queries
--------------------------------------------------  -----  ---------  --------  ----------  --------------  -------------------  ----------------------
/opt/airflow/dags/flight_fare_stages_2_to_7_dag.py    759  3.11s             1           0  6.99s           2026-03-01T12:32:12                      10
================================================================================
[2026-03-01T12:33:17.443+0000] {manager.py:997} INFO - 
================================================================================
DAG File Processing Stats

File Path                                           PID    Runtime      # DAGs    # Errors  Last Runtime    Last Run               Last # of DB Queries
--------------------------------------------------  -----  ---------  --------  ----------  --------------  -------------------  ----------------------
/opt/airflow/dags/flight_fare_stages_2_to_7_dag.py                           1           0  8.52s           2026-03-01T12:32:51                      10
================================================================================
[2026-03-01T12:33:29.739+0000] {manager.py:821} INFO - Searching for files in /opt/airflow/dags
[2026-03-01T12:33:29.771+0000] {manager.py:824} INFO - There are 1 files in /opt/airflow/dags
[2026-03-01T12:33:48.222+0000] {manager.py:997} INFO - 
================================================================================
DAG File Processing Stats

File Path                                           PID    Runtime      # DAGs    # Errors  Last Runtime    Last Run               Last # of DB Queries
--------------------------------------------------  -----  ---------  --------  ----------  --------------  -------------------  ----------------------
/opt/airflow/dags/flight_fare_stages_2_to_7_dag.py                           1           0  8.47s           2026-03-01T12:33:31                      10
================================================================================
[2026-03-01T12:34:18.511+0000] {manager.py:997} INFO - 
================================================================================
DAG File Processing Stats

File Path                                           PID    Runtime      # DAGs    # Errors  Last Runtime    Last Run               Last # of DB Queries
--------------------------------------------------  -----  ---------  --------  ----------  --------------  -------------------  ----------------------
/opt/airflow/dags/flight_fare_stages_2_to_7_dag.py                           1           0  8.80s           2026-03-01T12:34:10                      10
================================================================================
[2026-03-01T12:34:48.546+0000] {manager.py:997} INFO - 
================================================================================
DAG File Processing Stats

File Path                                             PID  Runtime      # DAGs    # Errors  Last Runtime    Last Run               Last # of DB Queries
--------------------------------------------------  -----  ---------  --------  ----------  --------------  -------------------  ----------------------
/opt/airflow/dags/flight_fare_stages_2_to_7_dag.py    801  8.16s             1           0  8.80s           2026-03-01T12:34:10                      10
================================================================================
[2026-03-01T12:35:19.611+0000] {manager.py:997} INFO - 
================================================================================
DAG File Processing Stats

File Path                                             PID  Runtime      # DAGs    # Errors  Last Runtime    Last Run               Last # of DB Queries
--------------------------------------------------  -----  ---------  --------  ----------  --------------  -------------------  ----------------------
/opt/airflow/dags/flight_fare_stages_2_to_7_dag.py    815  0.04s             1           0  8.41s           2026-03-01T12:34:48                      10
================================================================================
[2026-03-01T12:35:49.900+0000] {manager.py:997} INFO - 
================================================================================
DAG File Processing Stats

File Path                                           PID    Runtime      # DAGs    # Errors  Last Runtime    Last Run               Last # of DB Queries
--------------------------------------------------  -----  ---------  --------  ----------  --------------  -------------------  ----------------------
/opt/airflow/dags/flight_fare_stages_2_to_7_dag.py                           1           0  20.35s          2026-03-01T12:35:39                      10
================================================================================
[2026-03-01T12:36:20.319+0000] {manager.py:997} INFO - 
================================================================================
DAG File Processing Stats

File Path                                             PID  Runtime      # DAGs    # Errors  Last Runtime    Last Run               Last # of DB Queries
--------------------------------------------------  -----  ---------  --------  ----------  --------------  -------------------  ----------------------
/opt/airflow/dags/flight_fare_stages_2_to_7_dag.py    829  9.73s             1           0  20.35s          2026-03-01T12:35:39                      10
================================================================================
[2026-03-01T12:36:50.398+0000] {manager.py:997} INFO - 
================================================================================
DAG File Processing Stats

File Path                                           PID    Runtime      # DAGs    # Errors  Last Runtime    Last Run               Last # of DB Queries
--------------------------------------------------  -----  ---------  --------  ----------  --------------  -------------------  ----------------------
/opt/airflow/dags/flight_fare_stages_2_to_7_dag.py                           1           0  27.19s          2026-03-01T12:36:37                      10
================================================================================
[2026-03-01T12:37:21.298+0000] {manager.py:997} INFO - 
================================================================================
DAG File Processing Stats

File Path                                           PID    Runtime      # DAGs    # Errors  Last Runtime    Last Run               Last # of DB Queries
--------------------------------------------------  -----  ---------  --------  ----------  --------------  -------------------  ----------------------
/opt/airflow/dags/flight_fare_stages_2_to_7_dag.py                           1           0  10.32s          2026-03-01T12:37:18                      10
================================================================================
[2026-03-01T12:37:51.988+0000] {manager.py:997} INFO - 
================================================================================
DAG File Processing Stats

File Path                                             PID  Runtime      # DAGs    # Errors  Last Runtime    Last Run               Last # of DB Queries
--------------------------------------------------  -----  ---------  --------  ----------  --------------  -------------------  ----------------------
/opt/airflow/dags/flight_fare_stages_2_to_7_dag.py    857  3.08s             1           0  10.32s          2026-03-01T12:37:18                      10
================================================================================
[2026-03-01T12:38:22.897+0000] {manager.py:997} INFO - 
================================================================================
DAG File Processing Stats

File Path                                           PID    Runtime      # DAGs    # Errors  Last Runtime    Last Run               Last # of DB Queries
--------------------------------------------------  -----  ---------  --------  ----------  --------------  -------------------  ----------------------
/opt/airflow/dags/flight_fare_stages_2_to_7_dag.py                           1           0  8.20s           2026-03-01T12:37:57                      10
================================================================================
[2026-03-01T12:38:30.112+0000] {manager.py:821} INFO - Searching for files in /opt/airflow/dags
[2026-03-01T12:38:30.162+0000] {manager.py:824} INFO - There are 1 files in /opt/airflow/dags
[2026-03-01T12:38:52.985+0000] {manager.py:997} INFO - 
================================================================================
DAG File Processing Stats

File Path                                           PID    Runtime      # DAGs    # Errors  Last Runtime    Last Run               Last # of DB Queries
--------------------------------------------------  -----  ---------  --------  ----------  --------------  -------------------  ----------------------
/opt/airflow/dags/flight_fare_stages_2_to_7_dag.py                           1           0  18.77s          2026-03-01T12:38:46                      10
================================================================================
[2026-03-01T12:39:23.635+0000] {manager.py:997} INFO - 
================================================================================
DAG File Processing Stats

File Path                                             PID  Runtime      # DAGs    # Errors  Last Runtime    Last Run               Last # of DB Queries
--------------------------------------------------  -----  ---------  --------  ----------  --------------  -------------------  ----------------------
/opt/airflow/dags/flight_fare_stages_2_to_7_dag.py    885  6.18s             1           0  18.77s          2026-03-01T12:38:46                      10
================================================================================
[2026-03-01T12:39:53.933+0000] {manager.py:997} INFO - 
================================================================================
DAG File Processing Stats

File Path                                           PID    Runtime      # DAGs    # Errors  Last Runtime    Last Run               Last # of DB Queries
--------------------------------------------------  -----  ---------  --------  ----------  --------------  -------------------  ----------------------
/opt/airflow/dags/flight_fare_stages_2_to_7_dag.py                           1           0  8.80s           2026-03-01T12:39:26                      10
================================================================================
[2026-03-01T12:40:24.185+0000] {manager.py:997} INFO - 
================================================================================
DAG File Processing Stats

File Path                                           PID    Runtime      # DAGs    # Errors  Last Runtime    Last Run               Last # of DB Queries
--------------------------------------------------  -----  ---------  --------  ----------  --------------  -------------------  ----------------------
/opt/airflow/dags/flight_fare_stages_2_to_7_dag.py                           1           0  7.57s           2026-03-01T12:40:03                      10
================================================================================
[2026-03-01T12:40:54.757+0000] {manager.py:997} INFO - 
================================================================================
DAG File Processing Stats

File Path                                           PID    Runtime      # DAGs    # Errors  Last Runtime    Last Run               Last # of DB Queries
--------------------------------------------------  -----  ---------  --------  ----------  --------------  -------------------  ----------------------
/opt/airflow/dags/flight_fare_stages_2_to_7_dag.py                           1           0  8.75s           2026-03-01T12:40:43                      10
================================================================================
[2026-03-01T12:41:25.293+0000] {manager.py:997} INFO - 
================================================================================
DAG File Processing Stats

File Path                                           PID    Runtime      # DAGs    # Errors  Last Runtime    Last Run               Last # of DB Queries
--------------------------------------------------  -----  ---------  --------  ----------  --------------  -------------------  ----------------------
/opt/airflow/dags/flight_fare_stages_2_to_7_dag.py                           1           0  7.43s           2026-03-01T12:41:21                      10
================================================================================
[2026-03-01T12:41:55.860+0000] {manager.py:997} INFO - 
================================================================================
DAG File Processing Stats

File Path                                             PID  Runtime      # DAGs    # Errors  Last Runtime    Last Run               Last # of DB Queries
--------------------------------------------------  -----  ---------  --------  ----------  --------------  -------------------  ----------------------
/opt/airflow/dags/flight_fare_stages_2_to_7_dag.py    942  4.14s             1           0  7.43s           2026-03-01T12:41:21                      10
================================================================================
[2026-03-01T12:42:25.889+0000] {manager.py:997} INFO - 
================================================================================
DAG File Processing Stats

File Path                                           PID    Runtime      # DAGs    # Errors  Last Runtime    Last Run               Last # of DB Queries
--------------------------------------------------  -----  ---------  --------  ----------  --------------  -------------------  ----------------------
/opt/airflow/dags/flight_fare_stages_2_to_7_dag.py                           1           0  6.84s           2026-03-01T12:41:58                      10
================================================================================
[2026-03-01T12:42:56.325+0000] {manager.py:997} INFO - 
================================================================================
DAG File Processing Stats

File Path                                           PID    Runtime      # DAGs    # Errors  Last Runtime    Last Run               Last # of DB Queries
--------------------------------------------------  -----  ---------  --------  ----------  --------------  -------------------  ----------------------
/opt/airflow/dags/flight_fare_stages_2_to_7_dag.py                           1           0  6.75s           2026-03-01T12:42:35                      10
================================================================================
[2026-03-01T12:43:26.981+0000] {manager.py:997} INFO - 
================================================================================
DAG File Processing Stats

File Path                                           PID    Runtime      # DAGs    # Errors  Last Runtime    Last Run               Last # of DB Queries
--------------------------------------------------  -----  ---------  --------  ----------  --------------  -------------------  ----------------------
/opt/airflow/dags/flight_fare_stages_2_to_7_dag.py                           1           0  6.53s           2026-03-01T12:43:11                      10
================================================================================
[2026-03-01T12:43:30.345+0000] {manager.py:821} INFO - Searching for files in /opt/airflow/dags
[2026-03-01T12:43:30.387+0000] {manager.py:824} INFO - There are 1 files in /opt/airflow/dags
[2026-03-01T12:43:57.468+0000] {manager.py:997} INFO - 
================================================================================
DAG File Processing Stats

File Path                                           PID    Runtime      # DAGs    # Errors  Last Runtime    Last Run               Last # of DB Queries
--------------------------------------------------  -----  ---------  --------  ----------  --------------  -------------------  ----------------------
/opt/airflow/dags/flight_fare_stages_2_to_7_dag.py                           1           0  7.12s           2026-03-01T12:43:49                      10
================================================================================
[2026-03-01T12:44:27.732+0000] {manager.py:997} INFO - 
================================================================================
DAG File Processing Stats

File Path                                           PID    Runtime      # DAGs    # Errors  Last Runtime    Last Run               Last # of DB Queries
--------------------------------------------------  -----  ---------  --------  ----------  --------------  -------------------  ----------------------
/opt/airflow/dags/flight_fare_stages_2_to_7_dag.py                           1           0  5.93s           2026-03-01T12:44:25                      10
================================================================================
[2026-03-01T12:44:58.186+0000] {manager.py:997} INFO - 
================================================================================
DAG File Processing Stats

File Path                                             PID  Runtime      # DAGs    # Errors  Last Runtime    Last Run               Last # of DB Queries
--------------------------------------------------  -----  ---------  --------  ----------  --------------  -------------------  ----------------------
/opt/airflow/dags/flight_fare_stages_2_to_7_dag.py   1012  2.06s             1           0  5.93s           2026-03-01T12:44:25                      10
================================================================================
[2026-03-01T12:45:29.020+0000] {manager.py:997} INFO - 
================================================================================
DAG File Processing Stats

File Path                                           PID    Runtime      # DAGs    # Errors  Last Runtime    Last Run               Last # of DB Queries
--------------------------------------------------  -----  ---------  --------  ----------  --------------  -------------------  ----------------------
/opt/airflow/dags/flight_fare_stages_2_to_7_dag.py                           1           0  6.16s           2026-03-01T12:45:02                      10
================================================================================
[2026-03-01T12:45:59.128+0000] {manager.py:997} INFO - 
================================================================================
DAG File Processing Stats

File Path                                           PID    Runtime      # DAGs    # Errors  Last Runtime    Last Run               Last # of DB Queries
--------------------------------------------------  -----  ---------  --------  ----------  --------------  -------------------  ----------------------
/opt/airflow/dags/flight_fare_stages_2_to_7_dag.py                           1           0  10.63s          2026-03-01T12:45:43                      10
================================================================================
[2026-03-01T12:46:29.756+0000] {manager.py:997} INFO - 
================================================================================
DAG File Processing Stats

File Path                                           PID    Runtime      # DAGs    # Errors  Last Runtime    Last Run               Last # of DB Queries
--------------------------------------------------  -----  ---------  --------  ----------  --------------  -------------------  ----------------------
/opt/airflow/dags/flight_fare_stages_2_to_7_dag.py                           1           0  6.51s           2026-03-01T12:46:20                      10
================================================================================
[2026-03-01T12:46:59.887+0000] {manager.py:997} INFO - 
================================================================================
DAG File Processing Stats

File Path                                           PID    Runtime      # DAGs    # Errors  Last Runtime    Last Run               Last # of DB Queries
--------------------------------------------------  -----  ---------  --------  ----------  --------------  -------------------  ----------------------
/opt/airflow/dags/flight_fare_stages_2_to_7_dag.py                           1           0  8.09s           2026-03-01T12:46:59                      10
================================================================================
[2026-03-01T12:47:30.545+0000] {manager.py:997} INFO - 
================================================================================
DAG File Processing Stats

File Path                                             PID  Runtime      # DAGs    # Errors  Last Runtime    Last Run               Last # of DB Queries
--------------------------------------------------  -----  ---------  --------  ----------  --------------  -------------------  ----------------------
/opt/airflow/dags/flight_fare_stages_2_to_7_dag.py   1068  1.04s             1           0  8.09s           2026-03-01T12:46:59                      10
================================================================================
[2026-03-01T12:48:01.296+0000] {manager.py:997} INFO - 
================================================================================
DAG File Processing Stats

File Path                                           PID    Runtime      # DAGs    # Errors  Last Runtime    Last Run               Last # of DB Queries
--------------------------------------------------  -----  ---------  --------  ----------  --------------  -------------------  ----------------------
/opt/airflow/dags/flight_fare_stages_2_to_7_dag.py                           1           0  7.27s           2026-03-01T12:47:36                      10
================================================================================
[2026-03-01T12:48:30.838+0000] {manager.py:821} INFO - Searching for files in /opt/airflow/dags
[2026-03-01T12:48:30.914+0000] {manager.py:824} INFO - There are 1 files in /opt/airflow/dags
[2026-03-01T12:48:31.991+0000] {manager.py:997} INFO - 
================================================================================
DAG File Processing Stats

File Path                                           PID    Runtime      # DAGs    # Errors  Last Runtime    Last Run               Last # of DB Queries
--------------------------------------------------  -----  ---------  --------  ----------  --------------  -------------------  ----------------------
/opt/airflow/dags/flight_fare_stages_2_to_7_dag.py                           1           0  6.14s           2026-03-01T12:48:13                      10
================================================================================
[2026-03-01T12:49:02.784+0000] {manager.py:997} INFO - 
================================================================================
DAG File Processing Stats

File Path                                           PID    Runtime      # DAGs    # Errors  Last Runtime    Last Run               Last # of DB Queries
--------------------------------------------------  -----  ---------  --------  ----------  --------------  -------------------  ----------------------
/opt/airflow/dags/flight_fare_stages_2_to_7_dag.py                           1           0  7.24s           2026-03-01T12:48:51                      10
================================================================================
[2026-03-01T12:49:33.072+0000] {manager.py:997} INFO - 
================================================================================
DAG File Processing Stats

File Path                                           PID    Runtime      # DAGs    # Errors  Last Runtime    Last Run               Last # of DB Queries
--------------------------------------------------  -----  ---------  --------  ----------  --------------  -------------------  ----------------------
/opt/airflow/dags/flight_fare_stages_2_to_7_dag.py                           1           0  7.31s           2026-03-01T12:49:29                      10
================================================================================
[2026-03-01T12:50:03.142+0000] {manager.py:997} INFO - 
================================================================================
DAG File Processing Stats

File Path                                             PID  Runtime      # DAGs    # Errors  Last Runtime    Last Run               Last # of DB Queries
--------------------------------------------------  -----  ---------  --------  ----------  --------------  -------------------  ----------------------
/opt/airflow/dags/flight_fare_stages_2_to_7_dag.py   1124  3.14s             1           0  7.31s           2026-03-01T12:49:29                      10
================================================================================
[2026-03-01T12:50:33.232+0000] {manager.py:997} INFO - 
================================================================================
DAG File Processing Stats

File Path                                           PID    Runtime      # DAGs    # Errors  Last Runtime    Last Run               Last # of DB Queries
--------------------------------------------------  -----  ---------  --------  ----------  --------------  -------------------  ----------------------
/opt/airflow/dags/flight_fare_stages_2_to_7_dag.py                           1           0  8.86s           2026-03-01T12:50:08                      10
================================================================================
[2026-03-01T12:51:03.850+0000] {manager.py:997} INFO - 
================================================================================
DAG File Processing Stats

File Path                                           PID    Runtime      # DAGs    # Errors  Last Runtime    Last Run               Last # of DB Queries
--------------------------------------------------  -----  ---------  --------  ----------  --------------  -------------------  ----------------------
/opt/airflow/dags/flight_fare_stages_2_to_7_dag.py                           1           0  8.73s           2026-03-01T12:50:47                      10
================================================================================
[2026-03-01T12:51:33.954+0000] {manager.py:997} INFO - 
================================================================================
DAG File Processing Stats

File Path                                           PID    Runtime      # DAGs    # Errors  Last Runtime    Last Run               Last # of DB Queries
--------------------------------------------------  -----  ---------  --------  ----------  --------------  -------------------  ----------------------
/opt/airflow/dags/flight_fare_stages_2_to_7_dag.py                           1           0  7.67s           2026-03-01T12:51:25                      10
================================================================================
[2026-03-01T12:52:04.278+0000] {manager.py:997} INFO - 
================================================================================
DAG File Processing Stats

File Path                                           PID    Runtime      # DAGs    # Errors  Last Runtime    Last Run               Last # of DB Queries
--------------------------------------------------  -----  ---------  --------  ----------  --------------  -------------------  ----------------------
/opt/airflow/dags/flight_fare_stages_2_to_7_dag.py                           1           0  7.31s           2026-03-01T12:52:03                      10
================================================================================
[2026-03-01T12:52:35.165+0000] {manager.py:997} INFO - 
================================================================================
DAG File Processing Stats

File Path                                             PID  Runtime      # DAGs    # Errors  Last Runtime    Last Run               Last # of DB Queries
--------------------------------------------------  -----  ---------  --------  ----------  --------------  -------------------  ----------------------
/opt/airflow/dags/flight_fare_stages_2_to_7_dag.py   1180  1.06s             1           0  7.31s           2026-03-01T12:52:03                      10
================================================================================
[2026-03-01T12:53:05.230+0000] {manager.py:997} INFO - 
================================================================================
DAG File Processing Stats

File Path                                           PID    Runtime      # DAGs    # Errors  Last Runtime    Last Run               Last # of DB Queries
--------------------------------------------------  -----  ---------  --------  ----------  --------------  -------------------  ----------------------
/opt/airflow/dags/flight_fare_stages_2_to_7_dag.py                           1           0  6.70s           2026-03-01T12:52:40                      10
================================================================================
[2026-03-01T12:53:31.694+0000] {manager.py:821} INFO - Searching for files in /opt/airflow/dags
[2026-03-01T12:53:31.728+0000] {manager.py:824} INFO - There are 1 files in /opt/airflow/dags
[2026-03-01T12:53:35.835+0000] {manager.py:997} INFO - 
================================================================================
DAG File Processing Stats

File Path                                           PID    Runtime      # DAGs    # Errors  Last Runtime    Last Run               Last # of DB Queries
--------------------------------------------------  -----  ---------  --------  ----------  --------------  -------------------  ----------------------
/opt/airflow/dags/flight_fare_stages_2_to_7_dag.py                           1           0  7.20s           2026-03-01T12:53:18                      10
================================================================================
[2026-03-01T12:54:05.895+0000] {manager.py:997} INFO - 
================================================================================
DAG File Processing Stats

File Path                                           PID    Runtime      # DAGs    # Errors  Last Runtime    Last Run               Last # of DB Queries
--------------------------------------------------  -----  ---------  --------  ----------  --------------  -------------------  ----------------------
/opt/airflow/dags/flight_fare_stages_2_to_7_dag.py                           1           0  9.72s           2026-03-01T12:53:58                      10
================================================================================
[2026-03-01T12:54:36.236+0000] {manager.py:997} INFO - 
================================================================================
DAG File Processing Stats

File Path                                             PID  Runtime      # DAGs    # Errors  Last Runtime    Last Run               Last # of DB Queries
--------------------------------------------------  -----  ---------  --------  ----------  --------------  -------------------  ----------------------
/opt/airflow/dags/flight_fare_stages_2_to_7_dag.py   1222  7.31s             1           0  9.72s           2026-03-01T12:53:58                      10
================================================================================
[2026-03-01T12:55:06.759+0000] {manager.py:997} INFO - 
================================================================================
DAG File Processing Stats

File Path                                           PID    Runtime      # DAGs    # Errors  Last Runtime    Last Run               Last # of DB Queries
--------------------------------------------------  -----  ---------  --------  ----------  --------------  -------------------  ----------------------
/opt/airflow/dags/flight_fare_stages_2_to_7_dag.py                           1           0  8.42s           2026-03-01T12:54:37                      10
================================================================================
[2026-03-01T12:55:36.837+0000] {manager.py:997} INFO - 
================================================================================
DAG File Processing Stats

File Path                                           PID    Runtime      # DAGs    # Errors  Last Runtime    Last Run               Last # of DB Queries
--------------------------------------------------  -----  ---------  --------  ----------  --------------  -------------------  ----------------------
/opt/airflow/dags/flight_fare_stages_2_to_7_dag.py                           1           0  6.47s           2026-03-01T12:55:14                      10
================================================================================
[2026-03-01T12:56:07.294+0000] {manager.py:997} INFO - 
================================================================================
DAG File Processing Stats

File Path                                           PID    Runtime      # DAGs    # Errors  Last Runtime    Last Run               Last # of DB Queries
--------------------------------------------------  -----  ---------  --------  ----------  --------------  -------------------  ----------------------
/opt/airflow/dags/flight_fare_stages_2_to_7_dag.py                           1           0  5.66s           2026-03-01T12:55:50                      10
================================================================================
[2026-03-01T12:56:38.112+0000] {manager.py:997} INFO - 
================================================================================
DAG File Processing Stats

File Path                                           PID    Runtime      # DAGs    # Errors  Last Runtime    Last Run               Last # of DB Queries
--------------------------------------------------  -----  ---------  --------  ----------  --------------  -------------------  ----------------------
/opt/airflow/dags/flight_fare_stages_2_to_7_dag.py                           1           0  6.67s           2026-03-01T12:56:27                      10
================================================================================
[2026-03-01T12:57:08.680+0000] {manager.py:997} INFO - 
================================================================================
DAG File Processing Stats

File Path                                           PID    Runtime      # DAGs    # Errors  Last Runtime    Last Run               Last # of DB Queries
--------------------------------------------------  -----  ---------  --------  ----------  --------------  -------------------  ----------------------
/opt/airflow/dags/flight_fare_stages_2_to_7_dag.py                           1           0  6.35s           2026-03-01T12:57:03                      10
================================================================================
[2026-03-01T12:57:39.235+0000] {manager.py:997} INFO - 
================================================================================
DAG File Processing Stats

File Path                                             PID  Runtime      # DAGs    # Errors  Last Runtime    Last Run               Last # of DB Queries
--------------------------------------------------  -----  ---------  --------  ----------  --------------  -------------------  ----------------------
/opt/airflow/dags/flight_fare_stages_2_to_7_dag.py   1293  5.10s             1           0  6.35s           2026-03-01T12:57:03                      10
================================================================================
[2026-03-01T12:58:09.399+0000] {manager.py:997} INFO - 
================================================================================
DAG File Processing Stats

File Path                                           PID    Runtime      # DAGs    # Errors  Last Runtime    Last Run               Last # of DB Queries
--------------------------------------------------  -----  ---------  --------  ----------  --------------  -------------------  ----------------------
/opt/airflow/dags/flight_fare_stages_2_to_7_dag.py                           1           0  6.76s           2026-03-01T12:57:40                      10
================================================================================
[2026-03-01T12:58:31.768+0000] {manager.py:821} INFO - Searching for files in /opt/airflow/dags
[2026-03-01T12:58:31.807+0000] {manager.py:824} INFO - There are 1 files in /opt/airflow/dags
[2026-03-01T12:58:40.207+0000] {manager.py:997} INFO - 
================================================================================
DAG File Processing Stats

File Path                                           PID    Runtime      # DAGs    # Errors  Last Runtime    Last Run               Last # of DB Queries
--------------------------------------------------  -----  ---------  --------  ----------  --------------  -------------------  ----------------------
/opt/airflow/dags/flight_fare_stages_2_to_7_dag.py                           1           0  7.61s           2026-03-01T12:58:18                      10
================================================================================
[2026-03-01T12:59:10.679+0000] {manager.py:997} INFO - 
================================================================================
DAG File Processing Stats

File Path                                           PID    Runtime      # DAGs    # Errors  Last Runtime    Last Run               Last # of DB Queries
--------------------------------------------------  -----  ---------  --------  ----------  --------------  -------------------  ----------------------
/opt/airflow/dags/flight_fare_stages_2_to_7_dag.py                           1           0  6.16s           2026-03-01T12:58:55                      10
================================================================================
[2026-03-01T12:59:40.687+0000] {manager.py:997} INFO - 
================================================================================
DAG File Processing Stats

File Path                                           PID    Runtime      # DAGs    # Errors  Last Runtime    Last Run               Last # of DB Queries
--------------------------------------------------  -----  ---------  --------  ----------  --------------  -------------------  ----------------------
/opt/airflow/dags/flight_fare_stages_2_to_7_dag.py                           1           0  7.68s           2026-03-01T12:59:33                      10
================================================================================
[2026-03-01T13:00:11.615+0000] {manager.py:997} INFO - 
================================================================================
DAG File Processing Stats

File Path                                           PID    Runtime      # DAGs    # Errors  Last Runtime    Last Run               Last # of DB Queries
--------------------------------------------------  -----  ---------  --------  ----------  --------------  -------------------  ----------------------
/opt/airflow/dags/flight_fare_stages_2_to_7_dag.py                           1           0  6.61s           2026-03-01T13:00:10                      10
================================================================================
[2026-03-01T13:00:42.202+0000] {manager.py:997} INFO - 
================================================================================
DAG File Processing Stats

File Path                                             PID  Runtime      # DAGs    # Errors  Last Runtime    Last Run               Last # of DB Queries
--------------------------------------------------  -----  ---------  --------  ----------  --------------  -------------------  ----------------------
/opt/airflow/dags/flight_fare_stages_2_to_7_dag.py   1363  1.04s             1           0  6.61s           2026-03-01T13:00:10                      10
================================================================================
[2026-03-01T13:01:12.802+0000] {manager.py:997} INFO - 
================================================================================
DAG File Processing Stats

File Path                                           PID    Runtime      # DAGs    # Errors  Last Runtime    Last Run               Last # of DB Queries
--------------------------------------------------  -----  ---------  --------  ----------  --------------  -------------------  ----------------------
/opt/airflow/dags/flight_fare_stages_2_to_7_dag.py                           1           0  8.21s           2026-03-01T13:00:49                      10
================================================================================
[2026-03-01T13:01:43.232+0000] {manager.py:997} INFO - 
================================================================================
DAG File Processing Stats

File Path                                           PID    Runtime      # DAGs    # Errors  Last Runtime    Last Run               Last # of DB Queries
--------------------------------------------------  -----  ---------  --------  ----------  --------------  -------------------  ----------------------
/opt/airflow/dags/flight_fare_stages_2_to_7_dag.py                           1           0  6.89s           2026-03-01T13:01:26                      10
================================================================================
[2026-03-01T13:02:13.565+0000] {manager.py:997} INFO - 
================================================================================
DAG File Processing Stats

File Path                                           PID    Runtime      # DAGs    # Errors  Last Runtime    Last Run               Last # of DB Queries
--------------------------------------------------  -----  ---------  --------  ----------  --------------  -------------------  ----------------------
/opt/airflow/dags/flight_fare_stages_2_to_7_dag.py                           1           0  8.85s           2026-03-01T13:02:06                      10
================================================================================
[2026-03-01T13:02:43.808+0000] {manager.py:997} INFO - 
================================================================================
DAG File Processing Stats

File Path                                           PID    Runtime      # DAGs    # Errors  Last Runtime    Last Run               Last # of DB Queries
--------------------------------------------------  -----  ---------  --------  ----------  --------------  -------------------  ----------------------
/opt/airflow/dags/flight_fare_stages_2_to_7_dag.py                           1           0  7.08s           2026-03-01T13:02:43                      10
================================================================================
[2026-03-01T13:03:14.464+0000] {manager.py:997} INFO - 
================================================================================
DAG File Processing Stats

File Path                                             PID  Runtime      # DAGs    # Errors  Last Runtime    Last Run               Last # of DB Queries
--------------------------------------------------  -----  ---------  --------  ----------  --------------  -------------------  ----------------------
/opt/airflow/dags/flight_fare_stages_2_to_7_dag.py   1419  0.03s             1           0  7.08s           2026-03-01T13:02:43                      10
================================================================================
[2026-03-01T13:03:32.088+0000] {manager.py:821} INFO - Searching for files in /opt/airflow/dags
[2026-03-01T13:03:32.163+0000] {manager.py:824} INFO - There are 1 files in /opt/airflow/dags
[2026-03-01T13:03:44.522+0000] {manager.py:997} INFO - 
================================================================================
DAG File Processing Stats

File Path                                           PID    Runtime      # DAGs    # Errors  Last Runtime    Last Run               Last # of DB Queries
--------------------------------------------------  -----  ---------  --------  ----------  --------------  -------------------  ----------------------
/opt/airflow/dags/flight_fare_stages_2_to_7_dag.py                           1           0  8.58s           2026-03-01T13:03:23                      10
================================================================================
[2026-03-01T13:04:15.006+0000] {manager.py:997} INFO - 
================================================================================
DAG File Processing Stats

File Path                                           PID    Runtime      # DAGs    # Errors  Last Runtime    Last Run               Last # of DB Queries
--------------------------------------------------  -----  ---------  --------  ----------  --------------  -------------------  ----------------------
/opt/airflow/dags/flight_fare_stages_2_to_7_dag.py                           1           0  7.46s           2026-03-01T13:04:01                      10
================================================================================
[2026-03-01T13:04:45.534+0000] {manager.py:997} INFO - 
================================================================================
DAG File Processing Stats

File Path                                           PID    Runtime      # DAGs    # Errors  Last Runtime    Last Run               Last # of DB Queries
--------------------------------------------------  -----  ---------  --------  ----------  --------------  -------------------  ----------------------
/opt/airflow/dags/flight_fare_stages_2_to_7_dag.py                           1           0  7.31s           2026-03-01T13:04:38                      10
================================================================================
[2026-03-01T13:05:16.190+0000] {manager.py:997} INFO - 
================================================================================
DAG File Processing Stats

File Path                                             PID  Runtime      # DAGs    # Errors  Last Runtime    Last Run               Last # of DB Queries
--------------------------------------------------  -----  ---------  --------  ----------  --------------  -------------------  ----------------------
/opt/airflow/dags/flight_fare_stages_2_to_7_dag.py   1461  7.20s             1           0  7.31s           2026-03-01T13:04:38                      10
================================================================================
[2026-03-01T13:05:46.814+0000] {manager.py:997} INFO - 
================================================================================
DAG File Processing Stats

File Path                                           PID    Runtime      # DAGs    # Errors  Last Runtime    Last Run               Last # of DB Queries
--------------------------------------------------  -----  ---------  --------  ----------  --------------  -------------------  ----------------------
/opt/airflow/dags/flight_fare_stages_2_to_7_dag.py                           1           0  7.94s           2026-03-01T13:05:16                      10
================================================================================
[2026-03-01T13:06:17.143+0000] {manager.py:997} INFO - 
================================================================================
DAG File Processing Stats

File Path                                           PID    Runtime      # DAGs    # Errors  Last Runtime    Last Run               Last # of DB Queries
--------------------------------------------------  -----  ---------  --------  ----------  --------------  -------------------  ----------------------
/opt/airflow/dags/flight_fare_stages_2_to_7_dag.py                           1           0  14.69s          2026-03-01T13:06:01                      10
================================================================================
[2026-03-01T13:06:47.723+0000] {manager.py:997} INFO - 
================================================================================
DAG File Processing Stats

File Path                                           PID    Runtime      # DAGs    # Errors  Last Runtime    Last Run               Last # of DB Queries
--------------------------------------------------  -----  ---------  --------  ----------  --------------  -------------------  ----------------------
/opt/airflow/dags/flight_fare_stages_2_to_7_dag.py                           1           0  6.07s           2026-03-01T13:06:38                      10
================================================================================
[2026-03-01T13:07:17.970+0000] {manager.py:997} INFO - 
================================================================================
DAG File Processing Stats

File Path                                           PID    Runtime      # DAGs    # Errors  Last Runtime    Last Run               Last # of DB Queries
--------------------------------------------------  -----  ---------  --------  ----------  --------------  -------------------  ----------------------
/opt/airflow/dags/flight_fare_stages_2_to_7_dag.py                           1           0  6.73s           2026-03-01T13:07:15                      10
================================================================================
[2026-03-01T13:07:48.168+0000] {manager.py:997} INFO - 
================================================================================
DAG File Processing Stats

File Path                                             PID  Runtime      # DAGs    # Errors  Last Runtime    Last Run               Last # of DB Queries
--------------------------------------------------  -----  ---------  --------  ----------  --------------  -------------------  ----------------------
/opt/airflow/dags/flight_fare_stages_2_to_7_dag.py   1517  2.14s             1           0  6.73s           2026-03-01T13:07:15                      10
================================================================================
[2026-03-01T13:08:19.099+0000] {manager.py:997} INFO - 
================================================================================
DAG File Processing Stats

File Path                                           PID    Runtime      # DAGs    # Errors  Last Runtime    Last Run               Last # of DB Queries
--------------------------------------------------  -----  ---------  --------  ----------  --------------  -------------------  ----------------------
/opt/airflow/dags/flight_fare_stages_2_to_7_dag.py                           1           0  7.76s           2026-03-01T13:07:53                      10
================================================================================
[2026-03-01T13:08:32.140+0000] {manager.py:821} INFO - Searching for files in /opt/airflow/dags
[2026-03-01T13:08:32.195+0000] {manager.py:824} INFO - There are 1 files in /opt/airflow/dags
[2026-03-01T13:08:49.620+0000] {manager.py:997} INFO - 
================================================================================
DAG File Processing Stats

File Path                                           PID    Runtime      # DAGs    # Errors  Last Runtime    Last Run               Last # of DB Queries
--------------------------------------------------  -----  ---------  --------  ----------  --------------  -------------------  ----------------------
/opt/airflow/dags/flight_fare_stages_2_to_7_dag.py                           1           0  6.93s           2026-03-01T13:08:31                      10
================================================================================
[2026-03-01T13:09:20.258+0000] {manager.py:997} INFO - 
================================================================================
DAG File Processing Stats

File Path                                           PID    Runtime      # DAGs    # Errors  Last Runtime    Last Run               Last # of DB Queries
--------------------------------------------------  -----  ---------  --------  ----------  --------------  -------------------  ----------------------
/opt/airflow/dags/flight_fare_stages_2_to_7_dag.py                           1           0  6.51s           2026-03-01T13:09:08                      10
================================================================================
[2026-03-01T13:09:50.724+0000] {manager.py:997} INFO - 
================================================================================
DAG File Processing Stats

File Path                                           PID    Runtime      # DAGs    # Errors  Last Runtime    Last Run               Last # of DB Queries
--------------------------------------------------  -----  ---------  --------  ----------  --------------  -------------------  ----------------------
/opt/airflow/dags/flight_fare_stages_2_to_7_dag.py                           1           0  6.07s           2026-03-01T13:09:44                      10
================================================================================
[2026-03-01T13:10:21.125+0000] {manager.py:997} INFO - 
================================================================================
DAG File Processing Stats

File Path                                             PID  Runtime      # DAGs    # Errors  Last Runtime    Last Run               Last # of DB Queries
--------------------------------------------------  -----  ---------  --------  ----------  --------------  -------------------  ----------------------
/opt/airflow/dags/flight_fare_stages_2_to_7_dag.py   1573  6.10s             1           0  6.07s           2026-03-01T13:09:44                      10
================================================================================
[2026-03-01T13:10:51.556+0000] {manager.py:997} INFO - 
================================================================================
DAG File Processing Stats

File Path                                             PID  Runtime      # DAGs    # Errors  Last Runtime    Last Run               Last # of DB Queries
--------------------------------------------------  -----  ---------  --------  ----------  --------------  -------------------  ----------------------
/opt/airflow/dags/flight_fare_stages_2_to_7_dag.py   1587  0.03s             1           0  6.30s           2026-03-01T13:10:21                      10
================================================================================
[2026-03-01T13:11:22.048+0000] {manager.py:997} INFO - 
================================================================================
DAG File Processing Stats

File Path                                           PID    Runtime      # DAGs    # Errors  Last Runtime    Last Run               Last # of DB Queries
--------------------------------------------------  -----  ---------  --------  ----------  --------------  -------------------  ----------------------
/opt/airflow/dags/flight_fare_stages_2_to_7_dag.py                           1           0  7.17s           2026-03-01T13:10:58                      10
================================================================================
[2026-03-01T13:11:52.550+0000] {manager.py:997} INFO - 
================================================================================
DAG File Processing Stats

File Path                                           PID    Runtime      # DAGs    # Errors  Last Runtime    Last Run               Last # of DB Queries
--------------------------------------------------  -----  ---------  --------  ----------  --------------  -------------------  ----------------------
/opt/airflow/dags/flight_fare_stages_2_to_7_dag.py                           1           0  6.27s           2026-03-01T13:11:35                      10
================================================================================
[2026-03-01T13:12:23.017+0000] {manager.py:997} INFO - 
================================================================================
DAG File Processing Stats

File Path                                           PID    Runtime      # DAGs    # Errors  Last Runtime    Last Run               Last # of DB Queries
--------------------------------------------------  -----  ---------  --------  ----------  --------------  -------------------  ----------------------
/opt/airflow/dags/flight_fare_stages_2_to_7_dag.py                           1           0  3.49s           2026-03-01T13:12:09                      10
================================================================================
[2026-03-01T13:12:53.061+0000] {manager.py:997} INFO - 
================================================================================
DAG File Processing Stats

File Path                                           PID    Runtime      # DAGs    # Errors  Last Runtime    Last Run               Last # of DB Queries
--------------------------------------------------  -----  ---------  --------  ----------  --------------  -------------------  ----------------------
/opt/airflow/dags/flight_fare_stages_2_to_7_dag.py                           1           0  4.53s           2026-03-01T13:12:43                      10
================================================================================
[2026-03-01T13:13:23.301+0000] {manager.py:997} INFO - 
================================================================================
DAG File Processing Stats

File Path                                           PID    Runtime      # DAGs    # Errors  Last Runtime    Last Run               Last # of DB Queries
--------------------------------------------------  -----  ---------  --------  ----------  --------------  -------------------  ----------------------
/opt/airflow/dags/flight_fare_stages_2_to_7_dag.py                           1           0  2.24s           2026-03-01T13:13:16                      10
================================================================================
[2026-03-01T13:13:32.386+0000] {manager.py:821} INFO - Searching for files in /opt/airflow/dags
[2026-03-01T13:13:32.414+0000] {manager.py:824} INFO - There are 1 files in /opt/airflow/dags
[2026-03-01T13:13:53.612+0000] {manager.py:997} INFO - 
================================================================================
DAG File Processing Stats

File Path                                           PID    Runtime      # DAGs    # Errors  Last Runtime    Last Run               Last # of DB Queries
--------------------------------------------------  -----  ---------  --------  ----------  --------------  -------------------  ----------------------
/opt/airflow/dags/flight_fare_stages_2_to_7_dag.py                           1           0  2.10s           2026-03-01T13:13:48                      10
================================================================================
[2026-03-01T13:14:24.177+0000] {manager.py:997} INFO - 
================================================================================
DAG File Processing Stats

File Path                                             PID  Runtime      # DAGs    # Errors  Last Runtime    Last Run               Last # of DB Queries
--------------------------------------------------  -----  ---------  --------  ----------  --------------  -------------------  ----------------------
/opt/airflow/dags/flight_fare_stages_2_to_7_dag.py   1704  5.25s             1           0  2.10s           2026-03-01T13:13:48                      10
================================================================================
[2026-03-01T13:14:54.460+0000] {manager.py:997} INFO - 
================================================================================
DAG File Processing Stats

File Path                                           PID    Runtime      # DAGs    # Errors  Last Runtime    Last Run               Last # of DB Queries
--------------------------------------------------  -----  ---------  --------  ----------  --------------  -------------------  ----------------------
/opt/airflow/dags/flight_fare_stages_2_to_7_dag.py                           1           0  11.07s          2026-03-01T13:14:30                      10
================================================================================
[2026-03-01T13:15:24.501+0000] {manager.py:997} INFO - 
================================================================================
DAG File Processing Stats

File Path                                           PID    Runtime      # DAGs    # Errors  Last Runtime    Last Run               Last # of DB Queries
--------------------------------------------------  -----  ---------  --------  ----------  --------------  -------------------  ----------------------
/opt/airflow/dags/flight_fare_stages_2_to_7_dag.py                           1           0  7.04s           2026-03-01T13:15:07                      10
================================================================================
[2026-03-01T13:15:54.778+0000] {manager.py:997} INFO - 
================================================================================
DAG File Processing Stats

File Path                                           PID    Runtime      # DAGs    # Errors  Last Runtime    Last Run               Last # of DB Queries
--------------------------------------------------  -----  ---------  --------  ----------  --------------  -------------------  ----------------------
/opt/airflow/dags/flight_fare_stages_2_to_7_dag.py                           1           0  14.51s          2026-03-01T13:15:52                      10
================================================================================
[2026-03-01T13:16:24.928+0000] {manager.py:997} INFO - 
================================================================================
DAG File Processing Stats

File Path                                             PID  Runtime      # DAGs    # Errors  Last Runtime    Last Run               Last # of DB Queries
--------------------------------------------------  -----  ---------  --------  ----------  --------------  -------------------  ----------------------
/opt/airflow/dags/flight_fare_stages_2_to_7_dag.py   1746  2.14s             1           0  14.51s          2026-03-01T13:15:52                      10
================================================================================
[2026-03-01T13:16:55.023+0000] {manager.py:997} INFO - 
================================================================================
DAG File Processing Stats

File Path                                           PID    Runtime      # DAGs    # Errors  Last Runtime    Last Run               Last # of DB Queries
--------------------------------------------------  -----  ---------  --------  ----------  --------------  -------------------  ----------------------
/opt/airflow/dags/flight_fare_stages_2_to_7_dag.py                           1           0  12.20s          2026-03-01T13:16:34                      10
================================================================================
[2026-03-01T13:17:25.186+0000] {manager.py:997} INFO - 
================================================================================
DAG File Processing Stats

File Path                                           PID    Runtime      # DAGs    # Errors  Last Runtime    Last Run               Last # of DB Queries
--------------------------------------------------  -----  ---------  --------  ----------  --------------  -------------------  ----------------------
/opt/airflow/dags/flight_fare_stages_2_to_7_dag.py                           1           0  8.62s           2026-03-01T13:17:13                      10
================================================================================
[2026-03-01T13:17:55.316+0000] {manager.py:997} INFO - 
================================================================================
DAG File Processing Stats

File Path                                           PID    Runtime      # DAGs    # Errors  Last Runtime    Last Run               Last # of DB Queries
--------------------------------------------------  -----  ---------  --------  ----------  --------------  -------------------  ----------------------
/opt/airflow/dags/flight_fare_stages_2_to_7_dag.py                           1           0  6.31s           2026-03-01T13:17:50                      10
================================================================================
[2026-03-01T13:18:25.762+0000] {manager.py:997} INFO - 
================================================================================
DAG File Processing Stats

File Path                                             PID  Runtime      # DAGs    # Errors  Last Runtime    Last Run               Last # of DB Queries
--------------------------------------------------  -----  ---------  --------  ----------  --------------  -------------------  ----------------------
/opt/airflow/dags/flight_fare_stages_2_to_7_dag.py   1788  5.10s             1           0  6.31s           2026-03-01T13:17:50                      10
================================================================================
[2026-03-01T13:18:33.010+0000] {manager.py:821} INFO - Searching for files in /opt/airflow/dags
[2026-03-01T13:18:33.067+0000] {manager.py:824} INFO - There are 1 files in /opt/airflow/dags
[2026-03-01T13:18:56.429+0000] {manager.py:997} INFO - 
================================================================================
DAG File Processing Stats

File Path                                           PID    Runtime      # DAGs    # Errors  Last Runtime    Last Run               Last # of DB Queries
--------------------------------------------------  -----  ---------  --------  ----------  --------------  -------------------  ----------------------
/opt/airflow/dags/flight_fare_stages_2_to_7_dag.py                           1           0  6.58s           2026-03-01T13:18:27                      10
================================================================================
[2026-03-01T13:19:27.246+0000] {manager.py:997} INFO - 
================================================================================
DAG File Processing Stats

File Path                                           PID    Runtime      # DAGs    # Errors  Last Runtime    Last Run               Last # of DB Queries
--------------------------------------------------  -----  ---------  --------  ----------  --------------  -------------------  ----------------------
/opt/airflow/dags/flight_fare_stages_2_to_7_dag.py                           1           0  8.33s           2026-03-01T13:19:05                      10
================================================================================
[2026-03-01T13:19:57.313+0000] {manager.py:997} INFO - 
================================================================================
DAG File Processing Stats

File Path                                           PID    Runtime      # DAGs    # Errors  Last Runtime    Last Run               Last # of DB Queries
--------------------------------------------------  -----  ---------  --------  ----------  --------------  -------------------  ----------------------
/opt/airflow/dags/flight_fare_stages_2_to_7_dag.py                           1           0  8.13s           2026-03-01T13:19:45                      10
================================================================================
[2026-03-01T13:20:27.593+0000] {manager.py:997} INFO - 
================================================================================
DAG File Processing Stats

File Path                                           PID    Runtime      # DAGs    # Errors  Last Runtime    Last Run               Last # of DB Queries
--------------------------------------------------  -----  ---------  --------  ----------  --------------  -------------------  ----------------------
/opt/airflow/dags/flight_fare_stages_2_to_7_dag.py                           1           0  6.82s           2026-03-01T13:20:22                      10
================================================================================
[2026-03-01T13:20:58.038+0000] {manager.py:997} INFO - 
================================================================================
DAG File Processing Stats

File Path                                             PID  Runtime      # DAGs    # Errors  Last Runtime    Last Run               Last # of DB Queries
--------------------------------------------------  -----  ---------  --------  ----------  --------------  -------------------  ----------------------
/opt/airflow/dags/flight_fare_stages_2_to_7_dag.py   1844  5.09s             1           0  6.82s           2026-03-01T13:20:22                      10
================================================================================
[2026-03-01T13:21:28.068+0000] {manager.py:997} INFO - 
================================================================================
DAG File Processing Stats

File Path                                           PID    Runtime      # DAGs    # Errors  Last Runtime    Last Run               Last # of DB Queries
--------------------------------------------------  -----  ---------  --------  ----------  --------------  -------------------  ----------------------
/opt/airflow/dags/flight_fare_stages_2_to_7_dag.py                           1           0  6.71s           2026-03-01T13:20:59                      10
================================================================================
[2026-03-01T13:21:58.265+0000] {manager.py:997} INFO - 
================================================================================
DAG File Processing Stats

File Path                                           PID    Runtime      # DAGs    # Errors  Last Runtime    Last Run               Last # of DB Queries
--------------------------------------------------  -----  ---------  --------  ----------  --------------  -------------------  ----------------------
/opt/airflow/dags/flight_fare_stages_2_to_7_dag.py                           1           0  6.93s           2026-03-01T13:21:36                      10
================================================================================
[2026-03-01T13:22:28.903+0000] {manager.py:997} INFO - 
================================================================================
DAG File Processing Stats

File Path                                           PID    Runtime      # DAGs    # Errors  Last Runtime    Last Run               Last # of DB Queries
--------------------------------------------------  -----  ---------  --------  ----------  --------------  -------------------  ----------------------
/opt/airflow/dags/flight_fare_stages_2_to_7_dag.py                           1           0  6.48s           2026-03-01T13:22:13                      10
================================================================================
[2026-03-01T13:22:59.570+0000] {manager.py:997} INFO - 
================================================================================
DAG File Processing Stats

File Path                                           PID    Runtime      # DAGs    # Errors  Last Runtime    Last Run               Last # of DB Queries
--------------------------------------------------  -----  ---------  --------  ----------  --------------  -------------------  ----------------------
/opt/airflow/dags/flight_fare_stages_2_to_7_dag.py                           1           0  7.45s           2026-03-01T13:22:51                      10
================================================================================
[2026-03-01T13:23:30.508+0000] {manager.py:997} INFO - 
================================================================================
DAG File Processing Stats

File Path                                             PID  Runtime      # DAGs    # Errors  Last Runtime    Last Run               Last # of DB Queries
--------------------------------------------------  -----  ---------  --------  ----------  --------------  -------------------  ----------------------
/opt/airflow/dags/flight_fare_stages_2_to_7_dag.py   1900  8.28s             1           0  7.45s           2026-03-01T13:22:51                      10
================================================================================
[2026-03-01T13:23:33.048+0000] {manager.py:821} INFO - Searching for files in /opt/airflow/dags
[2026-03-01T13:23:33.072+0000] {manager.py:824} INFO - There are 1 files in /opt/airflow/dags
[2026-03-01T13:24:00.551+0000] {manager.py:997} INFO - 
================================================================================
DAG File Processing Stats

File Path                                           PID    Runtime      # DAGs    # Errors  Last Runtime    Last Run               Last # of DB Queries
--------------------------------------------------  -----  ---------  --------  ----------  --------------  -------------------  ----------------------
/opt/airflow/dags/flight_fare_stages_2_to_7_dag.py                           1           0  8.78s           2026-03-01T13:23:31                      10
================================================================================
[2026-03-01T13:24:30.644+0000] {manager.py:997} INFO - 
================================================================================
DAG File Processing Stats

File Path                                           PID    Runtime      # DAGs    # Errors  Last Runtime    Last Run               Last # of DB Queries
--------------------------------------------------  -----  ---------  --------  ----------  --------------  -------------------  ----------------------
/opt/airflow/dags/flight_fare_stages_2_to_7_dag.py                           1           0  17.14s          2026-03-01T13:24:18                      10
================================================================================
[2026-03-01T13:25:00.800+0000] {manager.py:997} INFO - 
================================================================================
DAG File Processing Stats

File Path                                             PID  Runtime      # DAGs    # Errors  Last Runtime    Last Run               Last # of DB Queries
--------------------------------------------------  -----  ---------  --------  ----------  --------------  -------------------  ----------------------
/opt/airflow/dags/flight_fare_stages_2_to_7_dag.py   1928  11.76s            1           0  17.14s          2026-03-01T13:24:18                      10
================================================================================
[2026-03-01T13:25:31.499+0000] {manager.py:997} INFO - 
================================================================================
DAG File Processing Stats

File Path                                           PID    Runtime      # DAGs    # Errors  Last Runtime    Last Run               Last # of DB Queries
--------------------------------------------------  -----  ---------  --------  ----------  --------------  -------------------  ----------------------
/opt/airflow/dags/flight_fare_stages_2_to_7_dag.py                           1           0  12.57s          2026-03-01T13:25:01                      10
================================================================================
[2026-03-01T13:26:01.665+0000] {manager.py:997} INFO - 
================================================================================
DAG File Processing Stats

File Path                                           PID    Runtime      # DAGs    # Errors  Last Runtime    Last Run               Last # of DB Queries
--------------------------------------------------  -----  ---------  --------  ----------  --------------  -------------------  ----------------------
/opt/airflow/dags/flight_fare_stages_2_to_7_dag.py                           1           0  7.06s           2026-03-01T13:25:38                      10
================================================================================
[2026-03-01T13:26:32.259+0000] {manager.py:997} INFO - 
================================================================================
DAG File Processing Stats

File Path                                           PID    Runtime      # DAGs    # Errors  Last Runtime    Last Run               Last # of DB Queries
--------------------------------------------------  -----  ---------  --------  ----------  --------------  -------------------  ----------------------
/opt/airflow/dags/flight_fare_stages_2_to_7_dag.py                           1           0  7.56s           2026-03-01T13:26:17                      10
================================================================================
[2026-03-01T13:27:02.953+0000] {manager.py:997} INFO - 
================================================================================
DAG File Processing Stats

File Path                                           PID    Runtime      # DAGs    # Errors  Last Runtime    Last Run               Last # of DB Queries
--------------------------------------------------  -----  ---------  --------  ----------  --------------  -------------------  ----------------------
/opt/airflow/dags/flight_fare_stages_2_to_7_dag.py                           1           0  7.29s           2026-03-01T13:26:54                      10
================================================================================
[2026-03-01T13:27:33.581+0000] {manager.py:997} INFO - 
================================================================================
DAG File Processing Stats

File Path                                           PID    Runtime      # DAGs    # Errors  Last Runtime    Last Run               Last # of DB Queries
--------------------------------------------------  -----  ---------  --------  ----------  --------------  -------------------  ----------------------
/opt/airflow/dags/flight_fare_stages_2_to_7_dag.py                           1           0  7.40s           2026-03-01T13:27:32                      10
================================================================================
[2026-03-01T13:28:04.069+0000] {manager.py:997} INFO - 
================================================================================
DAG File Processing Stats

File Path                                             PID  Runtime      # DAGs    # Errors  Last Runtime    Last Run               Last # of DB Queries
--------------------------------------------------  -----  ---------  --------  ----------  --------------  -------------------  ----------------------
/opt/airflow/dags/flight_fare_stages_2_to_7_dag.py   1998  1.07s             1           0  7.40s           2026-03-01T13:27:32                      10
================================================================================
[2026-03-01T13:28:33.184+0000] {manager.py:821} INFO - Searching for files in /opt/airflow/dags
[2026-03-01T13:28:33.225+0000] {manager.py:824} INFO - There are 1 files in /opt/airflow/dags
[2026-03-01T13:28:34.277+0000] {manager.py:997} INFO - 
================================================================================
DAG File Processing Stats

File Path                                           PID    Runtime      # DAGs    # Errors  Last Runtime    Last Run               Last # of DB Queries
--------------------------------------------------  -----  ---------  --------  ----------  --------------  -------------------  ----------------------
/opt/airflow/dags/flight_fare_stages_2_to_7_dag.py                           1           0  8.27s           2026-03-01T13:28:11                      10
================================================================================
[2026-03-01T13:29:05.020+0000] {manager.py:997} INFO - 
================================================================================
DAG File Processing Stats

File Path                                           PID    Runtime      # DAGs    # Errors  Last Runtime    Last Run               Last # of DB Queries
--------------------------------------------------  -----  ---------  --------  ----------  --------------  -------------------  ----------------------
/opt/airflow/dags/flight_fare_stages_2_to_7_dag.py                           1           0  7.52s           2026-03-01T13:28:48                      10
================================================================================
[2026-03-01T13:29:35.535+0000] {manager.py:997} INFO - 
================================================================================
DAG File Processing Stats

File Path                                           PID    Runtime      # DAGs    # Errors  Last Runtime    Last Run               Last # of DB Queries
--------------------------------------------------  -----  ---------  --------  ----------  --------------  -------------------  ----------------------
/opt/airflow/dags/flight_fare_stages_2_to_7_dag.py                           1           0  6.07s           2026-03-01T13:29:25                      10
================================================================================
[2026-03-01T13:30:06.118+0000] {manager.py:997} INFO - 
================================================================================
DAG File Processing Stats

File Path                                           PID    Runtime      # DAGs    # Errors  Last Runtime    Last Run               Last # of DB Queries
--------------------------------------------------  -----  ---------  --------  ----------  --------------  -------------------  ----------------------
/opt/airflow/dags/flight_fare_stages_2_to_7_dag.py                           1           0  7.11s           2026-03-01T13:30:02                      10
================================================================================
[2026-03-01T13:30:36.607+0000] {manager.py:997} INFO - 
================================================================================
DAG File Processing Stats

File Path                                             PID  Runtime      # DAGs    # Errors  Last Runtime    Last Run               Last # of DB Queries
--------------------------------------------------  -----  ---------  --------  ----------  --------------  -------------------  ----------------------
/opt/airflow/dags/flight_fare_stages_2_to_7_dag.py   2054  3.07s             1           0  7.11s           2026-03-01T13:30:02                      10
================================================================================
[2026-03-01T13:31:06.939+0000] {manager.py:997} INFO - 
================================================================================
DAG File Processing Stats

File Path                                           PID    Runtime      # DAGs    # Errors  Last Runtime    Last Run               Last # of DB Queries
--------------------------------------------------  -----  ---------  --------  ----------  --------------  -------------------  ----------------------
/opt/airflow/dags/flight_fare_stages_2_to_7_dag.py                           1           0  4.99s           2026-03-01T13:30:38                      10
================================================================================
[2026-03-01T13:31:36.977+0000] {manager.py:997} INFO - 
================================================================================
DAG File Processing Stats

File Path                                           PID    Runtime      # DAGs    # Errors  Last Runtime    Last Run               Last # of DB Queries
--------------------------------------------------  -----  ---------  --------  ----------  --------------  -------------------  ----------------------
/opt/airflow/dags/flight_fare_stages_2_to_7_dag.py                           1           0  6.69s           2026-03-01T13:31:15                      10
================================================================================
[2026-03-01T13:32:07.231+0000] {manager.py:997} INFO - 
================================================================================
DAG File Processing Stats

File Path                                           PID    Runtime      # DAGs    # Errors  Last Runtime    Last Run               Last # of DB Queries
--------------------------------------------------  -----  ---------  --------  ----------  --------------  -------------------  ----------------------
/opt/airflow/dags/flight_fare_stages_2_to_7_dag.py                           1           0  6.31s           2026-03-01T13:31:52                      10
================================================================================
[2026-03-01T13:32:37.858+0000] {manager.py:997} INFO - 
================================================================================
DAG File Processing Stats

File Path                                           PID    Runtime      # DAGs    # Errors  Last Runtime    Last Run               Last # of DB Queries
--------------------------------------------------  -----  ---------  --------  ----------  --------------  -------------------  ----------------------
/opt/airflow/dags/flight_fare_stages_2_to_7_dag.py                           1           0  6.67s           2026-03-01T13:32:29                      10
================================================================================
[2026-03-01T13:33:08.344+0000] {manager.py:997} INFO - 
================================================================================
DAG File Processing Stats

File Path                                           PID    Runtime      # DAGs    # Errors  Last Runtime    Last Run               Last # of DB Queries
--------------------------------------------------  -----  ---------  --------  ----------  --------------  -------------------  ----------------------
/opt/airflow/dags/flight_fare_stages_2_to_7_dag.py                           1           0  7.12s           2026-03-01T13:33:06                      10
================================================================================
[2026-03-01T13:33:33.682+0000] {manager.py:821} INFO - Searching for files in /opt/airflow/dags
[2026-03-01T13:33:33.706+0000] {manager.py:824} INFO - There are 1 files in /opt/airflow/dags
[2026-03-01T13:33:38.967+0000] {manager.py:997} INFO - 
================================================================================
DAG File Processing Stats

File Path                                             PID  Runtime      # DAGs    # Errors  Last Runtime    Last Run               Last # of DB Queries
--------------------------------------------------  -----  ---------  --------  ----------  --------------  -------------------  ----------------------
/opt/airflow/dags/flight_fare_stages_2_to_7_dag.py   2125  2.18s             1           0  7.12s           2026-03-01T13:33:06                      10
================================================================================
[2026-03-01T13:34:09.254+0000] {manager.py:997} INFO - 
================================================================================
DAG File Processing Stats

File Path                                           PID    Runtime      # DAGs    # Errors  Last Runtime    Last Run               Last # of DB Queries
--------------------------------------------------  -----  ---------  --------  ----------  --------------  -------------------  ----------------------
/opt/airflow/dags/flight_fare_stages_2_to_7_dag.py                           1           0  9.04s           2026-03-01T13:33:45                      10
================================================================================
[2026-03-01T13:34:39.889+0000] {manager.py:997} INFO - 
================================================================================
DAG File Processing Stats

File Path                                           PID    Runtime      # DAGs    # Errors  Last Runtime    Last Run               Last # of DB Queries
--------------------------------------------------  -----  ---------  --------  ----------  --------------  -------------------  ----------------------
/opt/airflow/dags/flight_fare_stages_2_to_7_dag.py                           1           0  6.75s           2026-03-01T13:34:22                      10
================================================================================
[2026-03-01T13:35:10.459+0000] {manager.py:997} INFO - 
================================================================================
DAG File Processing Stats

File Path                                           PID    Runtime      # DAGs    # Errors  Last Runtime    Last Run               Last # of DB Queries
--------------------------------------------------  -----  ---------  --------  ----------  --------------  -------------------  ----------------------
/opt/airflow/dags/flight_fare_stages_2_to_7_dag.py                           1           0  6.10s           2026-03-01T13:34:59                      10
================================================================================
[2026-03-01T13:35:40.748+0000] {manager.py:997} INFO - 
================================================================================
DAG File Processing Stats

File Path                                           PID    Runtime      # DAGs    # Errors  Last Runtime    Last Run               Last # of DB Queries
--------------------------------------------------  -----  ---------  --------  ----------  --------------  -------------------  ----------------------
/opt/airflow/dags/flight_fare_stages_2_to_7_dag.py                           1           0  10.74s          2026-03-01T13:35:40                      10
================================================================================
[2026-03-01T13:36:11.052+0000] {manager.py:997} INFO - 
================================================================================
DAG File Processing Stats

File Path                                             PID  Runtime      # DAGs    # Errors  Last Runtime    Last Run               Last # of DB Queries
--------------------------------------------------  -----  ---------  --------  ----------  --------------  -------------------  ----------------------
/opt/airflow/dags/flight_fare_stages_2_to_7_dag.py   2181  0.02s             1           0  10.74s          2026-03-01T13:35:40                      10
================================================================================
[2026-03-01T13:36:41.744+0000] {manager.py:997} INFO - 
================================================================================
DAG File Processing Stats

File Path                                           PID    Runtime      # DAGs    # Errors  Last Runtime    Last Run               Last # of DB Queries
--------------------------------------------------  -----  ---------  --------  ----------  --------------  -------------------  ----------------------
/opt/airflow/dags/flight_fare_stages_2_to_7_dag.py                           1           0  6.36s           2026-03-01T13:36:17                      10
================================================================================
[2026-03-01T13:37:12.332+0000] {manager.py:997} INFO - 
================================================================================
DAG File Processing Stats

File Path                                           PID    Runtime      # DAGs    # Errors  Last Runtime    Last Run               Last # of DB Queries
--------------------------------------------------  -----  ---------  --------  ----------  --------------  -------------------  ----------------------
/opt/airflow/dags/flight_fare_stages_2_to_7_dag.py                           1           0  7.15s           2026-03-01T13:36:54                      10
================================================================================
[2026-03-01T13:37:42.997+0000] {manager.py:997} INFO - 
================================================================================
DAG File Processing Stats

File Path                                           PID    Runtime      # DAGs    # Errors  Last Runtime    Last Run               Last # of DB Queries
--------------------------------------------------  -----  ---------  --------  ----------  --------------  -------------------  ----------------------
/opt/airflow/dags/flight_fare_stages_2_to_7_dag.py                           1           0  7.57s           2026-03-01T13:37:33                      10
================================================================================
[2026-03-01T13:38:13.019+0000] {manager.py:997} INFO - 
================================================================================
DAG File Processing Stats

File Path                                           PID    Runtime      # DAGs    # Errors  Last Runtime    Last Run               Last # of DB Queries
--------------------------------------------------  -----  ---------  --------  ----------  --------------  -------------------  ----------------------
/opt/airflow/dags/flight_fare_stages_2_to_7_dag.py                           1           0  6.61s           2026-03-01T13:38:09                      10
================================================================================
[2026-03-01T13:38:34.257+0000] {manager.py:821} INFO - Searching for files in /opt/airflow/dags
[2026-03-01T13:38:34.320+0000] {manager.py:824} INFO - There are 1 files in /opt/airflow/dags
[2026-03-01T13:38:43.579+0000] {manager.py:997} INFO - 
================================================================================
DAG File Processing Stats

File Path                                             PID  Runtime      # DAGs    # Errors  Last Runtime    Last Run               Last # of DB Queries
--------------------------------------------------  -----  ---------  --------  ----------  --------------  -------------------  ----------------------
/opt/airflow/dags/flight_fare_stages_2_to_7_dag.py   2237  3.08s             1           0  6.61s           2026-03-01T13:38:09                      10
================================================================================
[2026-03-01T13:39:14.102+0000] {manager.py:997} INFO - 
================================================================================
DAG File Processing Stats

File Path                                           PID    Runtime      # DAGs    # Errors  Last Runtime    Last Run               Last # of DB Queries
--------------------------------------------------  -----  ---------  --------  ----------  --------------  -------------------  ----------------------
/opt/airflow/dags/flight_fare_stages_2_to_7_dag.py                           1           0  6.47s           2026-03-01T13:38:46                      10
================================================================================
[2026-03-01T13:39:44.627+0000] {manager.py:997} INFO - 
================================================================================
DAG File Processing Stats

File Path                                           PID    Runtime      # DAGs    # Errors  Last Runtime    Last Run               Last # of DB Queries
--------------------------------------------------  -----  ---------  --------  ----------  --------------  -------------------  ----------------------
/opt/airflow/dags/flight_fare_stages_2_to_7_dag.py                           1           0  6.88s           2026-03-01T13:39:24                      10
================================================================================
[2026-03-01T13:40:50.977+0000] {manager.py:1366} ERROR - Processor for /opt/airflow/dags/flight_fare_stages_2_to_7_dag.py with PID 2265 started at 2026-03-01T13:39:54.550595+00:00 has timed out, killing it.
[2026-03-01T13:41:10.436+0000] {manager.py:997} INFO - 
================================================================================
DAG File Processing Stats

File Path                                           PID    Runtime      # DAGs    # Errors  Last Runtime    Last Run               Last # of DB Queries
--------------------------------------------------  -----  ---------  --------  ----------  --------------  -------------------  ----------------------
/opt/airflow/dags/flight_fare_stages_2_to_7_dag.py                           0           1  56.42s          2026-03-01T13:40:50                       0
================================================================================
[2026-03-01T13:41:40.540+0000] {manager.py:997} INFO - 
================================================================================
DAG File Processing Stats

File Path                                           PID    Runtime      # DAGs    # Errors  Last Runtime    Last Run               Last # of DB Queries
--------------------------------------------------  -----  ---------  --------  ----------  --------------  -------------------  ----------------------
/opt/airflow/dags/flight_fare_stages_2_to_7_dag.py                           1           0  9.64s           2026-03-01T13:41:31                      10
================================================================================
[2026-03-01T13:42:10.981+0000] {manager.py:997} INFO - 
================================================================================
DAG File Processing Stats

File Path                                             PID  Runtime      # DAGs    # Errors  Last Runtime    Last Run               Last # of DB Queries
--------------------------------------------------  -----  ---------  --------  ----------  --------------  -------------------  ----------------------
/opt/airflow/dags/flight_fare_stages_2_to_7_dag.py   2282  9.28s             1           0  9.64s           2026-03-01T13:41:31                      10
================================================================================
[2026-03-01T13:42:41.193+0000] {manager.py:997} INFO - 
================================================================================
DAG File Processing Stats

File Path                                           PID    Runtime      # DAGs    # Errors  Last Runtime    Last Run               Last # of DB Queries
--------------------------------------------------  -----  ---------  --------  ----------  --------------  -------------------  ----------------------
/opt/airflow/dags/flight_fare_stages_2_to_7_dag.py                           1           0  9.99s           2026-03-01T13:42:11                      10
================================================================================
[2026-03-01T13:43:11.873+0000] {manager.py:997} INFO - 
================================================================================
DAG File Processing Stats

File Path                                           PID    Runtime      # DAGs    # Errors  Last Runtime    Last Run               Last # of DB Queries
--------------------------------------------------  -----  ---------  --------  ----------  --------------  -------------------  ----------------------
/opt/airflow/dags/flight_fare_stages_2_to_7_dag.py                           1           0  8.72s           2026-03-01T13:42:50                      10
================================================================================
[2026-03-01T13:43:34.421+0000] {manager.py:821} INFO - Searching for files in /opt/airflow/dags
[2026-03-01T13:43:34.449+0000] {manager.py:824} INFO - There are 1 files in /opt/airflow/dags
[2026-03-01T13:43:42.316+0000] {manager.py:997} INFO - 
================================================================================
DAG File Processing Stats

File Path                                           PID    Runtime      # DAGs    # Errors  Last Runtime    Last Run               Last # of DB Queries
--------------------------------------------------  -----  ---------  --------  ----------  --------------  -------------------  ----------------------
/opt/airflow/dags/flight_fare_stages_2_to_7_dag.py                           1           0  5.99s           2026-03-01T13:43:27                      10
================================================================================
[2026-03-01T13:44:12.853+0000] {manager.py:997} INFO - 
================================================================================
DAG File Processing Stats

File Path                                           PID    Runtime      # DAGs    # Errors  Last Runtime    Last Run               Last # of DB Queries
--------------------------------------------------  -----  ---------  --------  ----------  --------------  -------------------  ----------------------
/opt/airflow/dags/flight_fare_stages_2_to_7_dag.py                           1           0  7.16s           2026-03-01T13:44:04                      10
================================================================================
[2026-03-01T13:44:43.096+0000] {manager.py:997} INFO - 
================================================================================
DAG File Processing Stats

File Path                                           PID    Runtime      # DAGs    # Errors  Last Runtime    Last Run               Last # of DB Queries
--------------------------------------------------  -----  ---------  --------  ----------  --------------  -------------------  ----------------------
/opt/airflow/dags/flight_fare_stages_2_to_7_dag.py                           1           0  6.75s           2026-03-01T13:44:42                      10
================================================================================
[2026-03-01T13:45:13.734+0000] {manager.py:997} INFO - 
================================================================================
DAG File Processing Stats

File Path                                             PID  Runtime      # DAGs    # Errors  Last Runtime    Last Run               Last # of DB Queries
--------------------------------------------------  -----  ---------  --------  ----------  --------------  -------------------  ----------------------
/opt/airflow/dags/flight_fare_stages_2_to_7_dag.py   2352  1.04s             1           0  6.75s           2026-03-01T13:44:42                      10
================================================================================
[2026-03-01T13:45:43.996+0000] {manager.py:997} INFO - 
================================================================================
DAG File Processing Stats

File Path                                           PID    Runtime      # DAGs    # Errors  Last Runtime    Last Run               Last # of DB Queries
--------------------------------------------------  -----  ---------  --------  ----------  --------------  -------------------  ----------------------
/opt/airflow/dags/flight_fare_stages_2_to_7_dag.py                           1           0  6.00s           2026-03-01T13:45:18                      10
================================================================================
[2026-03-01T13:46:14.683+0000] {manager.py:997} INFO - 
================================================================================
DAG File Processing Stats

File Path                                           PID    Runtime      # DAGs    # Errors  Last Runtime    Last Run               Last # of DB Queries
--------------------------------------------------  -----  ---------  --------  ----------  --------------  -------------------  ----------------------
/opt/airflow/dags/flight_fare_stages_2_to_7_dag.py                           1           0  7.15s           2026-03-01T13:45:56                      10
================================================================================
[2026-03-01T13:46:45.098+0000] {manager.py:997} INFO - 
================================================================================
DAG File Processing Stats

File Path                                           PID    Runtime      # DAGs    # Errors  Last Runtime    Last Run               Last # of DB Queries
--------------------------------------------------  -----  ---------  --------  ----------  --------------  -------------------  ----------------------
/opt/airflow/dags/flight_fare_stages_2_to_7_dag.py                           1           0  7.11s           2026-03-01T13:46:33                      10
================================================================================
[2026-03-01T13:47:15.672+0000] {manager.py:997} INFO - 
================================================================================
DAG File Processing Stats

File Path                                           PID    Runtime      # DAGs    # Errors  Last Runtime    Last Run               Last # of DB Queries
--------------------------------------------------  -----  ---------  --------  ----------  --------------  -------------------  ----------------------
/opt/airflow/dags/flight_fare_stages_2_to_7_dag.py                           1           0  7.62s           2026-03-01T13:47:11                      10
================================================================================
[2026-03-01T13:47:46.078+0000] {manager.py:997} INFO - 
================================================================================
DAG File Processing Stats

File Path                                             PID  Runtime      # DAGs    # Errors  Last Runtime    Last Run               Last # of DB Queries
--------------------------------------------------  -----  ---------  --------  ----------  --------------  -------------------  ----------------------
/opt/airflow/dags/flight_fare_stages_2_to_7_dag.py   2408  4.08s             1           0  7.62s           2026-03-01T13:47:11                      10
================================================================================
[2026-03-01T13:48:16.475+0000] {manager.py:997} INFO - 
================================================================================
DAG File Processing Stats

File Path                                           PID    Runtime      # DAGs    # Errors  Last Runtime    Last Run               Last # of DB Queries
--------------------------------------------------  -----  ---------  --------  ----------  --------------  -------------------  ----------------------
/opt/airflow/dags/flight_fare_stages_2_to_7_dag.py                           1           0  4.58s           2026-03-01T13:47:46                      10
================================================================================
[2026-03-01T13:48:35.376+0000] {manager.py:821} INFO - Searching for files in /opt/airflow/dags
[2026-03-01T13:48:35.415+0000] {manager.py:824} INFO - There are 1 files in /opt/airflow/dags
[2026-03-01T13:48:46.663+0000] {manager.py:997} INFO - 
================================================================================
DAG File Processing Stats

File Path                                           PID    Runtime      # DAGs    # Errors  Last Runtime    Last Run               Last # of DB Queries
--------------------------------------------------  -----  ---------  --------  ----------  --------------  -------------------  ----------------------
/opt/airflow/dags/flight_fare_stages_2_to_7_dag.py                           1           0  7.18s           2026-03-01T13:48:24                      10
================================================================================
[2026-03-01T13:49:17.335+0000] {manager.py:997} INFO - 
================================================================================
DAG File Processing Stats

File Path                                           PID    Runtime      # DAGs    # Errors  Last Runtime    Last Run               Last # of DB Queries
--------------------------------------------------  -----  ---------  --------  ----------  --------------  -------------------  ----------------------
/opt/airflow/dags/flight_fare_stages_2_to_7_dag.py                           1           0  8.18s           2026-03-01T13:49:03                      10
================================================================================
[2026-03-01T13:49:47.366+0000] {manager.py:997} INFO - 
================================================================================
DAG File Processing Stats

File Path                                           PID    Runtime      # DAGs    # Errors  Last Runtime    Last Run               Last # of DB Queries
--------------------------------------------------  -----  ---------  --------  ----------  --------------  -------------------  ----------------------
/opt/airflow/dags/flight_fare_stages_2_to_7_dag.py                           1           0  5.66s           2026-03-01T13:49:39                      10
================================================================================
[2026-03-01T13:50:17.528+0000] {manager.py:997} INFO - 
================================================================================
DAG File Processing Stats

File Path                                             PID  Runtime      # DAGs    # Errors  Last Runtime    Last Run               Last # of DB Queries
--------------------------------------------------  -----  ---------  --------  ----------  --------------  -------------------  ----------------------
/opt/airflow/dags/flight_fare_stages_2_to_7_dag.py   2465  7.78s             1           0  5.66s           2026-03-01T13:49:39                      10
================================================================================
[2026-03-01T13:50:48.026+0000] {manager.py:997} INFO - 
================================================================================
DAG File Processing Stats

File Path                                           PID    Runtime      # DAGs    # Errors  Last Runtime    Last Run               Last # of DB Queries
--------------------------------------------------  -----  ---------  --------  ----------  --------------  -------------------  ----------------------
/opt/airflow/dags/flight_fare_stages_2_to_7_dag.py                           1           0  14.34s          2026-03-01T13:50:24                      10
================================================================================
[2026-03-01T13:54:25.748+0000] {manager.py:821} INFO - Searching for files in /opt/airflow/dags
[2026-03-01T13:54:26.038+0000] {manager.py:824} INFO - There are 1 files in /opt/airflow/dags
[2026-03-01T13:54:26.279+0000] {manager.py:1366} ERROR - Processor for /opt/airflow/dags/flight_fare_stages_2_to_7_dag.py with PID 2479 started at 2026-03-01T13:50:54.603112+00:00 has timed out, killing it.
[2026-03-01T13:54:48.302+0000] {manager.py:997} INFO - 
================================================================================
DAG File Processing Stats

File Path                                           PID    Runtime      # DAGs    # Errors  Last Runtime    Last Run               Last # of DB Queries
--------------------------------------------------  -----  ---------  --------  ----------  --------------  -------------------  ----------------------
/opt/airflow/dags/flight_fare_stages_2_to_7_dag.py                           0           1  211.68s         2026-03-01T13:54:26                       0
================================================================================
[2026-03-01T13:55:18.867+0000] {manager.py:997} INFO - 
================================================================================
DAG File Processing Stats

File Path                                           PID    Runtime      # DAGs    # Errors  Last Runtime    Last Run               Last # of DB Queries
--------------------------------------------------  -----  ---------  --------  ----------  --------------  -------------------  ----------------------
/opt/airflow/dags/flight_fare_stages_2_to_7_dag.py                           1           0  14.27s          2026-03-01T13:55:10                      10
================================================================================
[2026-03-01T13:55:49.609+0000] {manager.py:997} INFO - 
================================================================================
DAG File Processing Stats

File Path                                           PID    Runtime      # DAGs    # Errors  Last Runtime    Last Run               Last # of DB Queries
--------------------------------------------------  -----  ---------  --------  ----------  --------------  -------------------  ----------------------
/opt/airflow/dags/flight_fare_stages_2_to_7_dag.py                           1           0  7.49s           2026-03-01T13:55:48                      10
================================================================================
[2026-03-01T13:56:20.197+0000] {manager.py:997} INFO - 
================================================================================
DAG File Processing Stats

File Path                                             PID  Runtime      # DAGs    # Errors  Last Runtime    Last Run               Last # of DB Queries
--------------------------------------------------  -----  ---------  --------  ----------  --------------  -------------------  ----------------------
/opt/airflow/dags/flight_fare_stages_2_to_7_dag.py   2510  1.05s             1           0  7.49s           2026-03-01T13:55:48                      10
================================================================================
[2026-03-01T13:56:50.866+0000] {manager.py:997} INFO - 
================================================================================
DAG File Processing Stats

File Path                                           PID    Runtime      # DAGs    # Errors  Last Runtime    Last Run               Last # of DB Queries
--------------------------------------------------  -----  ---------  --------  ----------  --------------  -------------------  ----------------------
/opt/airflow/dags/flight_fare_stages_2_to_7_dag.py                           1           0  7.42s           2026-03-01T13:56:26                      10
================================================================================
[2026-03-01T13:57:21.031+0000] {manager.py:997} INFO - 
================================================================================
DAG File Processing Stats

File Path                                           PID    Runtime      # DAGs    # Errors  Last Runtime    Last Run               Last # of DB Queries
--------------------------------------------------  -----  ---------  --------  ----------  --------------  -------------------  ----------------------
/opt/airflow/dags/flight_fare_stages_2_to_7_dag.py                           1           0  7.80s           2026-03-01T13:57:04                      10
================================================================================
[2026-03-01T13:57:51.948+0000] {manager.py:997} INFO - 
================================================================================
DAG File Processing Stats

File Path                                           PID    Runtime      # DAGs    # Errors  Last Runtime    Last Run               Last # of DB Queries
--------------------------------------------------  -----  ---------  --------  ----------  --------------  -------------------  ----------------------
/opt/airflow/dags/flight_fare_stages_2_to_7_dag.py                           1           0  6.58s           2026-03-01T13:57:41                      10
================================================================================
[2026-03-01T13:58:22.709+0000] {manager.py:997} INFO - 
================================================================================
DAG File Processing Stats

File Path                                             PID  Runtime      # DAGs    # Errors  Last Runtime    Last Run               Last # of DB Queries
--------------------------------------------------  -----  ---------  --------  ----------  --------------  -------------------  ----------------------
/opt/airflow/dags/flight_fare_stages_2_to_7_dag.py   2552  10.35s            1           0  6.58s           2026-03-01T13:57:41                      10
================================================================================
[2026-03-01T13:58:53.392+0000] {manager.py:997} INFO - 
================================================================================
DAG File Processing Stats

File Path                                           PID    Runtime      # DAGs    # Errors  Last Runtime    Last Run               Last # of DB Queries
--------------------------------------------------  -----  ---------  --------  ----------  --------------  -------------------  ----------------------
/opt/airflow/dags/flight_fare_stages_2_to_7_dag.py                           1           0  11.63s          2026-03-01T13:58:23                      10
================================================================================
[2026-03-01T13:59:23.994+0000] {manager.py:997} INFO - 
================================================================================
DAG File Processing Stats

File Path                                           PID    Runtime      # DAGs    # Errors  Last Runtime    Last Run               Last # of DB Queries
--------------------------------------------------  -----  ---------  --------  ----------  --------------  -------------------  ----------------------
/opt/airflow/dags/flight_fare_stages_2_to_7_dag.py                           1           0  7.09s           2026-03-01T13:59:01                      10
================================================================================
[2026-03-01T13:59:26.018+0000] {manager.py:821} INFO - Searching for files in /opt/airflow/dags
[2026-03-01T13:59:26.152+0000] {manager.py:824} INFO - There are 1 files in /opt/airflow/dags
[2026-03-01T13:59:54.531+0000] {manager.py:997} INFO - 
================================================================================
DAG File Processing Stats

File Path                                           PID    Runtime      # DAGs    # Errors  Last Runtime    Last Run               Last # of DB Queries
--------------------------------------------------  -----  ---------  --------  ----------  --------------  -------------------  ----------------------
/opt/airflow/dags/flight_fare_stages_2_to_7_dag.py                           1           0  8.99s           2026-03-01T13:59:41                      10
================================================================================
[2026-03-01T14:00:24.981+0000] {manager.py:997} INFO - 
================================================================================
DAG File Processing Stats

File Path                                           PID    Runtime      # DAGs    # Errors  Last Runtime    Last Run               Last # of DB Queries
--------------------------------------------------  -----  ---------  --------  ----------  --------------  -------------------  ----------------------
/opt/airflow/dags/flight_fare_stages_2_to_7_dag.py                           1           0  7.83s           2026-03-01T14:00:19                      10
================================================================================
[2026-03-01T14:00:55.466+0000] {manager.py:997} INFO - 
================================================================================
DAG File Processing Stats

File Path                                             PID  Runtime      # DAGs    # Errors  Last Runtime    Last Run               Last # of DB Queries
--------------------------------------------------  -----  ---------  --------  ----------  --------------  -------------------  ----------------------
/opt/airflow/dags/flight_fare_stages_2_to_7_dag.py   2608  5.13s             1           0  7.83s           2026-03-01T14:00:19                      10
================================================================================
[2026-03-01T14:01:25.911+0000] {manager.py:997} INFO - 
================================================================================
DAG File Processing Stats

File Path                                           PID    Runtime      # DAGs    # Errors  Last Runtime    Last Run               Last # of DB Queries
--------------------------------------------------  -----  ---------  --------  ----------  --------------  -------------------  ----------------------
/opt/airflow/dags/flight_fare_stages_2_to_7_dag.py                           1           0  7.49s           2026-03-01T14:00:57                      10
================================================================================
[2026-03-01T14:01:55.963+0000] {manager.py:997} INFO - 
================================================================================
DAG File Processing Stats

File Path                                           PID    Runtime      # DAGs    # Errors  Last Runtime    Last Run               Last # of DB Queries
--------------------------------------------------  -----  ---------  --------  ----------  --------------  -------------------  ----------------------
/opt/airflow/dags/flight_fare_stages_2_to_7_dag.py                           1           0  6.64s           2026-03-01T14:01:34                      10
================================================================================
[2026-03-01T14:02:26.428+0000] {manager.py:997} INFO - 
================================================================================
DAG File Processing Stats

File Path                                           PID    Runtime      # DAGs    # Errors  Last Runtime    Last Run               Last # of DB Queries
--------------------------------------------------  -----  ---------  --------  ----------  --------------  -------------------  ----------------------
/opt/airflow/dags/flight_fare_stages_2_to_7_dag.py                           1           0  6.41s           2026-03-01T14:02:11                      10
================================================================================
[2026-03-01T14:02:56.454+0000] {manager.py:997} INFO - 
================================================================================
DAG File Processing Stats

File Path                                           PID    Runtime      # DAGs    # Errors  Last Runtime    Last Run               Last # of DB Queries
--------------------------------------------------  -----  ---------  --------  ----------  --------------  -------------------  ----------------------
/opt/airflow/dags/flight_fare_stages_2_to_7_dag.py                           1           0  7.31s           2026-03-01T14:02:49                      10
================================================================================
[2026-03-01T14:03:26.858+0000] {manager.py:997} INFO - 
================================================================================
DAG File Processing Stats

File Path                                           PID    Runtime      # DAGs    # Errors  Last Runtime    Last Run               Last # of DB Queries
--------------------------------------------------  -----  ---------  --------  ----------  --------------  -------------------  ----------------------
/opt/airflow/dags/flight_fare_stages_2_to_7_dag.py                           1           0  6.93s           2026-03-01T14:03:26                      10
================================================================================
[2026-03-01T14:03:57.460+0000] {manager.py:997} INFO - 
================================================================================
DAG File Processing Stats

File Path                                             PID  Runtime      # DAGs    # Errors  Last Runtime    Last Run               Last # of DB Queries
--------------------------------------------------  -----  ---------  --------  ----------  --------------  -------------------  ----------------------
/opt/airflow/dags/flight_fare_stages_2_to_7_dag.py   2678  0.06s             1           0  6.93s           2026-03-01T14:03:26                      10
================================================================================
[2026-03-01T14:04:26.597+0000] {manager.py:821} INFO - Searching for files in /opt/airflow/dags
[2026-03-01T14:04:26.660+0000] {manager.py:824} INFO - There are 1 files in /opt/airflow/dags
[2026-03-01T14:04:27.736+0000] {manager.py:997} INFO - 
================================================================================
DAG File Processing Stats

File Path                                           PID    Runtime      # DAGs    # Errors  Last Runtime    Last Run               Last # of DB Queries
--------------------------------------------------  -----  ---------  --------  ----------  --------------  -------------------  ----------------------
/opt/airflow/dags/flight_fare_stages_2_to_7_dag.py                           1           0  7.74s           2026-03-01T14:04:05                      10
================================================================================
[2026-03-01T14:04:57.820+0000] {manager.py:997} INFO - 
================================================================================
DAG File Processing Stats

File Path                                           PID    Runtime      # DAGs    # Errors  Last Runtime    Last Run               Last # of DB Queries
--------------------------------------------------  -----  ---------  --------  ----------  --------------  -------------------  ----------------------
/opt/airflow/dags/flight_fare_stages_2_to_7_dag.py                           1           0  6.72s           2026-03-01T14:04:42                      10
================================================================================
[2026-03-01T14:05:27.913+0000] {manager.py:997} INFO - 
================================================================================
DAG File Processing Stats

File Path                                           PID    Runtime      # DAGs    # Errors  Last Runtime    Last Run               Last # of DB Queries
--------------------------------------------------  -----  ---------  --------  ----------  --------------  -------------------  ----------------------
/opt/airflow/dags/flight_fare_stages_2_to_7_dag.py                           1           0  6.77s           2026-03-01T14:05:19                      10
================================================================================
[2026-03-01T14:05:57.948+0000] {manager.py:997} INFO - 
================================================================================
DAG File Processing Stats

File Path                                             PID  Runtime      # DAGs    # Errors  Last Runtime    Last Run               Last # of DB Queries
--------------------------------------------------  -----  ---------  --------  ----------  --------------  -------------------  ----------------------
/opt/airflow/dags/flight_fare_stages_2_to_7_dag.py   2720  7.48s             1           0  6.77s           2026-03-01T14:05:19                      10
================================================================================
[2026-03-01T14:06:28.690+0000] {manager.py:997} INFO - 
================================================================================
DAG File Processing Stats

File Path                                           PID    Runtime      # DAGs    # Errors  Last Runtime    Last Run               Last # of DB Queries
--------------------------------------------------  -----  ---------  --------  ----------  --------------  -------------------  ----------------------
/opt/airflow/dags/flight_fare_stages_2_to_7_dag.py                           1           0  8.56s           2026-03-01T14:05:59                      10
================================================================================
[2026-03-01T14:06:58.802+0000] {manager.py:997} INFO - 
================================================================================
DAG File Processing Stats

File Path                                           PID    Runtime      # DAGs    # Errors  Last Runtime    Last Run               Last # of DB Queries
--------------------------------------------------  -----  ---------  --------  ----------  --------------  -------------------  ----------------------
/opt/airflow/dags/flight_fare_stages_2_to_7_dag.py                           1           0  4.74s           2026-03-01T14:06:34                      10
================================================================================
[2026-03-01T14:07:29.186+0000] {manager.py:997} INFO - 
================================================================================
DAG File Processing Stats

File Path                                           PID    Runtime      # DAGs    # Errors  Last Runtime    Last Run               Last # of DB Queries
--------------------------------------------------  -----  ---------  --------  ----------  --------------  -------------------  ----------------------
/opt/airflow/dags/flight_fare_stages_2_to_7_dag.py                           1           0  6.05s           2026-03-01T14:07:10                      10
================================================================================
[2026-03-01T14:07:59.747+0000] {manager.py:997} INFO - 
================================================================================
DAG File Processing Stats

File Path                                           PID    Runtime      # DAGs    # Errors  Last Runtime    Last Run               Last # of DB Queries
--------------------------------------------------  -----  ---------  --------  ----------  --------------  -------------------  ----------------------
/opt/airflow/dags/flight_fare_stages_2_to_7_dag.py                           1           0  5.15s           2026-03-01T14:07:46                      10
================================================================================
[2026-03-01T14:08:30.294+0000] {manager.py:997} INFO - 
================================================================================
DAG File Processing Stats

File Path                                           PID    Runtime      # DAGs    # Errors  Last Runtime    Last Run               Last # of DB Queries
--------------------------------------------------  -----  ---------  --------  ----------  --------------  -------------------  ----------------------
/opt/airflow/dags/flight_fare_stages_2_to_7_dag.py                           1           0  6.30s           2026-03-01T14:08:23                      10
================================================================================
[2026-03-01T14:09:00.699+0000] {manager.py:997} INFO - 
================================================================================
DAG File Processing Stats

File Path                                           PID    Runtime      # DAGs    # Errors  Last Runtime    Last Run               Last # of DB Queries
--------------------------------------------------  -----  ---------  --------  ----------  --------------  -------------------  ----------------------
/opt/airflow/dags/flight_fare_stages_2_to_7_dag.py                           1           0  6.06s           2026-03-01T14:08:59                      10
================================================================================
[2026-03-01T14:09:27.041+0000] {manager.py:821} INFO - Searching for files in /opt/airflow/dags
[2026-03-01T14:09:27.090+0000] {manager.py:824} INFO - There are 1 files in /opt/airflow/dags
[2026-03-01T14:09:31.201+0000] {manager.py:997} INFO - 
================================================================================
DAG File Processing Stats

File Path                                             PID  Runtime      # DAGs    # Errors  Last Runtime    Last Run               Last # of DB Queries
--------------------------------------------------  -----  ---------  --------  ----------  --------------  -------------------  ----------------------
/opt/airflow/dags/flight_fare_stages_2_to_7_dag.py   2804  1.03s             1           0  6.06s           2026-03-01T14:08:59                      10
================================================================================
[2026-03-01T14:10:01.725+0000] {manager.py:997} INFO - 
================================================================================
DAG File Processing Stats

File Path                                           PID    Runtime      # DAGs    # Errors  Last Runtime    Last Run               Last # of DB Queries
--------------------------------------------------  -----  ---------  --------  ----------  --------------  -------------------  ----------------------
/opt/airflow/dags/flight_fare_stages_2_to_7_dag.py                           1           0  5.36s           2026-03-01T14:09:35                      10
================================================================================
[2026-03-01T14:10:31.824+0000] {manager.py:997} INFO - 
================================================================================
DAG File Processing Stats

File Path                                           PID    Runtime      # DAGs    # Errors  Last Runtime    Last Run               Last # of DB Queries
--------------------------------------------------  -----  ---------  --------  ----------  --------------  -------------------  ----------------------
/opt/airflow/dags/flight_fare_stages_2_to_7_dag.py                           1           0  6.86s           2026-03-01T14:10:12                      10
================================================================================
[2026-03-01T14:11:02.519+0000] {manager.py:997} INFO - 
================================================================================
DAG File Processing Stats

File Path                                           PID    Runtime      # DAGs    # Errors  Last Runtime    Last Run               Last # of DB Queries
--------------------------------------------------  -----  ---------  --------  ----------  --------------  -------------------  ----------------------
/opt/airflow/dags/flight_fare_stages_2_to_7_dag.py                           1           0  3.62s           2026-03-01T14:10:46                      10
================================================================================
[2026-03-01T14:11:33.038+0000] {manager.py:997} INFO - 
================================================================================
DAG File Processing Stats

File Path                                           PID    Runtime      # DAGs    # Errors  Last Runtime    Last Run               Last # of DB Queries
--------------------------------------------------  -----  ---------  --------  ----------  --------------  -------------------  ----------------------
/opt/airflow/dags/flight_fare_stages_2_to_7_dag.py                           1           0  2.36s           2026-03-01T14:11:19                      10
================================================================================
[2026-03-01T14:12:03.415+0000] {manager.py:997} INFO - 
================================================================================
DAG File Processing Stats

File Path                                           PID    Runtime      # DAGs    # Errors  Last Runtime    Last Run               Last # of DB Queries
--------------------------------------------------  -----  ---------  --------  ----------  --------------  -------------------  ----------------------
/opt/airflow/dags/flight_fare_stages_2_to_7_dag.py                           1           0  2.25s           2026-03-01T14:11:51                      10
================================================================================
[2026-03-01T14:12:33.870+0000] {manager.py:997} INFO - 
================================================================================
DAG File Processing Stats

File Path                                           PID    Runtime      # DAGs    # Errors  Last Runtime    Last Run               Last # of DB Queries
--------------------------------------------------  -----  ---------  --------  ----------  --------------  -------------------  ----------------------
/opt/airflow/dags/flight_fare_stages_2_to_7_dag.py                           1           0  2.40s           2026-03-01T14:12:24                      10
================================================================================
[2026-03-01T14:13:04.505+0000] {manager.py:997} INFO - 
================================================================================
DAG File Processing Stats

File Path                                           PID    Runtime      # DAGs    # Errors  Last Runtime    Last Run               Last # of DB Queries
--------------------------------------------------  -----  ---------  --------  ----------  --------------  -------------------  ----------------------
/opt/airflow/dags/flight_fare_stages_2_to_7_dag.py                           1           0  2.64s           2026-03-01T14:12:56                      10
================================================================================
[2026-03-01T14:13:34.631+0000] {manager.py:997} INFO - 
================================================================================
DAG File Processing Stats

File Path                                           PID    Runtime      # DAGs    # Errors  Last Runtime    Last Run               Last # of DB Queries
--------------------------------------------------  -----  ---------  --------  ----------  --------------  -------------------  ----------------------
/opt/airflow/dags/flight_fare_stages_2_to_7_dag.py                           1           0  2.57s           2026-03-01T14:13:29                      10
================================================================================
[2026-03-01T15:40:44.422+0000] {manager.py:483} INFO - Processing files using up to 2 processes at a time 
[2026-03-01T15:40:44.424+0000] {manager.py:484} INFO - Process each file at most once every 30 seconds
[2026-03-01T15:40:44.425+0000] {manager.py:485} INFO - Checking for new files in /opt/airflow/dags every 300 seconds
[2026-03-01T15:40:44.426+0000] {manager.py:821} INFO - Searching for files in /opt/airflow/dags
[2026-03-01T15:40:44.459+0000] {manager.py:824} INFO - There are 1 files in /opt/airflow/dags
[2026-03-01T15:40:44.617+0000] {manager.py:997} INFO - 
================================================================================
DAG File Processing Stats

File Path                                             PID  Runtime      # DAGs    # Errors  Last Runtime    Last Run      Last # of DB Queries
--------------------------------------------------  -----  ---------  --------  ----------  --------------  ----------  ----------------------
/opt/airflow/dags/flight_fare_stages_2_to_7_dag.py    168  0.06s             0           0                                                   0
================================================================================
[2026-03-01T15:41:14.771+0000] {manager.py:997} INFO - 
================================================================================
DAG File Processing Stats

File Path                                           PID    Runtime      # DAGs    # Errors  Last Runtime    Last Run               Last # of DB Queries
--------------------------------------------------  -----  ---------  --------  ----------  --------------  -------------------  ----------------------
/opt/airflow/dags/flight_fare_stages_2_to_7_dag.py                           1           0  5.89s           2026-03-01T15:40:50                      32
================================================================================
[2026-03-01T15:41:45.303+0000] {manager.py:997} INFO - 
================================================================================
DAG File Processing Stats

File Path                                           PID    Runtime      # DAGs    # Errors  Last Runtime    Last Run               Last # of DB Queries
--------------------------------------------------  -----  ---------  --------  ----------  --------------  -------------------  ----------------------
/opt/airflow/dags/flight_fare_stages_2_to_7_dag.py                           1           0  4.47s           2026-03-01T15:41:25                      10
================================================================================
[2026-03-01T15:42:15.655+0000] {manager.py:997} INFO - 
================================================================================
DAG File Processing Stats

File Path                                           PID    Runtime      # DAGs    # Errors  Last Runtime    Last Run               Last # of DB Queries
--------------------------------------------------  -----  ---------  --------  ----------  --------------  -------------------  ----------------------
/opt/airflow/dags/flight_fare_stages_2_to_7_dag.py                           1           0  2.95s           2026-03-01T15:41:58                      10
================================================================================
[2026-03-01T15:42:45.718+0000] {manager.py:997} INFO - 
================================================================================
DAG File Processing Stats

File Path                                           PID    Runtime      # DAGs    # Errors  Last Runtime    Last Run               Last # of DB Queries
--------------------------------------------------  -----  ---------  --------  ----------  --------------  -------------------  ----------------------
/opt/airflow/dags/flight_fare_stages_2_to_7_dag.py                           1           0  2.75s           2026-03-01T15:42:31                      10
================================================================================
[2026-03-01T15:43:15.946+0000] {manager.py:997} INFO - 
================================================================================
DAG File Processing Stats

File Path                                           PID    Runtime      # DAGs    # Errors  Last Runtime    Last Run               Last # of DB Queries
--------------------------------------------------  -----  ---------  --------  ----------  --------------  -------------------  ----------------------
/opt/airflow/dags/flight_fare_stages_2_to_7_dag.py                           1           0  2.85s           2026-03-01T15:43:04                      10
================================================================================
[2026-03-01T15:43:46.065+0000] {manager.py:997} INFO - 
================================================================================
DAG File Processing Stats

File Path                                           PID    Runtime      # DAGs    # Errors  Last Runtime    Last Run               Last # of DB Queries
--------------------------------------------------  -----  ---------  --------  ----------  --------------  -------------------  ----------------------
/opt/airflow/dags/flight_fare_stages_2_to_7_dag.py                           1           0  10.06s          2026-03-01T15:43:45                      10
================================================================================
[2026-03-01T15:44:16.465+0000] {manager.py:997} INFO - 
================================================================================
DAG File Processing Stats

File Path                                             PID  Runtime      # DAGs    # Errors  Last Runtime    Last Run               Last # of DB Queries
--------------------------------------------------  -----  ---------  --------  ----------  --------------  -------------------  ----------------------
/opt/airflow/dags/flight_fare_stages_2_to_7_dag.py    252  1.02s             1           0  10.06s          2026-03-01T15:43:45                      10
================================================================================
[2026-03-01T15:44:46.686+0000] {manager.py:997} INFO - 
================================================================================
DAG File Processing Stats

File Path                                           PID    Runtime      # DAGs    # Errors  Last Runtime    Last Run               Last # of DB Queries
--------------------------------------------------  -----  ---------  --------  ----------  --------------  -------------------  ----------------------
/opt/airflow/dags/flight_fare_stages_2_to_7_dag.py                           1           0  2.86s           2026-03-01T15:44:18                      10
================================================================================
[2026-03-01T15:45:17.083+0000] {manager.py:997} INFO - 
================================================================================
DAG File Processing Stats

File Path                                           PID    Runtime      # DAGs    # Errors  Last Runtime    Last Run               Last # of DB Queries
--------------------------------------------------  -----  ---------  --------  ----------  --------------  -------------------  ----------------------
/opt/airflow/dags/flight_fare_stages_2_to_7_dag.py                           1           0  3.10s           2026-03-01T15:44:51                      10
================================================================================
[2026-03-01T15:45:44.474+0000] {manager.py:821} INFO - Searching for files in /opt/airflow/dags
[2026-03-01T15:45:44.559+0000] {manager.py:824} INFO - There are 1 files in /opt/airflow/dags
[2026-03-01T15:45:47.326+0000] {manager.py:997} INFO - 
================================================================================
DAG File Processing Stats

File Path                                           PID    Runtime      # DAGs    # Errors  Last Runtime    Last Run               Last # of DB Queries
--------------------------------------------------  -----  ---------  --------  ----------  --------------  -------------------  ----------------------
/opt/airflow/dags/flight_fare_stages_2_to_7_dag.py                           1           0  2.86s           2026-03-01T15:45:25                      10
================================================================================
[2026-03-01T15:46:17.748+0000] {manager.py:997} INFO - 
================================================================================
DAG File Processing Stats

File Path                                           PID    Runtime      # DAGs    # Errors  Last Runtime    Last Run               Last # of DB Queries
--------------------------------------------------  -----  ---------  --------  ----------  --------------  -------------------  ----------------------
/opt/airflow/dags/flight_fare_stages_2_to_7_dag.py                           1           0  3.14s           2026-03-01T15:45:58                      10
================================================================================
[2026-03-01T15:46:47.816+0000] {manager.py:997} INFO - 
================================================================================
DAG File Processing Stats

File Path                                           PID    Runtime      # DAGs    # Errors  Last Runtime    Last Run               Last # of DB Queries
--------------------------------------------------  -----  ---------  --------  ----------  --------------  -------------------  ----------------------
/opt/airflow/dags/flight_fare_stages_2_to_7_dag.py                           1           0  6.70s           2026-03-01T15:46:35                      10
================================================================================
[2026-03-01T15:47:18.131+0000] {manager.py:997} INFO - 
================================================================================
DAG File Processing Stats

File Path                                           PID    Runtime      # DAGs    # Errors  Last Runtime    Last Run               Last # of DB Queries
--------------------------------------------------  -----  ---------  --------  ----------  --------------  -------------------  ----------------------
/opt/airflow/dags/flight_fare_stages_2_to_7_dag.py                           1           0  2.98s           2026-03-01T15:47:09                      10
================================================================================
[2026-03-01T15:47:48.156+0000] {manager.py:997} INFO - 
================================================================================
DAG File Processing Stats

File Path                                           PID    Runtime      # DAGs    # Errors  Last Runtime    Last Run               Last # of DB Queries
--------------------------------------------------  -----  ---------  --------  ----------  --------------  -------------------  ----------------------
/opt/airflow/dags/flight_fare_stages_2_to_7_dag.py                           1           0  3.64s           2026-03-01T15:47:43                      10
================================================================================
[2026-03-01T15:48:18.522+0000] {manager.py:997} INFO - 
================================================================================
DAG File Processing Stats

File Path                                           PID    Runtime      # DAGs    # Errors  Last Runtime    Last Run               Last # of DB Queries
--------------------------------------------------  -----  ---------  --------  ----------  --------------  -------------------  ----------------------
/opt/airflow/dags/flight_fare_stages_2_to_7_dag.py                           1           0  3.41s           2026-03-01T15:48:16                      10
================================================================================
[2026-03-01T15:48:48.908+0000] {manager.py:997} INFO - 
================================================================================
DAG File Processing Stats

File Path                                             PID  Runtime      # DAGs    # Errors  Last Runtime    Last Run               Last # of DB Queries
--------------------------------------------------  -----  ---------  --------  ----------  --------------  -------------------  ----------------------
/opt/airflow/dags/flight_fare_stages_2_to_7_dag.py    526  2.05s             1           0  3.41s           2026-03-01T15:48:16                      10
================================================================================
[2026-03-01T15:49:19.147+0000] {manager.py:997} INFO - 
================================================================================
DAG File Processing Stats

File Path                                           PID    Runtime      # DAGs    # Errors  Last Runtime    Last Run               Last # of DB Queries
--------------------------------------------------  -----  ---------  --------  ----------  --------------  -------------------  ----------------------
/opt/airflow/dags/flight_fare_stages_2_to_7_dag.py                           1           0  3.90s           2026-03-01T15:48:50                      10
================================================================================
[2026-03-01T15:49:49.247+0000] {manager.py:997} INFO - 
================================================================================
DAG File Processing Stats

File Path                                           PID    Runtime      # DAGs    # Errors  Last Runtime    Last Run               Last # of DB Queries
--------------------------------------------------  -----  ---------  --------  ----------  --------------  -------------------  ----------------------
/opt/airflow/dags/flight_fare_stages_2_to_7_dag.py                           1           0  20.80s          2026-03-01T15:49:42                      10
================================================================================
[2026-03-01T15:50:19.302+0000] {manager.py:997} INFO - 
================================================================================
DAG File Processing Stats

File Path                                             PID  Runtime      # DAGs    # Errors  Last Runtime    Last Run               Last # of DB Queries
--------------------------------------------------  -----  ---------  --------  ----------  --------------  -------------------  ----------------------
/opt/airflow/dags/flight_fare_stages_2_to_7_dag.py    572  6.22s             1           0  20.80s          2026-03-01T15:49:42                      10
================================================================================
[2026-03-01T15:50:44.512+0000] {manager.py:821} INFO - Searching for files in /opt/airflow/dags
[2026-03-01T15:50:44.554+0000] {manager.py:824} INFO - There are 1 files in /opt/airflow/dags
[2026-03-01T15:50:49.659+0000] {manager.py:997} INFO - 
================================================================================
DAG File Processing Stats

File Path                                           PID    Runtime      # DAGs    # Errors  Last Runtime    Last Run               Last # of DB Queries
--------------------------------------------------  -----  ---------  --------  ----------  --------------  -------------------  ----------------------
/opt/airflow/dags/flight_fare_stages_2_to_7_dag.py                           1           0  11.12s          2026-03-01T15:50:24                      10
================================================================================
[2026-03-01T15:51:20.073+0000] {manager.py:997} INFO - 
================================================================================
DAG File Processing Stats

File Path                                           PID    Runtime      # DAGs    # Errors  Last Runtime    Last Run               Last # of DB Queries
--------------------------------------------------  -----  ---------  --------  ----------  --------------  -------------------  ----------------------
/opt/airflow/dags/flight_fare_stages_2_to_7_dag.py                           1           0  3.49s           2026-03-01T15:50:58                      10
================================================================================
[2026-03-01T15:51:50.447+0000] {manager.py:997} INFO - 
================================================================================
DAG File Processing Stats

File Path                                           PID    Runtime      # DAGs    # Errors  Last Runtime    Last Run               Last # of DB Queries
--------------------------------------------------  -----  ---------  --------  ----------  --------------  -------------------  ----------------------
/opt/airflow/dags/flight_fare_stages_2_to_7_dag.py                           1           0  3.88s           2026-03-01T15:51:32                      10
================================================================================
[2026-03-01T15:52:20.623+0000] {manager.py:997} INFO - 
================================================================================
DAG File Processing Stats

File Path                                           PID    Runtime      # DAGs    # Errors  Last Runtime    Last Run               Last # of DB Queries
--------------------------------------------------  -----  ---------  --------  ----------  --------------  -------------------  ----------------------
/opt/airflow/dags/flight_fare_stages_2_to_7_dag.py                           1           0  2.88s           2026-03-01T15:52:05                      10
================================================================================
[2026-03-01T15:52:51.493+0000] {manager.py:997} INFO - 
================================================================================
DAG File Processing Stats

File Path                                           PID    Runtime      # DAGs    # Errors  Last Runtime    Last Run               Last # of DB Queries
--------------------------------------------------  -----  ---------  --------  ----------  --------------  -------------------  ----------------------
/opt/airflow/dags/flight_fare_stages_2_to_7_dag.py                           1           0  2.50s           2026-03-01T15:52:38                      10
================================================================================
[2026-03-01T15:53:21.915+0000] {manager.py:997} INFO - 
================================================================================
DAG File Processing Stats

File Path                                           PID    Runtime      # DAGs    # Errors  Last Runtime    Last Run               Last # of DB Queries
--------------------------------------------------  -----  ---------  --------  ----------  --------------  -------------------  ----------------------
/opt/airflow/dags/flight_fare_stages_2_to_7_dag.py                           1           0  7.08s           2026-03-01T15:53:15                      10
================================================================================
[2026-03-01T15:53:52.410+0000] {manager.py:997} INFO - 
================================================================================
DAG File Processing Stats

File Path                                           PID    Runtime      # DAGs    # Errors  Last Runtime    Last Run               Last # of DB Queries
--------------------------------------------------  -----  ---------  --------  ----------  --------------  -------------------  ----------------------
/opt/airflow/dags/flight_fare_stages_2_to_7_dag.py                           1           0  5.06s           2026-03-01T15:53:51                      10
================================================================================
[2026-03-01T15:54:22.847+0000] {manager.py:997} INFO - 
================================================================================
DAG File Processing Stats

File Path                                             PID  Runtime      # DAGs    # Errors  Last Runtime    Last Run               Last # of DB Queries
--------------------------------------------------  -----  ---------  --------  ----------  --------------  -------------------  ----------------------
/opt/airflow/dags/flight_fare_stages_2_to_7_dag.py    670  1.02s             1           0  5.06s           2026-03-01T15:53:51                      10
================================================================================
[2026-03-01T15:54:53.250+0000] {manager.py:997} INFO - 
================================================================================
DAG File Processing Stats

File Path                                           PID    Runtime      # DAGs    # Errors  Last Runtime    Last Run               Last # of DB Queries
--------------------------------------------------  -----  ---------  --------  ----------  --------------  -------------------  ----------------------
/opt/airflow/dags/flight_fare_stages_2_to_7_dag.py                           1           0  3.29s           2026-03-01T15:54:25                      10
================================================================================
[2026-03-01T15:55:23.270+0000] {manager.py:997} INFO - 
================================================================================
DAG File Processing Stats

File Path                                           PID    Runtime      # DAGs    # Errors  Last Runtime    Last Run               Last # of DB Queries
--------------------------------------------------  -----  ---------  --------  ----------  --------------  -------------------  ----------------------
/opt/airflow/dags/flight_fare_stages_2_to_7_dag.py                           1           0  2.64s           2026-03-01T15:54:57                      10
================================================================================
[2026-03-01T15:55:45.033+0000] {manager.py:821} INFO - Searching for files in /opt/airflow/dags
[2026-03-01T15:55:45.100+0000] {manager.py:824} INFO - There are 1 files in /opt/airflow/dags
[2026-03-01T15:55:53.487+0000] {manager.py:997} INFO - 
================================================================================
DAG File Processing Stats

File Path                                           PID    Runtime      # DAGs    # Errors  Last Runtime    Last Run               Last # of DB Queries
--------------------------------------------------  -----  ---------  --------  ----------  --------------  -------------------  ----------------------
/opt/airflow/dags/flight_fare_stages_2_to_7_dag.py                           1           0  2.90s           2026-03-01T15:55:31                      10
================================================================================
[2026-03-01T15:56:23.859+0000] {manager.py:997} INFO - 
================================================================================
DAG File Processing Stats

File Path                                           PID    Runtime      # DAGs    # Errors  Last Runtime    Last Run               Last # of DB Queries
--------------------------------------------------  -----  ---------  --------  ----------  --------------  -------------------  ----------------------
/opt/airflow/dags/flight_fare_stages_2_to_7_dag.py                           1           0  3.66s           2026-03-01T15:56:05                      10
================================================================================
[2026-03-01T15:56:54.071+0000] {manager.py:997} INFO - 
================================================================================
DAG File Processing Stats

File Path                                           PID    Runtime      # DAGs    # Errors  Last Runtime    Last Run               Last # of DB Queries
--------------------------------------------------  -----  ---------  --------  ----------  --------------  -------------------  ----------------------
/opt/airflow/dags/flight_fare_stages_2_to_7_dag.py                           1           0  3.43s           2026-03-01T15:56:38                      10
================================================================================
[2026-03-01T15:57:24.491+0000] {manager.py:997} INFO - 
================================================================================
DAG File Processing Stats

File Path                                           PID    Runtime      # DAGs    # Errors  Last Runtime    Last Run               Last # of DB Queries
--------------------------------------------------  -----  ---------  --------  ----------  --------------  -------------------  ----------------------
/opt/airflow/dags/flight_fare_stages_2_to_7_dag.py                           1           0  4.18s           2026-03-01T15:57:13                      10
================================================================================
[2026-03-01T15:57:54.517+0000] {manager.py:997} INFO - 
================================================================================
DAG File Processing Stats

File Path                                           PID    Runtime      # DAGs    # Errors  Last Runtime    Last Run               Last # of DB Queries
--------------------------------------------------  -----  ---------  --------  ----------  --------------  -------------------  ----------------------
/opt/airflow/dags/flight_fare_stages_2_to_7_dag.py                           1           0  3.64s           2026-03-01T15:57:47                      10
================================================================================
[2026-03-01T15:58:24.640+0000] {manager.py:997} INFO - 
================================================================================
DAG File Processing Stats

File Path                                           PID    Runtime      # DAGs    # Errors  Last Runtime    Last Run               Last # of DB Queries
--------------------------------------------------  -----  ---------  --------  ----------  --------------  -------------------  ----------------------
/opt/airflow/dags/flight_fare_stages_2_to_7_dag.py                           1           0  2.77s           2026-03-01T15:58:20                      10
================================================================================
[2026-03-01T15:58:54.700+0000] {manager.py:997} INFO - 
================================================================================
DAG File Processing Stats

File Path                                           PID    Runtime      # DAGs    # Errors  Last Runtime    Last Run               Last # of DB Queries
--------------------------------------------------  -----  ---------  --------  ----------  --------------  -------------------  ----------------------
/opt/airflow/dags/flight_fare_stages_2_to_7_dag.py                           1           0  3.18s           2026-03-01T15:58:53                      10
================================================================================
[2026-03-01T15:59:25.119+0000] {manager.py:997} INFO - 
================================================================================
DAG File Processing Stats

File Path                                             PID  Runtime      # DAGs    # Errors  Last Runtime    Last Run               Last # of DB Queries
--------------------------------------------------  -----  ---------  --------  ----------  --------------  -------------------  ----------------------
/opt/airflow/dags/flight_fare_stages_2_to_7_dag.py    814  1.02s             1           0  3.18s           2026-03-01T15:58:53                      10
================================================================================
[2026-03-01T15:59:55.553+0000] {manager.py:997} INFO - 
================================================================================
DAG File Processing Stats

File Path                                           PID    Runtime      # DAGs    # Errors  Last Runtime    Last Run               Last # of DB Queries
--------------------------------------------------  -----  ---------  --------  ----------  --------------  -------------------  ----------------------
/opt/airflow/dags/flight_fare_stages_2_to_7_dag.py                           1           0  3.07s           2026-03-01T15:59:27                      10
================================================================================
[2026-03-01T16:00:25.595+0000] {manager.py:997} INFO - 
================================================================================
DAG File Processing Stats

File Path                                           PID    Runtime      # DAGs    # Errors  Last Runtime    Last Run               Last # of DB Queries
--------------------------------------------------  -----  ---------  --------  ----------  --------------  -------------------  ----------------------
/opt/airflow/dags/flight_fare_stages_2_to_7_dag.py                           1           0  2.67s           2026-03-01T16:00:00                      10
================================================================================
[2026-03-01T16:00:45.180+0000] {manager.py:821} INFO - Searching for files in /opt/airflow/dags
[2026-03-01T16:00:45.247+0000] {manager.py:824} INFO - There are 1 files in /opt/airflow/dags
[2026-03-01T16:00:56.005+0000] {manager.py:997} INFO - 
================================================================================
DAG File Processing Stats

File Path                                           PID    Runtime      # DAGs    # Errors  Last Runtime    Last Run               Last # of DB Queries
--------------------------------------------------  -----  ---------  --------  ----------  --------------  -------------------  ----------------------
/opt/airflow/dags/flight_fare_stages_2_to_7_dag.py                           1           0  3.02s           2026-03-01T16:00:33                      10
================================================================================
[2026-03-01T16:01:26.055+0000] {manager.py:997} INFO - 
================================================================================
DAG File Processing Stats

File Path                                           PID    Runtime      # DAGs    # Errors  Last Runtime    Last Run               Last # of DB Queries
--------------------------------------------------  -----  ---------  --------  ----------  --------------  -------------------  ----------------------
/opt/airflow/dags/flight_fare_stages_2_to_7_dag.py                           1           0  2.70s           2026-03-01T16:01:06                      10
================================================================================
[2026-03-01T16:01:56.403+0000] {manager.py:997} INFO - 
================================================================================
DAG File Processing Stats

File Path                                           PID    Runtime      # DAGs    # Errors  Last Runtime    Last Run               Last # of DB Queries
--------------------------------------------------  -----  ---------  --------  ----------  --------------  -------------------  ----------------------
/opt/airflow/dags/flight_fare_stages_2_to_7_dag.py                           1           0  3.86s           2026-03-01T16:01:40                      10
================================================================================
[2026-03-01T16:02:26.778+0000] {manager.py:997} INFO - 
================================================================================
DAG File Processing Stats

File Path                                           PID    Runtime      # DAGs    # Errors  Last Runtime    Last Run               Last # of DB Queries
--------------------------------------------------  -----  ---------  --------  ----------  --------------  -------------------  ----------------------
/opt/airflow/dags/flight_fare_stages_2_to_7_dag.py                           1           0  2.96s           2026-03-01T16:02:14                      10
================================================================================
[2026-03-01T16:02:57.679+0000] {manager.py:997} INFO - 
================================================================================
DAG File Processing Stats

File Path                                           PID    Runtime      # DAGs    # Errors  Last Runtime    Last Run               Last # of DB Queries
--------------------------------------------------  -----  ---------  --------  ----------  --------------  -------------------  ----------------------
/opt/airflow/dags/flight_fare_stages_2_to_7_dag.py                           1           0  3.13s           2026-03-01T16:02:47                      10
================================================================================
[2026-03-01T16:03:28.164+0000] {manager.py:997} INFO - 
================================================================================
DAG File Processing Stats

File Path                                           PID    Runtime      # DAGs    # Errors  Last Runtime    Last Run               Last # of DB Queries
--------------------------------------------------  -----  ---------  --------  ----------  --------------  -------------------  ----------------------
/opt/airflow/dags/flight_fare_stages_2_to_7_dag.py                           1           0  3.55s           2026-03-01T16:03:21                      10
================================================================================
[2026-03-01T16:03:58.538+0000] {manager.py:997} INFO - 
================================================================================
DAG File Processing Stats

File Path                                           PID    Runtime      # DAGs    # Errors  Last Runtime    Last Run               Last # of DB Queries
--------------------------------------------------  -----  ---------  --------  ----------  --------------  -------------------  ----------------------
/opt/airflow/dags/flight_fare_stages_2_to_7_dag.py                           1           0  3.65s           2026-03-01T16:03:55                      10
================================================================================
[2026-03-01T16:04:28.774+0000] {manager.py:997} INFO - 
================================================================================
DAG File Processing Stats

File Path                                           PID    Runtime      # DAGs    # Errors  Last Runtime    Last Run               Last # of DB Queries
--------------------------------------------------  -----  ---------  --------  ----------  --------------  -------------------  ----------------------
/opt/airflow/dags/flight_fare_stages_2_to_7_dag.py                           1           0  2.83s           2026-03-01T16:04:28                      10
================================================================================
[2026-03-01T16:04:59.195+0000] {manager.py:997} INFO - 
================================================================================
DAG File Processing Stats

File Path                                             PID  Runtime      # DAGs    # Errors  Last Runtime    Last Run               Last # of DB Queries
--------------------------------------------------  -----  ---------  --------  ----------  --------------  -------------------  ----------------------
/opt/airflow/dags/flight_fare_stages_2_to_7_dag.py    972  0.01s             1           0  2.83s           2026-03-01T16:04:28                      10
================================================================================
[2026-03-01T16:05:29.543+0000] {manager.py:997} INFO - 
================================================================================
DAG File Processing Stats

File Path                                           PID    Runtime      # DAGs    # Errors  Last Runtime    Last Run               Last # of DB Queries
--------------------------------------------------  -----  ---------  --------  ----------  --------------  -------------------  ----------------------
/opt/airflow/dags/flight_fare_stages_2_to_7_dag.py                           1           0  3.26s           2026-03-01T16:05:02                      10
================================================================================
[2026-03-01T16:05:45.952+0000] {manager.py:821} INFO - Searching for files in /opt/airflow/dags
[2026-03-01T16:05:46.043+0000] {manager.py:824} INFO - There are 1 files in /opt/airflow/dags
[2026-03-01T16:06:00.277+0000] {manager.py:997} INFO - 
================================================================================
DAG File Processing Stats

File Path                                           PID    Runtime      # DAGs    # Errors  Last Runtime    Last Run               Last # of DB Queries
--------------------------------------------------  -----  ---------  --------  ----------  --------------  -------------------  ----------------------
/opt/airflow/dags/flight_fare_stages_2_to_7_dag.py                           1           0  3.37s           2026-03-01T16:05:35                      10
================================================================================
[2026-03-01T16:06:30.694+0000] {manager.py:997} INFO - 
================================================================================
DAG File Processing Stats

File Path                                           PID    Runtime      # DAGs    # Errors  Last Runtime    Last Run               Last # of DB Queries
--------------------------------------------------  -----  ---------  --------  ----------  --------------  -------------------  ----------------------
/opt/airflow/dags/flight_fare_stages_2_to_7_dag.py                           1           0  3.43s           2026-03-01T16:06:09                      10
================================================================================
[2026-03-01T16:07:01.135+0000] {manager.py:997} INFO - 
================================================================================
DAG File Processing Stats

File Path                                           PID    Runtime      # DAGs    # Errors  Last Runtime    Last Run               Last # of DB Queries
--------------------------------------------------  -----  ---------  --------  ----------  --------------  -------------------  ----------------------
/opt/airflow/dags/flight_fare_stages_2_to_7_dag.py                           1           0  3.20s           2026-03-01T16:06:43                      10
================================================================================
[2026-03-01T16:07:31.301+0000] {manager.py:997} INFO - 
================================================================================
DAG File Processing Stats

File Path                                           PID    Runtime      # DAGs    # Errors  Last Runtime    Last Run               Last # of DB Queries
--------------------------------------------------  -----  ---------  --------  ----------  --------------  -------------------  ----------------------
/opt/airflow/dags/flight_fare_stages_2_to_7_dag.py                           1           0  2.84s           2026-03-01T16:07:16                      10
================================================================================
[2026-03-01T16:08:01.491+0000] {manager.py:997} INFO - 
================================================================================
DAG File Processing Stats

File Path                                           PID    Runtime      # DAGs    # Errors  Last Runtime    Last Run               Last # of DB Queries
--------------------------------------------------  -----  ---------  --------  ----------  --------------  -------------------  ----------------------
/opt/airflow/dags/flight_fare_stages_2_to_7_dag.py                           1           0  3.82s           2026-03-01T16:07:50                      10
================================================================================
[2026-03-01T16:08:31.891+0000] {manager.py:997} INFO - 
================================================================================
DAG File Processing Stats

File Path                                           PID    Runtime      # DAGs    # Errors  Last Runtime    Last Run               Last # of DB Queries
--------------------------------------------------  -----  ---------  --------  ----------  --------------  -------------------  ----------------------
/opt/airflow/dags/flight_fare_stages_2_to_7_dag.py                           1           0  3.45s           2026-03-01T16:08:24                      10
================================================================================
[2026-03-01T16:09:02.655+0000] {manager.py:997} INFO - 
================================================================================
DAG File Processing Stats

File Path                                           PID    Runtime      # DAGs    # Errors  Last Runtime    Last Run               Last # of DB Queries
--------------------------------------------------  -----  ---------  --------  ----------  --------------  -------------------  ----------------------
/opt/airflow/dags/flight_fare_stages_2_to_7_dag.py                           1           0  3.07s           2026-03-01T16:08:57                      10
================================================================================
[2026-03-01T16:09:33.126+0000] {manager.py:997} INFO - 
================================================================================
DAG File Processing Stats

File Path                                           PID    Runtime      # DAGs    # Errors  Last Runtime    Last Run               Last # of DB Queries
--------------------------------------------------  -----  ---------  --------  ----------  --------------  -------------------  ----------------------
/opt/airflow/dags/flight_fare_stages_2_to_7_dag.py                           1           0  3.12s           2026-03-01T16:09:31                      10
================================================================================
[2026-03-01T16:10:03.581+0000] {manager.py:997} INFO - 
================================================================================
DAG File Processing Stats

File Path                                             PID  Runtime      # DAGs    # Errors  Last Runtime    Last Run               Last # of DB Queries
--------------------------------------------------  -----  ---------  --------  ----------  --------------  -------------------  ----------------------
/opt/airflow/dags/flight_fare_stages_2_to_7_dag.py   1098  2.04s             1           0  3.12s           2026-03-01T16:09:31                      10
================================================================================
[2026-03-01T16:10:33.592+0000] {manager.py:997} INFO - 
================================================================================
DAG File Processing Stats

File Path                                           PID    Runtime      # DAGs    # Errors  Last Runtime    Last Run               Last # of DB Queries
--------------------------------------------------  -----  ---------  --------  ----------  --------------  -------------------  ----------------------
/opt/airflow/dags/flight_fare_stages_2_to_7_dag.py                           1           0  3.68s           2026-03-01T16:10:05                      10
================================================================================
[2026-03-01T16:10:46.824+0000] {manager.py:821} INFO - Searching for files in /opt/airflow/dags
[2026-03-01T16:10:46.898+0000] {manager.py:824} INFO - There are 1 files in /opt/airflow/dags
[2026-03-01T16:11:04.172+0000] {manager.py:997} INFO - 
================================================================================
DAG File Processing Stats

File Path                                           PID    Runtime      # DAGs    # Errors  Last Runtime    Last Run               Last # of DB Queries
--------------------------------------------------  -----  ---------  --------  ----------  --------------  -------------------  ----------------------
/opt/airflow/dags/flight_fare_stages_2_to_7_dag.py                           1           0  3.14s           2026-03-01T16:10:38                      10
================================================================================
[2026-03-01T16:11:34.263+0000] {manager.py:997} INFO - 
================================================================================
DAG File Processing Stats

File Path                                           PID    Runtime      # DAGs    # Errors  Last Runtime    Last Run               Last # of DB Queries
--------------------------------------------------  -----  ---------  --------  ----------  --------------  -------------------  ----------------------
/opt/airflow/dags/flight_fare_stages_2_to_7_dag.py                           1           0  5.84s           2026-03-01T16:11:15                      10
================================================================================
[2026-03-02T07:57:12.417+0000] {manager.py:483} INFO - Processing files using up to 2 processes at a time 
[2026-03-02T07:57:12.426+0000] {manager.py:484} INFO - Process each file at most once every 30 seconds
[2026-03-02T07:57:12.427+0000] {manager.py:485} INFO - Checking for new files in /opt/airflow/dags every 300 seconds
[2026-03-02T07:57:12.429+0000] {manager.py:821} INFO - Searching for files in /opt/airflow/dags
[2026-03-02T07:57:12.494+0000] {manager.py:824} INFO - There are 1 files in /opt/airflow/dags
[2026-03-02T07:57:12.636+0000] {manager.py:997} INFO - 
================================================================================
DAG File Processing Stats

File Path                                             PID  Runtime      # DAGs    # Errors  Last Runtime    Last Run      Last # of DB Queries
--------------------------------------------------  -----  ---------  --------  ----------  --------------  ----------  ----------------------
/opt/airflow/dags/flight_fare_stages_2_to_7_dag.py    167  0.05s             0           0                                                   0
================================================================================
[2026-03-02T07:57:42.643+0000] {manager.py:997} INFO - 
================================================================================
DAG File Processing Stats

File Path                                           PID    Runtime      # DAGs    # Errors  Last Runtime    Last Run               Last # of DB Queries
--------------------------------------------------  -----  ---------  --------  ----------  --------------  -------------------  ----------------------
/opt/airflow/dags/flight_fare_stages_2_to_7_dag.py                           1           0  5.84s           2026-03-02T07:57:18                      10
================================================================================
[2026-03-02T07:58:13.182+0000] {manager.py:997} INFO - 
================================================================================
DAG File Processing Stats

File Path                                           PID    Runtime      # DAGs    # Errors  Last Runtime    Last Run               Last # of DB Queries
--------------------------------------------------  -----  ---------  --------  ----------  --------------  -------------------  ----------------------
/opt/airflow/dags/flight_fare_stages_2_to_7_dag.py                           1           0  3.52s           2026-03-02T07:57:52                      10
================================================================================
[2026-03-02T07:58:43.682+0000] {manager.py:997} INFO - 
================================================================================
DAG File Processing Stats

File Path                                           PID    Runtime      # DAGs    # Errors  Last Runtime    Last Run               Last # of DB Queries
--------------------------------------------------  -----  ---------  --------  ----------  --------------  -------------------  ----------------------
/opt/airflow/dags/flight_fare_stages_2_to_7_dag.py                           1           0  3.56s           2026-03-02T07:58:25                      10
================================================================================
[2026-03-02T07:59:14.253+0000] {manager.py:997} INFO - 
================================================================================
DAG File Processing Stats

File Path                                           PID    Runtime      # DAGs    # Errors  Last Runtime    Last Run               Last # of DB Queries
--------------------------------------------------  -----  ---------  --------  ----------  --------------  -------------------  ----------------------
/opt/airflow/dags/flight_fare_stages_2_to_7_dag.py                           1           0  5.07s           2026-03-02T07:59:01                      10
================================================================================
[2026-03-02T07:59:44.318+0000] {manager.py:997} INFO - 
================================================================================
DAG File Processing Stats

File Path                                           PID    Runtime      # DAGs    # Errors  Last Runtime    Last Run               Last # of DB Queries
--------------------------------------------------  -----  ---------  --------  ----------  --------------  -------------------  ----------------------
/opt/airflow/dags/flight_fare_stages_2_to_7_dag.py                           1           0  4.82s           2026-03-02T07:59:36                      10
================================================================================
[2026-03-02T08:00:14.875+0000] {manager.py:997} INFO - 
================================================================================
DAG File Processing Stats

File Path                                             PID  Runtime      # DAGs    # Errors  Last Runtime    Last Run               Last # of DB Queries
--------------------------------------------------  -----  ---------  --------  ----------  --------------  -------------------  ----------------------
/opt/airflow/dags/flight_fare_stages_2_to_7_dag.py    237  8.19s             1           0  4.82s           2026-03-02T07:59:36                      10
================================================================================
[2026-03-02T08:00:45.192+0000] {manager.py:997} INFO - 
================================================================================
DAG File Processing Stats

File Path                                           PID    Runtime      # DAGs    # Errors  Last Runtime    Last Run               Last # of DB Queries
--------------------------------------------------  -----  ---------  --------  ----------  --------------  -------------------  ----------------------
/opt/airflow/dags/flight_fare_stages_2_to_7_dag.py                           1           0  16.31s          2026-03-02T08:00:22                      10
================================================================================
[2026-03-02T08:01:15.509+0000] {manager.py:997} INFO - 
================================================================================
DAG File Processing Stats

File Path                                           PID    Runtime      # DAGs    # Errors  Last Runtime    Last Run               Last # of DB Queries
--------------------------------------------------  -----  ---------  --------  ----------  --------------  -------------------  ----------------------
/opt/airflow/dags/flight_fare_stages_2_to_7_dag.py                           1           0  5.89s           2026-03-02T08:00:59                      10
================================================================================
[2026-03-02T08:01:46.203+0000] {manager.py:997} INFO - 
================================================================================
DAG File Processing Stats

File Path                                           PID    Runtime      # DAGs    # Errors  Last Runtime    Last Run               Last # of DB Queries
--------------------------------------------------  -----  ---------  --------  ----------  --------------  -------------------  ----------------------
/opt/airflow/dags/flight_fare_stages_2_to_7_dag.py                           1           0  3.53s           2026-03-02T08:01:33                      10
================================================================================
[2026-03-02T08:02:12.541+0000] {manager.py:821} INFO - Searching for files in /opt/airflow/dags
[2026-03-02T08:02:12.586+0000] {manager.py:824} INFO - There are 1 files in /opt/airflow/dags
[2026-03-02T08:02:16.661+0000] {manager.py:997} INFO - 
================================================================================
DAG File Processing Stats

File Path                                           PID    Runtime      # DAGs    # Errors  Last Runtime    Last Run               Last # of DB Queries
--------------------------------------------------  -----  ---------  --------  ----------  --------------  -------------------  ----------------------
/opt/airflow/dags/flight_fare_stages_2_to_7_dag.py                           1           0  6.92s           2026-03-02T08:02:10                      10
================================================================================
[2026-03-02T08:02:46.656+0000] {manager.py:997} INFO - 
================================================================================
DAG File Processing Stats

File Path                                             PID  Runtime      # DAGs    # Errors  Last Runtime    Last Run               Last # of DB Queries
--------------------------------------------------  -----  ---------  --------  ----------  --------------  -------------------  ----------------------
/opt/airflow/dags/flight_fare_stages_2_to_7_dag.py    293  5.75s             1           0  6.92s           2026-03-02T08:02:10                      10
================================================================================
[2026-03-02T08:03:16.938+0000] {manager.py:997} INFO - 
================================================================================
DAG File Processing Stats

File Path                                           PID    Runtime      # DAGs    # Errors  Last Runtime    Last Run               Last # of DB Queries
--------------------------------------------------  -----  ---------  --------  ----------  --------------  -------------------  ----------------------
/opt/airflow/dags/flight_fare_stages_2_to_7_dag.py                           1           0  8.26s           2026-03-02T08:02:49                      10
================================================================================
[2026-03-02T08:03:47.383+0000] {manager.py:997} INFO - 
================================================================================
DAG File Processing Stats

File Path                                           PID    Runtime      # DAGs    # Errors  Last Runtime    Last Run               Last # of DB Queries
--------------------------------------------------  -----  ---------  --------  ----------  --------------  -------------------  ----------------------
/opt/airflow/dags/flight_fare_stages_2_to_7_dag.py                           1           0  16.36s          2026-03-02T08:03:35                      10
================================================================================
[2026-03-02T08:04:18.049+0000] {manager.py:997} INFO - 
================================================================================
DAG File Processing Stats

File Path                                             PID  Runtime      # DAGs    # Errors  Last Runtime    Last Run               Last # of DB Queries
--------------------------------------------------  -----  ---------  --------  ----------  --------------  -------------------  ----------------------
/opt/airflow/dags/flight_fare_stages_2_to_7_dag.py    321  11.26s            1           0  16.36s          2026-03-02T08:03:35                      10
================================================================================
[2026-03-02T08:06:25.415+0000] {manager.py:483} INFO - Processing files using up to 2 processes at a time 
[2026-03-02T08:06:25.421+0000] {manager.py:484} INFO - Process each file at most once every 30 seconds
[2026-03-02T08:06:25.423+0000] {manager.py:485} INFO - Checking for new files in /opt/airflow/dags every 300 seconds
[2026-03-02T08:06:25.425+0000] {manager.py:821} INFO - Searching for files in /opt/airflow/dags
[2026-03-02T08:06:25.521+0000] {manager.py:824} INFO - There are 1 files in /opt/airflow/dags
[2026-03-02T08:06:25.877+0000] {manager.py:997} INFO - 
================================================================================
DAG File Processing Stats

File Path                                             PID  Runtime      # DAGs    # Errors  Last Runtime    Last Run      Last # of DB Queries
--------------------------------------------------  -----  ---------  --------  ----------  --------------  ----------  ----------------------
/opt/airflow/dags/flight_fare_stages_2_to_7_dag.py    167  0.11s             0           0                                                   0
================================================================================
[2026-03-02T08:06:56.406+0000] {manager.py:997} INFO - 
================================================================================
DAG File Processing Stats

File Path                                           PID    Runtime      # DAGs    # Errors  Last Runtime    Last Run               Last # of DB Queries
--------------------------------------------------  -----  ---------  --------  ----------  --------------  -------------------  ----------------------
/opt/airflow/dags/flight_fare_stages_2_to_7_dag.py                           0           1  30.64s          2026-03-02T08:06:56                       3
================================================================================
[2026-03-02T08:07:27.818+0000] {manager.py:997} INFO - 
================================================================================
DAG File Processing Stats

File Path                                             PID  Runtime      # DAGs    # Errors  Last Runtime    Last Run               Last # of DB Queries
--------------------------------------------------  -----  ---------  --------  ----------  --------------  -------------------  ----------------------
/opt/airflow/dags/flight_fare_stages_2_to_7_dag.py    181  0.19s             0           1  30.64s          2026-03-02T08:06:56                       3
================================================================================
[2026-03-02T08:07:58.050+0000] {manager.py:997} INFO - 
================================================================================
DAG File Processing Stats

File Path                                           PID    Runtime      # DAGs    # Errors  Last Runtime    Last Run               Last # of DB Queries
--------------------------------------------------  -----  ---------  --------  ----------  --------------  -------------------  ----------------------
/opt/airflow/dags/flight_fare_stages_2_to_7_dag.py                           1           0  28.44s          2026-03-02T08:07:56                      32
================================================================================
[2026-03-02T08:08:29.063+0000] {manager.py:997} INFO - 
================================================================================
DAG File Processing Stats

File Path                                             PID  Runtime      # DAGs    # Errors  Last Runtime    Last Run               Last # of DB Queries
--------------------------------------------------  -----  ---------  --------  ----------  --------------  -------------------  ----------------------
/opt/airflow/dags/flight_fare_stages_2_to_7_dag.py    197  0.61s             1           0  28.44s          2026-03-02T08:07:56                      32
================================================================================
[2026-03-02T08:08:59.673+0000] {manager.py:997} INFO - 
================================================================================
DAG File Processing Stats

File Path                                           PID    Runtime      # DAGs    # Errors  Last Runtime    Last Run               Last # of DB Queries
--------------------------------------------------  -----  ---------  --------  ----------  --------------  -------------------  ----------------------
/opt/airflow/dags/flight_fare_stages_2_to_7_dag.py                           1           0  8.35s           2026-03-02T08:08:36                      10
================================================================================
[2026-03-02T08:09:30.260+0000] {manager.py:997} INFO - 
================================================================================
DAG File Processing Stats

File Path                                           PID    Runtime      # DAGs    # Errors  Last Runtime    Last Run               Last # of DB Queries
--------------------------------------------------  -----  ---------  --------  ----------  --------------  -------------------  ----------------------
/opt/airflow/dags/flight_fare_stages_2_to_7_dag.py                           1           0  3.47s           2026-03-02T08:09:10                      10
================================================================================
[2026-03-02T08:10:00.534+0000] {manager.py:997} INFO - 
================================================================================
DAG File Processing Stats

File Path                                           PID    Runtime      # DAGs    # Errors  Last Runtime    Last Run               Last # of DB Queries
--------------------------------------------------  -----  ---------  --------  ----------  --------------  -------------------  ----------------------
/opt/airflow/dags/flight_fare_stages_2_to_7_dag.py                           1           0  3.00s           2026-03-02T08:09:43                      10
================================================================================
[2026-03-02T08:10:30.835+0000] {manager.py:997} INFO - 
================================================================================
DAG File Processing Stats

File Path                                           PID    Runtime      # DAGs    # Errors  Last Runtime    Last Run               Last # of DB Queries
--------------------------------------------------  -----  ---------  --------  ----------  --------------  -------------------  ----------------------
/opt/airflow/dags/flight_fare_stages_2_to_7_dag.py                           1           0  3.19s           2026-03-02T08:10:16                      10
================================================================================
[2026-03-02T08:11:01.048+0000] {manager.py:997} INFO - 
================================================================================
DAG File Processing Stats

File Path                                           PID    Runtime      # DAGs    # Errors  Last Runtime    Last Run               Last # of DB Queries
--------------------------------------------------  -----  ---------  --------  ----------  --------------  -------------------  ----------------------
/opt/airflow/dags/flight_fare_stages_2_to_7_dag.py                           1           0  2.89s           2026-03-02T08:10:49                      10
================================================================================
[2026-03-02T08:11:25.536+0000] {manager.py:821} INFO - Searching for files in /opt/airflow/dags
[2026-03-02T08:11:25.583+0000] {manager.py:824} INFO - There are 1 files in /opt/airflow/dags
[2026-03-02T08:11:31.057+0000] {manager.py:997} INFO - 
================================================================================
DAG File Processing Stats

File Path                                           PID    Runtime      # DAGs    # Errors  Last Runtime    Last Run               Last # of DB Queries
--------------------------------------------------  -----  ---------  --------  ----------  --------------  -------------------  ----------------------
/opt/airflow/dags/flight_fare_stages_2_to_7_dag.py                           1           0  2.65s           2026-03-02T08:11:22                      10
================================================================================
[2026-03-02T08:12:01.400+0000] {manager.py:997} INFO - 
================================================================================
DAG File Processing Stats

File Path                                           PID    Runtime      # DAGs    # Errors  Last Runtime    Last Run               Last # of DB Queries
--------------------------------------------------  -----  ---------  --------  ----------  --------------  -------------------  ----------------------
/opt/airflow/dags/flight_fare_stages_2_to_7_dag.py                           1           0  3.03s           2026-03-02T08:11:56                      10
================================================================================
[2026-03-02T08:12:32.096+0000] {manager.py:997} INFO - 
================================================================================
DAG File Processing Stats

File Path                                             PID  Runtime      # DAGs    # Errors  Last Runtime    Last Run               Last # of DB Queries
--------------------------------------------------  -----  ---------  --------  ----------  --------------  -------------------  ----------------------
/opt/airflow/dags/flight_fare_stages_2_to_7_dag.py    295  5.38s             1           0  3.03s           2026-03-02T08:11:56                      10
================================================================================
[2026-03-02T08:13:02.682+0000] {manager.py:997} INFO - 
================================================================================
DAG File Processing Stats

File Path                                           PID    Runtime      # DAGs    # Errors  Last Runtime    Last Run               Last # of DB Queries
--------------------------------------------------  -----  ---------  --------  ----------  --------------  -------------------  ----------------------
/opt/airflow/dags/flight_fare_stages_2_to_7_dag.py                           1           0  6.90s           2026-03-02T08:12:33                      10
================================================================================
[2026-03-02T08:13:33.290+0000] {manager.py:997} INFO - 
================================================================================
DAG File Processing Stats

File Path                                           PID    Runtime      # DAGs    # Errors  Last Runtime    Last Run               Last # of DB Queries
--------------------------------------------------  -----  ---------  --------  ----------  --------------  -------------------  ----------------------
/opt/airflow/dags/flight_fare_stages_2_to_7_dag.py                           1           0  4.21s           2026-03-02T08:13:08                      10
================================================================================
[2026-03-02T08:14:04.033+0000] {manager.py:997} INFO - 
================================================================================
DAG File Processing Stats

File Path                                           PID    Runtime      # DAGs    # Errors  Last Runtime    Last Run               Last # of DB Queries
--------------------------------------------------  -----  ---------  --------  ----------  --------------  -------------------  ----------------------
/opt/airflow/dags/flight_fare_stages_2_to_7_dag.py                           1           0  4.14s           2026-03-02T08:13:42                      10
================================================================================
[2026-03-02T08:14:34.289+0000] {manager.py:997} INFO - 
================================================================================
DAG File Processing Stats

File Path                                           PID    Runtime      # DAGs    # Errors  Last Runtime    Last Run               Last # of DB Queries
--------------------------------------------------  -----  ---------  --------  ----------  --------------  -------------------  ----------------------
/opt/airflow/dags/flight_fare_stages_2_to_7_dag.py                           1           0  17.72s          2026-03-02T08:14:30                      10
================================================================================
[2026-03-02T08:15:04.869+0000] {manager.py:997} INFO - 
================================================================================
DAG File Processing Stats

File Path                                             PID  Runtime      # DAGs    # Errors  Last Runtime    Last Run               Last # of DB Queries
--------------------------------------------------  -----  ---------  --------  ----------  --------------  -------------------  ----------------------
/opt/airflow/dags/flight_fare_stages_2_to_7_dag.py    351  3.39s             1           0  17.72s          2026-03-02T08:14:30                      10
================================================================================
[2026-03-02T08:15:35.056+0000] {manager.py:997} INFO - 
================================================================================
DAG File Processing Stats

File Path                                           PID    Runtime      # DAGs    # Errors  Last Runtime    Last Run               Last # of DB Queries
--------------------------------------------------  -----  ---------  --------  ----------  --------------  -------------------  ----------------------
/opt/airflow/dags/flight_fare_stages_2_to_7_dag.py                           1           0  23.45s          2026-03-02T08:15:24                      10
================================================================================
[2026-03-02T08:16:05.296+0000] {manager.py:997} INFO - 
================================================================================
DAG File Processing Stats

File Path                                           PID    Runtime      # DAGs    # Errors  Last Runtime    Last Run               Last # of DB Queries
--------------------------------------------------  -----  ---------  --------  ----------  --------------  -------------------  ----------------------
/opt/airflow/dags/flight_fare_stages_2_to_7_dag.py                           1           0  4.00s           2026-03-02T08:15:59                      10
================================================================================
[2026-03-02T08:16:25.692+0000] {manager.py:821} INFO - Searching for files in /opt/airflow/dags
[2026-03-02T08:16:25.817+0000] {manager.py:824} INFO - There are 1 files in /opt/airflow/dags
[2026-03-02T08:16:35.626+0000] {manager.py:997} INFO - 
================================================================================
DAG File Processing Stats

File Path                                           PID    Runtime      # DAGs    # Errors  Last Runtime    Last Run               Last # of DB Queries
--------------------------------------------------  -----  ---------  --------  ----------  --------------  -------------------  ----------------------
/opt/airflow/dags/flight_fare_stages_2_to_7_dag.py                           1           0  5.67s           2026-03-02T08:16:35                      10
================================================================================
[2026-03-02T08:17:06.272+0000] {manager.py:997} INFO - 
================================================================================
DAG File Processing Stats

File Path                                             PID  Runtime      # DAGs    # Errors  Last Runtime    Last Run               Last # of DB Queries
--------------------------------------------------  -----  ---------  --------  ----------  --------------  -------------------  ----------------------
/opt/airflow/dags/flight_fare_stages_2_to_7_dag.py    393  0.05s             1           0  5.67s           2026-03-02T08:16:35                      10
================================================================================
[2026-03-02T08:17:36.501+0000] {manager.py:997} INFO - 
================================================================================
DAG File Processing Stats

File Path                                           PID    Runtime      # DAGs    # Errors  Last Runtime    Last Run               Last # of DB Queries
--------------------------------------------------  -----  ---------  --------  ----------  --------------  -------------------  ----------------------
/opt/airflow/dags/flight_fare_stages_2_to_7_dag.py                           1           0  4.96s           2026-03-02T08:17:11                      10
================================================================================
[2026-03-02T08:18:07.529+0000] {manager.py:997} INFO - 
================================================================================
DAG File Processing Stats

File Path                                           PID    Runtime      # DAGs    # Errors  Last Runtime    Last Run               Last # of DB Queries
--------------------------------------------------  -----  ---------  --------  ----------  --------------  -------------------  ----------------------
/opt/airflow/dags/flight_fare_stages_2_to_7_dag.py                           1           0  7.03s           2026-03-02T08:17:48                      10
================================================================================
[2026-03-02T08:18:38.218+0000] {manager.py:997} INFO - 
================================================================================
DAG File Processing Stats

File Path                                           PID    Runtime      # DAGs    # Errors  Last Runtime    Last Run               Last # of DB Queries
--------------------------------------------------  -----  ---------  --------  ----------  --------------  -------------------  ----------------------
/opt/airflow/dags/flight_fare_stages_2_to_7_dag.py                           1           0  11.12s          2026-03-02T08:18:30                      10
================================================================================
[2026-03-02T08:19:08.235+0000] {manager.py:997} INFO - 
================================================================================
DAG File Processing Stats

File Path                                             PID  Runtime      # DAGs    # Errors  Last Runtime    Last Run               Last # of DB Queries
--------------------------------------------------  -----  ---------  --------  ----------  --------------  -------------------  ----------------------
/opt/airflow/dags/flight_fare_stages_2_to_7_dag.py    435  6.54s             1           0  11.12s          2026-03-02T08:18:30                      10
================================================================================
[2026-03-02T08:19:38.798+0000] {manager.py:997} INFO - 
================================================================================
DAG File Processing Stats

File Path                                           PID    Runtime      # DAGs    # Errors  Last Runtime    Last Run               Last # of DB Queries
--------------------------------------------------  -----  ---------  --------  ----------  --------------  -------------------  ----------------------
/opt/airflow/dags/flight_fare_stages_2_to_7_dag.py                           1           0  7.68s           2026-03-02T08:19:09                      10
================================================================================
[2026-03-02T08:20:08.801+0000] {manager.py:997} INFO - 
================================================================================
DAG File Processing Stats

File Path                                           PID    Runtime      # DAGs    # Errors  Last Runtime    Last Run               Last # of DB Queries
--------------------------------------------------  -----  ---------  --------  ----------  --------------  -------------------  ----------------------
/opt/airflow/dags/flight_fare_stages_2_to_7_dag.py                           1           0  12.76s          2026-03-02T08:19:52                      10
================================================================================
[2026-03-02T08:20:39.126+0000] {manager.py:997} INFO - 
================================================================================
DAG File Processing Stats

File Path                                           PID    Runtime      # DAGs    # Errors  Last Runtime    Last Run               Last # of DB Queries
--------------------------------------------------  -----  ---------  --------  ----------  --------------  -------------------  ----------------------
/opt/airflow/dags/flight_fare_stages_2_to_7_dag.py                           1           0  3.69s           2026-03-02T08:20:26                      10
================================================================================
[2026-03-02T08:21:09.443+0000] {manager.py:997} INFO - 
================================================================================
DAG File Processing Stats

File Path                                           PID    Runtime      # DAGs    # Errors  Last Runtime    Last Run               Last # of DB Queries
--------------------------------------------------  -----  ---------  --------  ----------  --------------  -------------------  ----------------------
/opt/airflow/dags/flight_fare_stages_2_to_7_dag.py                           1           0  2.97s           2026-03-02T08:20:59                      10
================================================================================
[2026-03-02T08:21:26.039+0000] {manager.py:821} INFO - Searching for files in /opt/airflow/dags
[2026-03-02T08:21:26.076+0000] {manager.py:824} INFO - There are 1 files in /opt/airflow/dags
[2026-03-02T08:21:40.352+0000] {manager.py:997} INFO - 
================================================================================
DAG File Processing Stats

File Path                                           PID    Runtime      # DAGs    # Errors  Last Runtime    Last Run               Last # of DB Queries
--------------------------------------------------  -----  ---------  --------  ----------  --------------  -------------------  ----------------------
/opt/airflow/dags/flight_fare_stages_2_to_7_dag.py                           1           0  3.05s           2026-03-02T08:21:33                      10
================================================================================
[2026-03-02T08:22:10.565+0000] {manager.py:997} INFO - 
================================================================================
DAG File Processing Stats

File Path                                           PID    Runtime      # DAGs    # Errors  Last Runtime    Last Run               Last # of DB Queries
--------------------------------------------------  -----  ---------  --------  ----------  --------------  -------------------  ----------------------
/opt/airflow/dags/flight_fare_stages_2_to_7_dag.py                           1           0  4.67s           2026-03-02T08:22:08                      10
================================================================================
[2026-03-02T08:22:40.956+0000] {manager.py:997} INFO - 
================================================================================
DAG File Processing Stats

File Path                                             PID  Runtime      # DAGs    # Errors  Last Runtime    Last Run               Last # of DB Queries
--------------------------------------------------  -----  ---------  --------  ----------  --------------  -------------------  ----------------------
/opt/airflow/dags/flight_fare_stages_2_to_7_dag.py    519  2.04s             1           0  4.67s           2026-03-02T08:22:08                      10
================================================================================
[2026-03-02T08:23:11.046+0000] {manager.py:997} INFO - 
================================================================================
DAG File Processing Stats

File Path                                           PID    Runtime      # DAGs    # Errors  Last Runtime    Last Run               Last # of DB Queries
--------------------------------------------------  -----  ---------  --------  ----------  --------------  -------------------  ----------------------
/opt/airflow/dags/flight_fare_stages_2_to_7_dag.py                           1           0  2.81s           2026-03-02T08:22:41                      10
================================================================================
[2026-03-02T08:23:41.452+0000] {manager.py:997} INFO - 
================================================================================
DAG File Processing Stats

File Path                                           PID    Runtime      # DAGs    # Errors  Last Runtime    Last Run               Last # of DB Queries
--------------------------------------------------  -----  ---------  --------  ----------  --------------  -------------------  ----------------------
/opt/airflow/dags/flight_fare_stages_2_to_7_dag.py                           1           0  4.00s           2026-03-02T08:23:16                      10
================================================================================
[2026-03-02T08:24:11.835+0000] {manager.py:997} INFO - 
================================================================================
DAG File Processing Stats

File Path                                           PID    Runtime      # DAGs    # Errors  Last Runtime    Last Run               Last # of DB Queries
--------------------------------------------------  -----  ---------  --------  ----------  --------------  -------------------  ----------------------
/opt/airflow/dags/flight_fare_stages_2_to_7_dag.py                           1           0  6.05s           2026-03-02T08:23:52                      10
================================================================================
[2026-03-02T08:24:42.123+0000] {manager.py:997} INFO - 
================================================================================
DAG File Processing Stats

File Path                                           PID    Runtime      # DAGs    # Errors  Last Runtime    Last Run               Last # of DB Queries
--------------------------------------------------  -----  ---------  --------  ----------  --------------  -------------------  ----------------------
/opt/airflow/dags/flight_fare_stages_2_to_7_dag.py                           1           0  4.03s           2026-03-02T08:24:26                      10
================================================================================
[2026-03-02T08:25:12.508+0000] {manager.py:997} INFO - 
================================================================================
DAG File Processing Stats

File Path                                           PID    Runtime      # DAGs    # Errors  Last Runtime    Last Run               Last # of DB Queries
--------------------------------------------------  -----  ---------  --------  ----------  --------------  -------------------  ----------------------
/opt/airflow/dags/flight_fare_stages_2_to_7_dag.py                           1           0  7.74s           2026-03-02T08:25:04                      10
================================================================================
[2026-03-02T08:25:41.722+0000] {manager.py:997} INFO - 
================================================================================
DAG File Processing Stats

File Path                                             PID  Runtime      # DAGs    # Errors  Last Runtime    Last Run               Last # of DB Queries
--------------------------------------------------  -----  ---------  --------  ----------  --------------  -------------------  ----------------------
/opt/airflow/dags/flight_fare_stages_2_to_7_dag.py    589  6.39s             1           0  7.74s           2026-03-02T08:25:04                      10
================================================================================
[2026-03-02T08:26:11.660+0000] {manager.py:997} INFO - 
================================================================================
DAG File Processing Stats

File Path                                           PID    Runtime      # DAGs    # Errors  Last Runtime    Last Run               Last # of DB Queries
--------------------------------------------------  -----  ---------  --------  ----------  --------------  -------------------  ----------------------
/opt/airflow/dags/flight_fare_stages_2_to_7_dag.py                           1           0  9.13s           2026-03-02T08:25:44                      10
================================================================================
[2026-03-02T08:26:26.501+0000] {manager.py:821} INFO - Searching for files in /opt/airflow/dags
[2026-03-02T08:26:26.565+0000] {manager.py:824} INFO - There are 1 files in /opt/airflow/dags
[2026-03-02T08:26:42.147+0000] {manager.py:997} INFO - 
================================================================================
DAG File Processing Stats

File Path                                           PID    Runtime      # DAGs    # Errors  Last Runtime    Last Run               Last # of DB Queries
--------------------------------------------------  -----  ---------  --------  ----------  --------------  -------------------  ----------------------
/opt/airflow/dags/flight_fare_stages_2_to_7_dag.py                           1           0  8.60s           2026-03-02T08:26:23                      10
================================================================================
[2026-03-02T08:27:12.480+0000] {manager.py:997} INFO - 
================================================================================
DAG File Processing Stats

File Path                                           PID    Runtime      # DAGs    # Errors  Last Runtime    Last Run               Last # of DB Queries
--------------------------------------------------  -----  ---------  --------  ----------  --------------  -------------------  ----------------------
/opt/airflow/dags/flight_fare_stages_2_to_7_dag.py                           1           0  3.60s           2026-03-02T08:26:57                      10
================================================================================
[2026-03-02T08:27:42.781+0000] {manager.py:997} INFO - 
================================================================================
DAG File Processing Stats

File Path                                           PID    Runtime      # DAGs    # Errors  Last Runtime    Last Run               Last # of DB Queries
--------------------------------------------------  -----  ---------  --------  ----------  --------------  -------------------  ----------------------
/opt/airflow/dags/flight_fare_stages_2_to_7_dag.py                           1           0  4.40s           2026-03-02T08:27:32                      10
================================================================================
[2026-03-02T08:28:13.082+0000] {manager.py:997} INFO - 
================================================================================
DAG File Processing Stats

File Path                                           PID    Runtime      # DAGs    # Errors  Last Runtime    Last Run               Last # of DB Queries
--------------------------------------------------  -----  ---------  --------  ----------  --------------  -------------------  ----------------------
/opt/airflow/dags/flight_fare_stages_2_to_7_dag.py                           1           0  3.61s           2026-03-02T08:28:06                      10
================================================================================
[2026-03-02T08:28:42.452+0000] {manager.py:997} INFO - 
================================================================================
DAG File Processing Stats

File Path                                             PID  Runtime      # DAGs    # Errors  Last Runtime    Last Run               Last # of DB Queries
--------------------------------------------------  -----  ---------  --------  ----------  --------------  -------------------  ----------------------
/opt/airflow/dags/flight_fare_stages_2_to_7_dag.py    659  5.17s             1           0  3.61s           2026-03-02T08:28:06                      10
================================================================================
[2026-03-02T08:29:12.887+0000] {manager.py:997} INFO - 
================================================================================
DAG File Processing Stats

File Path                                           PID    Runtime      # DAGs    # Errors  Last Runtime    Last Run               Last # of DB Queries
--------------------------------------------------  -----  ---------  --------  ----------  --------------  -------------------  ----------------------
/opt/airflow/dags/flight_fare_stages_2_to_7_dag.py                           1           0  19.62s          2026-03-02T08:28:56                      10
================================================================================
[2026-03-02T08:29:43.451+0000] {manager.py:997} INFO - 
================================================================================
DAG File Processing Stats

File Path                                           PID    Runtime      # DAGs    # Errors  Last Runtime    Last Run               Last # of DB Queries
--------------------------------------------------  -----  ---------  --------  ----------  --------------  -------------------  ----------------------
/opt/airflow/dags/flight_fare_stages_2_to_7_dag.py                           1           0  3.43s           2026-03-02T08:29:30                      10
================================================================================
[2026-03-02T08:30:14.313+0000] {manager.py:997} INFO - 
================================================================================
DAG File Processing Stats

File Path                                           PID    Runtime      # DAGs    # Errors  Last Runtime    Last Run               Last # of DB Queries
--------------------------------------------------  -----  ---------  --------  ----------  --------------  -------------------  ----------------------
/opt/airflow/dags/flight_fare_stages_2_to_7_dag.py                           1           0  6.26s           2026-03-02T08:30:07                      10
================================================================================
[2026-03-02T08:30:45.179+0000] {manager.py:997} INFO - 
================================================================================
DAG File Processing Stats

File Path                                             PID  Runtime      # DAGs    # Errors  Last Runtime    Last Run               Last # of DB Queries
--------------------------------------------------  -----  ---------  --------  ----------  --------------  -------------------  ----------------------
/opt/airflow/dags/flight_fare_stages_2_to_7_dag.py    701  7.34s             1           0  6.26s           2026-03-02T08:30:07                      10
================================================================================
[2026-03-02T08:31:15.512+0000] {manager.py:997} INFO - 
================================================================================
DAG File Processing Stats

File Path                                           PID    Runtime      # DAGs    # Errors  Last Runtime    Last Run               Last # of DB Queries
--------------------------------------------------  -----  ---------  --------  ----------  --------------  -------------------  ----------------------
/opt/airflow/dags/flight_fare_stages_2_to_7_dag.py                           1           0  18.58s          2026-03-02T08:30:56                      10
================================================================================
[2026-03-02T08:31:26.613+0000] {manager.py:821} INFO - Searching for files in /opt/airflow/dags
[2026-03-02T08:31:26.652+0000] {manager.py:824} INFO - There are 1 files in /opt/airflow/dags
[2026-03-02T08:31:45.899+0000] {manager.py:997} INFO - 
================================================================================
DAG File Processing Stats

File Path                                           PID    Runtime      # DAGs    # Errors  Last Runtime    Last Run               Last # of DB Queries
--------------------------------------------------  -----  ---------  --------  ----------  --------------  -------------------  ----------------------
/opt/airflow/dags/flight_fare_stages_2_to_7_dag.py                           1           0  3.57s           2026-03-02T08:31:30                      10
================================================================================
[2026-03-02T08:32:16.195+0000] {manager.py:997} INFO - 
================================================================================
DAG File Processing Stats

File Path                                           PID    Runtime      # DAGs    # Errors  Last Runtime    Last Run               Last # of DB Queries
--------------------------------------------------  -----  ---------  --------  ----------  --------------  -------------------  ----------------------
/opt/airflow/dags/flight_fare_stages_2_to_7_dag.py                           1           0  5.73s           2026-03-02T08:32:06                      10
================================================================================
[2026-03-02T08:32:46.491+0000] {manager.py:997} INFO - 
================================================================================
DAG File Processing Stats

File Path                                           PID    Runtime      # DAGs    # Errors  Last Runtime    Last Run               Last # of DB Queries
--------------------------------------------------  -----  ---------  --------  ----------  --------------  -------------------  ----------------------
/opt/airflow/dags/flight_fare_stages_2_to_7_dag.py                           1           0  5.00s           2026-03-02T08:32:41                      10
================================================================================
[2026-03-02T08:33:17.086+0000] {manager.py:997} INFO - 
================================================================================
DAG File Processing Stats

File Path                                             PID  Runtime      # DAGs    # Errors  Last Runtime    Last Run               Last # of DB Queries
--------------------------------------------------  -----  ---------  --------  ----------  --------------  -------------------  ----------------------
/opt/airflow/dags/flight_fare_stages_2_to_7_dag.py    757  5.14s             1           0  5.00s           2026-03-02T08:32:41                      10
================================================================================
[2026-03-02T08:33:47.685+0000] {manager.py:997} INFO - 
================================================================================
DAG File Processing Stats

File Path                                           PID    Runtime      # DAGs    # Errors  Last Runtime    Last Run               Last # of DB Queries
--------------------------------------------------  -----  ---------  --------  ----------  --------------  -------------------  ----------------------
/opt/airflow/dags/flight_fare_stages_2_to_7_dag.py                           1           0  10.60s          2026-03-02T08:33:22                      10
================================================================================
[2026-03-02T08:34:17.750+0000] {manager.py:997} INFO - 
================================================================================
DAG File Processing Stats

File Path                                           PID    Runtime      # DAGs    # Errors  Last Runtime    Last Run               Last # of DB Queries
--------------------------------------------------  -----  ---------  --------  ----------  --------------  -------------------  ----------------------
/opt/airflow/dags/flight_fare_stages_2_to_7_dag.py                           1           0  4.65s           2026-03-02T08:33:57                      10
================================================================================
[2026-03-02T08:34:47.928+0000] {manager.py:997} INFO - 
================================================================================
DAG File Processing Stats

File Path                                           PID    Runtime      # DAGs    # Errors  Last Runtime    Last Run               Last # of DB Queries
--------------------------------------------------  -----  ---------  --------  ----------  --------------  -------------------  ----------------------
/opt/airflow/dags/flight_fare_stages_2_to_7_dag.py                           1           0  3.79s           2026-03-02T08:34:31                      10
================================================================================
[2026-03-02T08:35:18.204+0000] {manager.py:997} INFO - 
================================================================================
DAG File Processing Stats

File Path                                           PID    Runtime      # DAGs    # Errors  Last Runtime    Last Run               Last # of DB Queries
--------------------------------------------------  -----  ---------  --------  ----------  --------------  -------------------  ----------------------
/opt/airflow/dags/flight_fare_stages_2_to_7_dag.py                           1           0  4.01s           2026-03-02T08:35:06                      10
================================================================================
[2026-03-02T08:35:48.503+0000] {manager.py:997} INFO - 
================================================================================
DAG File Processing Stats

File Path                                           PID    Runtime      # DAGs    # Errors  Last Runtime    Last Run               Last # of DB Queries
--------------------------------------------------  -----  ---------  --------  ----------  --------------  -------------------  ----------------------
/opt/airflow/dags/flight_fare_stages_2_to_7_dag.py                           1           0  3.14s           2026-03-02T08:35:39                      10
================================================================================
[2026-03-02T08:36:18.685+0000] {manager.py:997} INFO - 
================================================================================
DAG File Processing Stats

File Path                                           PID    Runtime      # DAGs    # Errors  Last Runtime    Last Run               Last # of DB Queries
--------------------------------------------------  -----  ---------  --------  ----------  --------------  -------------------  ----------------------
/opt/airflow/dags/flight_fare_stages_2_to_7_dag.py                           1           0  3.77s           2026-03-02T08:36:13                      10
================================================================================
[2026-03-02T08:36:26.797+0000] {manager.py:821} INFO - Searching for files in /opt/airflow/dags
[2026-03-02T08:36:26.827+0000] {manager.py:824} INFO - There are 1 files in /opt/airflow/dags
[2026-03-02T08:36:48.765+0000] {manager.py:997} INFO - 
================================================================================
DAG File Processing Stats

File Path                                           PID    Runtime      # DAGs    # Errors  Last Runtime    Last Run               Last # of DB Queries
--------------------------------------------------  -----  ---------  --------  ----------  --------------  -------------------  ----------------------
/opt/airflow/dags/flight_fare_stages_2_to_7_dag.py                           1           0  3.67s           2026-03-02T08:36:47                      10
================================================================================
[2026-03-02T08:37:18.846+0000] {manager.py:997} INFO - 
================================================================================
DAG File Processing Stats

File Path                                             PID  Runtime      # DAGs    # Errors  Last Runtime    Last Run               Last # of DB Queries
--------------------------------------------------  -----  ---------  --------  ----------  --------------  -------------------  ----------------------
/opt/airflow/dags/flight_fare_stages_2_to_7_dag.py    855  0.65s             1           0  3.67s           2026-03-02T08:36:47                      10
================================================================================
[2026-03-02T08:37:49.266+0000] {manager.py:997} INFO - 
================================================================================
DAG File Processing Stats

File Path                                           PID    Runtime      # DAGs    # Errors  Last Runtime    Last Run               Last # of DB Queries
--------------------------------------------------  -----  ---------  --------  ----------  --------------  -------------------  ----------------------
/opt/airflow/dags/flight_fare_stages_2_to_7_dag.py                           1           0  7.72s           2026-03-02T08:37:25                      10
================================================================================
[2026-03-02T08:38:19.817+0000] {manager.py:997} INFO - 
================================================================================
DAG File Processing Stats

File Path                                           PID    Runtime      # DAGs    # Errors  Last Runtime    Last Run               Last # of DB Queries
--------------------------------------------------  -----  ---------  --------  ----------  --------------  -------------------  ----------------------
/opt/airflow/dags/flight_fare_stages_2_to_7_dag.py                           1           0  9.37s           2026-03-02T08:38:05                      10
================================================================================
[2026-03-02T08:38:50.122+0000] {manager.py:997} INFO - 
================================================================================
DAG File Processing Stats

File Path                                           PID    Runtime      # DAGs    # Errors  Last Runtime    Last Run               Last # of DB Queries
--------------------------------------------------  -----  ---------  --------  ----------  --------------  -------------------  ----------------------
/opt/airflow/dags/flight_fare_stages_2_to_7_dag.py                           1           0  3.56s           2026-03-02T08:38:39                      10
================================================================================
[2026-03-02T08:39:20.366+0000] {manager.py:997} INFO - 
================================================================================
DAG File Processing Stats

File Path                                           PID    Runtime      # DAGs    # Errors  Last Runtime    Last Run               Last # of DB Queries
--------------------------------------------------  -----  ---------  --------  ----------  --------------  -------------------  ----------------------
/opt/airflow/dags/flight_fare_stages_2_to_7_dag.py                           1           0  2.82s           2026-03-02T08:39:12                      10
================================================================================
[2026-03-02T08:39:50.648+0000] {manager.py:997} INFO - 
================================================================================
DAG File Processing Stats

File Path                                           PID    Runtime      # DAGs    # Errors  Last Runtime    Last Run               Last # of DB Queries
--------------------------------------------------  -----  ---------  --------  ----------  --------------  -------------------  ----------------------
/opt/airflow/dags/flight_fare_stages_2_to_7_dag.py                           1           0  2.67s           2026-03-02T08:39:45                      10
================================================================================
[2026-03-02T08:40:20.930+0000] {manager.py:997} INFO - 
================================================================================
DAG File Processing Stats

File Path                                           PID    Runtime      # DAGs    # Errors  Last Runtime    Last Run               Last # of DB Queries
--------------------------------------------------  -----  ---------  --------  ----------  --------------  -------------------  ----------------------
/opt/airflow/dags/flight_fare_stages_2_to_7_dag.py                           1           0  3.10s           2026-03-02T08:40:18                      10
================================================================================
[2026-03-02T08:40:51.274+0000] {manager.py:997} INFO - 
================================================================================
DAG File Processing Stats

File Path                                             PID  Runtime      # DAGs    # Errors  Last Runtime    Last Run               Last # of DB Queries
--------------------------------------------------  -----  ---------  --------  ----------  --------------  -------------------  ----------------------
/opt/airflow/dags/flight_fare_stages_2_to_7_dag.py    939  2.03s             1           0  3.10s           2026-03-02T08:40:18                      10
================================================================================
[2026-03-02T08:41:21.568+0000] {manager.py:997} INFO - 
================================================================================
DAG File Processing Stats

File Path                                           PID    Runtime      # DAGs    # Errors  Last Runtime    Last Run               Last # of DB Queries
--------------------------------------------------  -----  ---------  --------  ----------  --------------  -------------------  ----------------------
/opt/airflow/dags/flight_fare_stages_2_to_7_dag.py                           1           0  2.65s           2026-03-02T08:40:51                      10
================================================================================
[2026-03-02T08:41:27.702+0000] {manager.py:821} INFO - Searching for files in /opt/airflow/dags
[2026-03-02T08:41:27.757+0000] {manager.py:824} INFO - There are 1 files in /opt/airflow/dags
[2026-03-02T08:41:51.704+0000] {manager.py:997} INFO - 
================================================================================
DAG File Processing Stats

File Path                                           PID    Runtime      # DAGs    # Errors  Last Runtime    Last Run               Last # of DB Queries
--------------------------------------------------  -----  ---------  --------  ----------  --------------  -------------------  ----------------------
/opt/airflow/dags/flight_fare_stages_2_to_7_dag.py                           1           0  5.77s           2026-03-02T08:41:28                      10
================================================================================
[2026-03-02T08:42:22.018+0000] {manager.py:997} INFO - 
================================================================================
DAG File Processing Stats

File Path                                           PID    Runtime      # DAGs    # Errors  Last Runtime    Last Run               Last # of DB Queries
--------------------------------------------------  -----  ---------  --------  ----------  --------------  -------------------  ----------------------
/opt/airflow/dags/flight_fare_stages_2_to_7_dag.py                           1           0  4.10s           2026-03-02T08:42:02                      10
================================================================================
[2026-03-02T08:42:52.306+0000] {manager.py:997} INFO - 
================================================================================
DAG File Processing Stats

File Path                                           PID    Runtime      # DAGs    # Errors  Last Runtime    Last Run               Last # of DB Queries
--------------------------------------------------  -----  ---------  --------  ----------  --------------  -------------------  ----------------------
/opt/airflow/dags/flight_fare_stages_2_to_7_dag.py                           1           0  2.60s           2026-03-02T08:42:35                      10
================================================================================
[2026-03-02T08:43:22.566+0000] {manager.py:997} INFO - 
================================================================================
DAG File Processing Stats

File Path                                           PID    Runtime      # DAGs    # Errors  Last Runtime    Last Run               Last # of DB Queries
--------------------------------------------------  -----  ---------  --------  ----------  --------------  -------------------  ----------------------
/opt/airflow/dags/flight_fare_stages_2_to_7_dag.py                           1           0  3.70s           2026-03-02T08:43:09                      10
================================================================================
[2026-03-02T08:43:52.805+0000] {manager.py:997} INFO - 
================================================================================
DAG File Processing Stats

File Path                                           PID    Runtime      # DAGs    # Errors  Last Runtime    Last Run               Last # of DB Queries
--------------------------------------------------  -----  ---------  --------  ----------  --------------  -------------------  ----------------------
/opt/airflow/dags/flight_fare_stages_2_to_7_dag.py                           1           0  2.92s           2026-03-02T08:43:43                      10
================================================================================
[2026-03-02T08:44:23.061+0000] {manager.py:997} INFO - 
================================================================================
DAG File Processing Stats

File Path                                           PID    Runtime      # DAGs    # Errors  Last Runtime    Last Run               Last # of DB Queries
--------------------------------------------------  -----  ---------  --------  ----------  --------------  -------------------  ----------------------
/opt/airflow/dags/flight_fare_stages_2_to_7_dag.py                           1           0  2.84s           2026-03-02T08:44:16                      10
================================================================================
[2026-03-02T08:44:53.539+0000] {manager.py:997} INFO - 
================================================================================
DAG File Processing Stats

File Path                                           PID    Runtime      # DAGs    # Errors  Last Runtime    Last Run               Last # of DB Queries
--------------------------------------------------  -----  ---------  --------  ----------  --------------  -------------------  ----------------------
/opt/airflow/dags/flight_fare_stages_2_to_7_dag.py                           1           0  2.61s           2026-03-02T08:44:48                      10
================================================================================
[2026-03-02T08:45:23.798+0000] {manager.py:997} INFO - 
================================================================================
DAG File Processing Stats

File Path                                           PID    Runtime      # DAGs    # Errors  Last Runtime    Last Run               Last # of DB Queries
--------------------------------------------------  -----  ---------  --------  ----------  --------------  -------------------  ----------------------
/opt/airflow/dags/flight_fare_stages_2_to_7_dag.py                           1           0  2.68s           2026-03-02T08:45:21                      10
================================================================================
[2026-03-02T08:45:54.064+0000] {manager.py:997} INFO - 
================================================================================
DAG File Processing Stats

File Path                                             PID  Runtime      # DAGs    # Errors  Last Runtime    Last Run               Last # of DB Queries
--------------------------------------------------  -----  ---------  --------  ----------  --------------  -------------------  ----------------------
/opt/airflow/dags/flight_fare_stages_2_to_7_dag.py   1065  2.02s             1           0  2.68s           2026-03-02T08:45:21                      10
================================================================================
[2026-03-02T08:46:24.307+0000] {manager.py:997} INFO - 
================================================================================
DAG File Processing Stats

File Path                                           PID    Runtime      # DAGs    # Errors  Last Runtime    Last Run               Last # of DB Queries
--------------------------------------------------  -----  ---------  --------  ----------  --------------  -------------------  ----------------------
/opt/airflow/dags/flight_fare_stages_2_to_7_dag.py                           1           0  2.28s           2026-03-02T08:45:54                      10
================================================================================
[2026-03-02T08:46:28.089+0000] {manager.py:821} INFO - Searching for files in /opt/airflow/dags
[2026-03-02T08:46:28.115+0000] {manager.py:824} INFO - There are 1 files in /opt/airflow/dags
[2026-03-02T08:46:54.357+0000] {manager.py:997} INFO - 
================================================================================
DAG File Processing Stats

File Path                                           PID    Runtime      # DAGs    # Errors  Last Runtime    Last Run               Last # of DB Queries
--------------------------------------------------  -----  ---------  --------  ----------  --------------  -------------------  ----------------------
/opt/airflow/dags/flight_fare_stages_2_to_7_dag.py                           1           0  2.51s           2026-03-02T08:46:27                      10
================================================================================
[2026-03-02T08:47:24.618+0000] {manager.py:997} INFO - 
================================================================================
DAG File Processing Stats

File Path                                           PID    Runtime      # DAGs    # Errors  Last Runtime    Last Run               Last # of DB Queries
--------------------------------------------------  -----  ---------  --------  ----------  --------------  -------------------  ----------------------
/opt/airflow/dags/flight_fare_stages_2_to_7_dag.py                           1           0  2.40s           2026-03-02T08:46:59                      10
================================================================================
[2026-03-02T08:47:55.463+0000] {manager.py:997} INFO - 
================================================================================
DAG File Processing Stats

File Path                                           PID    Runtime      # DAGs    # Errors  Last Runtime    Last Run               Last # of DB Queries
--------------------------------------------------  -----  ---------  --------  ----------  --------------  -------------------  ----------------------
/opt/airflow/dags/flight_fare_stages_2_to_7_dag.py                           1           0  5.17s           2026-03-02T08:47:35                      10
================================================================================
[2026-03-02T08:48:25.806+0000] {manager.py:997} INFO - 
================================================================================
DAG File Processing Stats

File Path                                           PID    Runtime      # DAGs    # Errors  Last Runtime    Last Run               Last # of DB Queries
--------------------------------------------------  -----  ---------  --------  ----------  --------------  -------------------  ----------------------
/opt/airflow/dags/flight_fare_stages_2_to_7_dag.py                           1           0  3.11s           2026-03-02T08:48:08                      10
================================================================================
[2026-03-02T08:48:56.094+0000] {manager.py:997} INFO - 
================================================================================
DAG File Processing Stats

File Path                                           PID    Runtime      # DAGs    # Errors  Last Runtime    Last Run               Last # of DB Queries
--------------------------------------------------  -----  ---------  --------  ----------  --------------  -------------------  ----------------------
/opt/airflow/dags/flight_fare_stages_2_to_7_dag.py                           1           0  3.62s           2026-03-02T08:48:42                      10
================================================================================
[2026-03-02T08:49:26.343+0000] {manager.py:997} INFO - 
================================================================================
DAG File Processing Stats

File Path                                           PID    Runtime      # DAGs    # Errors  Last Runtime    Last Run               Last # of DB Queries
--------------------------------------------------  -----  ---------  --------  ----------  --------------  -------------------  ----------------------
/opt/airflow/dags/flight_fare_stages_2_to_7_dag.py                           1           0  2.49s           2026-03-02T08:49:15                      10
================================================================================
[2026-03-02T08:49:56.656+0000] {manager.py:997} INFO - 
================================================================================
DAG File Processing Stats

File Path                                           PID    Runtime      # DAGs    # Errors  Last Runtime    Last Run               Last # of DB Queries
--------------------------------------------------  -----  ---------  --------  ----------  --------------  -------------------  ----------------------
/opt/airflow/dags/flight_fare_stages_2_to_7_dag.py                           1           0  4.04s           2026-03-02T08:49:49                      10
================================================================================
[2026-03-02T08:50:27.605+0000] {manager.py:997} INFO - 
================================================================================
DAG File Processing Stats

File Path                                             PID  Runtime      # DAGs    # Errors  Last Runtime    Last Run               Last # of DB Queries
--------------------------------------------------  -----  ---------  --------  ----------  --------------  -------------------  ----------------------
/opt/airflow/dags/flight_fare_stages_2_to_7_dag.py   1177  7.57s             1           0  4.04s           2026-03-02T08:49:49                      10
================================================================================
[2026-03-02T08:50:57.977+0000] {manager.py:997} INFO - 
================================================================================
DAG File Processing Stats

File Path                                           PID    Runtime      # DAGs    # Errors  Last Runtime    Last Run               Last # of DB Queries
--------------------------------------------------  -----  ---------  --------  ----------  --------------  -------------------  ----------------------
/opt/airflow/dags/flight_fare_stages_2_to_7_dag.py                           1           0  14.67s          2026-03-02T08:50:34                      10
================================================================================
[2026-03-02T08:51:28.347+0000] {manager.py:821} INFO - Searching for files in /opt/airflow/dags
[2026-03-02T08:51:28.374+0000] {manager.py:824} INFO - There are 1 files in /opt/airflow/dags
[2026-03-02T08:51:28.408+0000] {manager.py:997} INFO - 
================================================================================
DAG File Processing Stats

File Path                                           PID    Runtime      # DAGs    # Errors  Last Runtime    Last Run               Last # of DB Queries
--------------------------------------------------  -----  ---------  --------  ----------  --------------  -------------------  ----------------------
/opt/airflow/dags/flight_fare_stages_2_to_7_dag.py                           1           0  6.50s           2026-03-02T08:51:11                      10
================================================================================
[2026-03-02T08:51:58.702+0000] {manager.py:997} INFO - 
================================================================================
DAG File Processing Stats

File Path                                           PID    Runtime      # DAGs    # Errors  Last Runtime    Last Run               Last # of DB Queries
--------------------------------------------------  -----  ---------  --------  ----------  --------------  -------------------  ----------------------
/opt/airflow/dags/flight_fare_stages_2_to_7_dag.py                           1           0  3.77s           2026-03-02T08:51:45                      10
================================================================================
[2026-03-02T08:52:28.762+0000] {manager.py:997} INFO - 
================================================================================
DAG File Processing Stats

File Path                                           PID    Runtime      # DAGs    # Errors  Last Runtime    Last Run               Last # of DB Queries
--------------------------------------------------  -----  ---------  --------  ----------  --------------  -------------------  ----------------------
/opt/airflow/dags/flight_fare_stages_2_to_7_dag.py                           1           0  7.78s           2026-03-02T08:52:23                      10
================================================================================
[2026-03-02T08:52:59.387+0000] {manager.py:997} INFO - 
================================================================================
DAG File Processing Stats

File Path                                             PID  Runtime      # DAGs    # Errors  Last Runtime    Last Run               Last # of DB Queries
--------------------------------------------------  -----  ---------  --------  ----------  --------------  -------------------  ----------------------
/opt/airflow/dags/flight_fare_stages_2_to_7_dag.py   1233  5.22s             1           0  7.78s           2026-03-02T08:52:23                      10
================================================================================
[2026-03-02T08:53:29.493+0000] {manager.py:997} INFO - 
================================================================================
DAG File Processing Stats

File Path                                           PID    Runtime      # DAGs    # Errors  Last Runtime    Last Run               Last # of DB Queries
--------------------------------------------------  -----  ---------  --------  ----------  --------------  -------------------  ----------------------
/opt/airflow/dags/flight_fare_stages_2_to_7_dag.py                           1           0  11.05s          2026-03-02T08:53:05                      10
================================================================================
[2026-03-02T08:54:00.193+0000] {manager.py:997} INFO - 
================================================================================
DAG File Processing Stats

File Path                                           PID    Runtime      # DAGs    # Errors  Last Runtime    Last Run               Last # of DB Queries
--------------------------------------------------  -----  ---------  --------  ----------  --------------  -------------------  ----------------------
/opt/airflow/dags/flight_fare_stages_2_to_7_dag.py                           1           0  11.41s          2026-03-02T08:53:47                      10
================================================================================
[2026-03-02T08:54:30.721+0000] {manager.py:997} INFO - 
================================================================================
DAG File Processing Stats

File Path                                           PID    Runtime      # DAGs    # Errors  Last Runtime    Last Run               Last # of DB Queries
--------------------------------------------------  -----  ---------  --------  ----------  --------------  -------------------  ----------------------
/opt/airflow/dags/flight_fare_stages_2_to_7_dag.py                           1           0  4.32s           2026-03-02T08:54:21                      10
================================================================================
[2026-03-02T08:55:01.102+0000] {manager.py:997} INFO - 
================================================================================
DAG File Processing Stats

File Path                                           PID    Runtime      # DAGs    # Errors  Last Runtime    Last Run               Last # of DB Queries
--------------------------------------------------  -----  ---------  --------  ----------  --------------  -------------------  ----------------------
/opt/airflow/dags/flight_fare_stages_2_to_7_dag.py                           1           0  7.98s           2026-03-02T08:55:00                      10
================================================================================
[2026-03-02T08:55:31.534+0000] {manager.py:997} INFO - 
================================================================================
DAG File Processing Stats

File Path                                             PID  Runtime      # DAGs    # Errors  Last Runtime    Last Run               Last # of DB Queries
--------------------------------------------------  -----  ---------  --------  ----------  --------------  -------------------  ----------------------
/opt/airflow/dags/flight_fare_stages_2_to_7_dag.py   1289  1.04s             1           0  7.98s           2026-03-02T08:55:00                      10
================================================================================
[2026-03-02T08:56:02.062+0000] {manager.py:997} INFO - 
================================================================================
DAG File Processing Stats

File Path                                           PID    Runtime      # DAGs    # Errors  Last Runtime    Last Run               Last # of DB Queries
--------------------------------------------------  -----  ---------  --------  ----------  --------------  -------------------  ----------------------
/opt/airflow/dags/flight_fare_stages_2_to_7_dag.py                           1           0  7.77s           2026-03-02T08:55:38                      10
================================================================================
[2026-03-02T08:56:28.401+0000] {manager.py:821} INFO - Searching for files in /opt/airflow/dags
[2026-03-02T08:56:28.505+0000] {manager.py:824} INFO - There are 1 files in /opt/airflow/dags
[2026-03-02T08:56:32.321+0000] {manager.py:997} INFO - 
================================================================================
DAG File Processing Stats

File Path                                           PID    Runtime      # DAGs    # Errors  Last Runtime    Last Run               Last # of DB Queries
--------------------------------------------------  -----  ---------  --------  ----------  --------------  -------------------  ----------------------
/opt/airflow/dags/flight_fare_stages_2_to_7_dag.py                           1           0  3.73s           2026-03-02T08:56:12                      10
================================================================================
[2026-03-02T08:57:03.341+0000] {manager.py:997} INFO - 
================================================================================
DAG File Processing Stats

File Path                                             PID  Runtime      # DAGs    # Errors  Last Runtime    Last Run               Last # of DB Queries
--------------------------------------------------  -----  ---------  --------  ----------  --------------  -------------------  ----------------------
/opt/airflow/dags/flight_fare_stages_2_to_7_dag.py   1317  20.78s            1           0  3.73s           2026-03-02T08:56:12                      10
================================================================================
[2026-03-02T08:57:33.704+0000] {manager.py:997} INFO - 
================================================================================
DAG File Processing Stats

File Path                                           PID    Runtime      # DAGs    # Errors  Last Runtime    Last Run               Last # of DB Queries
--------------------------------------------------  -----  ---------  --------  ----------  --------------  -------------------  ----------------------
/opt/airflow/dags/flight_fare_stages_2_to_7_dag.py                           0           1  35.72s          2026-03-02T08:57:18                       3
================================================================================
[2026-03-02T08:58:04.902+0000] {manager.py:997} INFO - 
================================================================================
DAG File Processing Stats

File Path                                             PID  Runtime      # DAGs    # Errors  Last Runtime    Last Run               Last # of DB Queries
--------------------------------------------------  -----  ---------  --------  ----------  --------------  -------------------  ----------------------
/opt/airflow/dags/flight_fare_stages_2_to_7_dag.py   1331  14.86s            0           1  35.72s          2026-03-02T08:57:18                       3
================================================================================
[2026-03-02T08:58:36.362+0000] {manager.py:997} INFO - 
================================================================================
DAG File Processing Stats

File Path                                             PID  Runtime      # DAGs    # Errors  Last Runtime    Last Run               Last # of DB Queries
--------------------------------------------------  -----  ---------  --------  ----------  --------------  -------------------  ----------------------
/opt/airflow/dags/flight_fare_stages_2_to_7_dag.py   1331  45.44s            0           1  35.72s          2026-03-02T08:57:18                       3
================================================================================
[2026-03-02T08:58:41.616+0000] {manager.py:1366} ERROR - Processor for /opt/airflow/dags/flight_fare_stages_2_to_7_dag.py with PID 1331 started at 2026-03-02T08:57:50.031112+00:00 has timed out, killing it.
[2026-03-02T08:59:07.453+0000] {manager.py:997} INFO - 
================================================================================
DAG File Processing Stats

File Path                                           PID    Runtime      # DAGs    # Errors  Last Runtime    Last Run               Last # of DB Queries
--------------------------------------------------  -----  ---------  --------  ----------  --------------  -------------------  ----------------------
/opt/airflow/dags/flight_fare_stages_2_to_7_dag.py                           0           1  51.53s          2026-03-02T08:58:41                       0
================================================================================
[2026-03-02T08:59:37.788+0000] {manager.py:997} INFO - 
================================================================================
DAG File Processing Stats

File Path                                             PID  Runtime      # DAGs    # Errors  Last Runtime    Last Run               Last # of DB Queries
--------------------------------------------------  -----  ---------  --------  ----------  --------------  -------------------  ----------------------
/opt/airflow/dags/flight_fare_stages_2_to_7_dag.py   1336  25.15s            0           1  51.53s          2026-03-02T08:58:41                       0
================================================================================
[2026-03-02T09:00:08.120+0000] {manager.py:997} INFO - 
================================================================================
DAG File Processing Stats

File Path                                           PID    Runtime      # DAGs    # Errors  Last Runtime    Last Run               Last # of DB Queries
--------------------------------------------------  -----  ---------  --------  ----------  --------------  -------------------  ----------------------
/opt/airflow/dags/flight_fare_stages_2_to_7_dag.py                           1           0  33.90s          2026-03-02T08:59:46                      32
================================================================================
[2026-03-02T09:00:38.602+0000] {manager.py:997} INFO - 
================================================================================
DAG File Processing Stats

File Path                                             PID  Runtime      # DAGs    # Errors  Last Runtime    Last Run               Last # of DB Queries
--------------------------------------------------  -----  ---------  --------  ----------  --------------  -------------------  ----------------------
/opt/airflow/dags/flight_fare_stages_2_to_7_dag.py   1350  18.02s            1           0  33.90s          2026-03-02T08:59:46                      32
================================================================================
[2026-03-02T09:01:08.666+0000] {manager.py:997} INFO - 
================================================================================
DAG File Processing Stats

File Path                                             PID  Runtime      # DAGs    # Errors  Last Runtime    Last Run               Last # of DB Queries
--------------------------------------------------  -----  ---------  --------  ----------  --------------  -------------------  ----------------------
/opt/airflow/dags/flight_fare_stages_2_to_7_dag.py   1350  48.30s            1           0  33.90s          2026-03-02T08:59:46                      32
================================================================================
[2026-03-02T09:01:10.400+0000] {manager.py:1366} ERROR - Processor for /opt/airflow/dags/flight_fare_stages_2_to_7_dag.py with PID 1350 started at 2026-03-02T09:00:20.359956+00:00 has timed out, killing it.
[2026-03-02T09:01:28.470+0000] {manager.py:821} INFO - Searching for files in /opt/airflow/dags
[2026-03-02T09:01:28.599+0000] {manager.py:824} INFO - There are 1 files in /opt/airflow/dags
[2026-03-02T09:01:38.842+0000] {manager.py:997} INFO - 
================================================================================
DAG File Processing Stats

File Path                                           PID    Runtime      # DAGs    # Errors  Last Runtime    Last Run               Last # of DB Queries
--------------------------------------------------  -----  ---------  --------  ----------  --------------  -------------------  ----------------------
/opt/airflow/dags/flight_fare_stages_2_to_7_dag.py                           0           1  50.04s          2026-03-02T09:01:10                       0
================================================================================
[2026-03-02T09:02:09.889+0000] {manager.py:997} INFO - 
================================================================================
DAG File Processing Stats

File Path                                           PID    Runtime      # DAGs    # Errors  Last Runtime    Last Run               Last # of DB Queries
--------------------------------------------------  -----  ---------  --------  ----------  --------------  -------------------  ----------------------
/opt/airflow/dags/flight_fare_stages_2_to_7_dag.py                           1           0  18.41s          2026-03-02T09:01:59                      32
================================================================================
[2026-03-02T09:02:41.311+0000] {manager.py:997} INFO - 
================================================================================
DAG File Processing Stats

File Path                                             PID  Runtime      # DAGs    # Errors  Last Runtime    Last Run               Last # of DB Queries
--------------------------------------------------  -----  ---------  --------  ----------  --------------  -------------------  ----------------------
/opt/airflow/dags/flight_fare_stages_2_to_7_dag.py   1376  10.48s            1           0  18.41s          2026-03-02T09:01:59                      32
================================================================================
[2026-03-02T09:03:12.148+0000] {manager.py:997} INFO - 
================================================================================
DAG File Processing Stats

File Path                                             PID  Runtime      # DAGs    # Errors  Last Runtime    Last Run               Last # of DB Queries
--------------------------------------------------  -----  ---------  --------  ----------  --------------  -------------------  ----------------------
/opt/airflow/dags/flight_fare_stages_2_to_7_dag.py   1376  40.90s            1           0  18.41s          2026-03-02T09:01:59                      32
================================================================================
[2026-03-02T09:03:43.613+0000] {manager.py:997} INFO - 
================================================================================
DAG File Processing Stats

File Path                                           PID    Runtime      # DAGs    # Errors  Last Runtime    Last Run               Last # of DB Queries
--------------------------------------------------  -----  ---------  --------  ----------  --------------  -------------------  ----------------------
/opt/airflow/dags/flight_fare_stages_2_to_7_dag.py                           0           1  48.04s          2026-03-02T09:03:18                       3
================================================================================
[2026-03-02T09:04:13.878+0000] {manager.py:997} INFO - 
================================================================================
DAG File Processing Stats

File Path                                             PID  Runtime      # DAGs    # Errors  Last Runtime    Last Run               Last # of DB Queries
--------------------------------------------------  -----  ---------  --------  ----------  --------------  -------------------  ----------------------
/opt/airflow/dags/flight_fare_stages_2_to_7_dag.py   1390  24.07s            0           1  48.04s          2026-03-02T09:03:18                       3
================================================================================
[2026-03-02T09:04:44.248+0000] {manager.py:997} INFO - 
================================================================================
DAG File Processing Stats

File Path                                           PID    Runtime      # DAGs    # Errors  Last Runtime    Last Run               Last # of DB Queries
--------------------------------------------------  -----  ---------  --------  ----------  --------------  -------------------  ----------------------
/opt/airflow/dags/flight_fare_stages_2_to_7_dag.py                           1           0  29.19s          2026-03-02T09:04:18                      32
================================================================================
[2026-03-02T09:05:14.985+0000] {manager.py:997} INFO - 
================================================================================
DAG File Processing Stats

File Path                                           PID    Runtime      # DAGs    # Errors  Last Runtime    Last Run               Last # of DB Queries
--------------------------------------------------  -----  ---------  --------  ----------  --------------  -------------------  ----------------------
/opt/airflow/dags/flight_fare_stages_2_to_7_dag.py                           1           0  9.52s           2026-03-02T09:04:58                      10
================================================================================
[2026-03-02T09:05:44.232+0000] {manager.py:997} INFO - 
================================================================================
DAG File Processing Stats

File Path                                             PID  Runtime      # DAGs    # Errors  Last Runtime    Last Run               Last # of DB Queries
--------------------------------------------------  -----  ---------  --------  ----------  --------------  -------------------  ----------------------
/opt/airflow/dags/flight_fare_stages_2_to_7_dag.py   1418  12.97s            1           0  9.52s           2026-03-02T09:04:58                      10
================================================================================
[2026-03-02T09:06:15.581+0000] {manager.py:997} INFO - 
================================================================================
DAG File Processing Stats

File Path                                             PID  Runtime      # DAGs    # Errors  Last Runtime    Last Run               Last # of DB Queries
--------------------------------------------------  -----  ---------  --------  ----------  --------------  -------------------  ----------------------
/opt/airflow/dags/flight_fare_stages_2_to_7_dag.py   1418  44.35s            1           0  9.52s           2026-03-02T09:04:58                      10
================================================================================
[2026-03-02T09:06:21.846+0000] {manager.py:1366} ERROR - Processor for /opt/airflow/dags/flight_fare_stages_2_to_7_dag.py with PID 1418 started at 2026-03-02T09:05:31.229551+00:00 has timed out, killing it.
[2026-03-02T09:06:28.623+0000] {manager.py:821} INFO - Searching for files in /opt/airflow/dags
[2026-03-02T09:06:28.774+0000] {manager.py:824} INFO - There are 1 files in /opt/airflow/dags
[2026-03-02T09:06:46.552+0000] {manager.py:997} INFO - 
================================================================================
DAG File Processing Stats

File Path                                           PID    Runtime      # DAGs    # Errors  Last Runtime    Last Run               Last # of DB Queries
--------------------------------------------------  -----  ---------  --------  ----------  --------------  -------------------  ----------------------
/opt/airflow/dags/flight_fare_stages_2_to_7_dag.py                           0           1  50.62s          2026-03-02T09:06:21                       0
================================================================================
[2026-03-02T09:07:19.034+0000] {manager.py:997} INFO - 
================================================================================
DAG File Processing Stats

File Path                                             PID  Runtime      # DAGs    # Errors  Last Runtime    Last Run               Last # of DB Queries
--------------------------------------------------  -----  ---------  --------  ----------  --------------  -------------------  ----------------------
/opt/airflow/dags/flight_fare_stages_2_to_7_dag.py   1430  25.85s            0           1  50.62s          2026-03-02T09:06:21                       0
================================================================================
[2026-03-02T09:07:49.963+0000] {manager.py:997} INFO - 
================================================================================
DAG File Processing Stats

File Path                                           PID    Runtime      # DAGs    # Errors  Last Runtime    Last Run               Last # of DB Queries
--------------------------------------------------  -----  ---------  --------  ----------  --------------  -------------------  ----------------------
/opt/airflow/dags/flight_fare_stages_2_to_7_dag.py                           1           0  34.89s          2026-03-02T09:07:27                      32
================================================================================
[2026-03-02T09:08:20.527+0000] {manager.py:997} INFO - 
================================================================================
DAG File Processing Stats

File Path                                             PID  Runtime      # DAGs    # Errors  Last Runtime    Last Run               Last # of DB Queries
--------------------------------------------------  -----  ---------  --------  ----------  --------------  -------------------  ----------------------
/opt/airflow/dags/flight_fare_stages_2_to_7_dag.py   1444  22.32s            1           0  34.89s          2026-03-02T09:07:27                      32
================================================================================
[2026-03-02T09:08:51.163+0000] {manager.py:997} INFO - 
================================================================================
DAG File Processing Stats

File Path                                           PID    Runtime      # DAGs    # Errors  Last Runtime    Last Run               Last # of DB Queries
--------------------------------------------------  -----  ---------  --------  ----------  --------------  -------------------  ----------------------
/opt/airflow/dags/flight_fare_stages_2_to_7_dag.py                           0           1  33.36s          2026-03-02T09:08:31                       3
================================================================================
[2026-03-02T09:09:22.242+0000] {manager.py:997} INFO - 
================================================================================
DAG File Processing Stats

File Path                                             PID  Runtime      # DAGs    # Errors  Last Runtime    Last Run               Last # of DB Queries
--------------------------------------------------  -----  ---------  --------  ----------  --------------  -------------------  ----------------------
/opt/airflow/dags/flight_fare_stages_2_to_7_dag.py   1458  20.62s            0           1  33.36s          2026-03-02T09:08:31                       3
================================================================================
[2026-03-02T09:09:52.685+0000] {manager.py:997} INFO - 
================================================================================
DAG File Processing Stats

File Path                                           PID    Runtime      # DAGs    # Errors  Last Runtime    Last Run               Last # of DB Queries
--------------------------------------------------  -----  ---------  --------  ----------  --------------  -------------------  ----------------------
/opt/airflow/dags/flight_fare_stages_2_to_7_dag.py                           1           0  26.25s          2026-03-02T09:09:27                      32
================================================================================
[2026-03-02T09:10:23.343+0000] {manager.py:997} INFO - 
================================================================================
DAG File Processing Stats

File Path                                           PID    Runtime      # DAGs    # Errors  Last Runtime    Last Run               Last # of DB Queries
--------------------------------------------------  -----  ---------  --------  ----------  --------------  -------------------  ----------------------
/opt/airflow/dags/flight_fare_stages_2_to_7_dag.py                           1           0  11.38s          2026-03-02T09:10:10                      10
================================================================================
[2026-03-02T09:10:53.614+0000] {manager.py:997} INFO - 
================================================================================
DAG File Processing Stats

File Path                                             PID  Runtime      # DAGs    # Errors  Last Runtime    Last Run               Last # of DB Queries
--------------------------------------------------  -----  ---------  --------  ----------  --------------  -------------------  ----------------------
/opt/airflow/dags/flight_fare_stages_2_to_7_dag.py   1486  12.87s            1           0  11.38s          2026-03-02T09:10:10                      10
================================================================================
[2026-03-02T09:11:23.986+0000] {manager.py:997} INFO - 
================================================================================
DAG File Processing Stats

File Path                                           PID    Runtime      # DAGs    # Errors  Last Runtime    Last Run               Last # of DB Queries
--------------------------------------------------  -----  ---------  --------  ----------  --------------  -------------------  ----------------------
/opt/airflow/dags/flight_fare_stages_2_to_7_dag.py                           1           0  20.96s          2026-03-02T09:11:01                      10
================================================================================
[2026-03-02T09:11:29.060+0000] {manager.py:821} INFO - Searching for files in /opt/airflow/dags
[2026-03-02T09:11:29.155+0000] {manager.py:824} INFO - There are 1 files in /opt/airflow/dags
[2026-03-02T09:11:55.178+0000] {manager.py:997} INFO - 
================================================================================
DAG File Processing Stats

File Path                                             PID  Runtime      # DAGs    # Errors  Last Runtime    Last Run               Last # of DB Queries
--------------------------------------------------  -----  ---------  --------  ----------  --------------  -------------------  ----------------------
/opt/airflow/dags/flight_fare_stages_2_to_7_dag.py   1500  22.46s            1           0  20.96s          2026-03-02T09:11:01                      10
================================================================================
[2026-03-02T09:12:28.383+0000] {manager.py:997} INFO - 
================================================================================
DAG File Processing Stats

File Path                                             PID  Runtime      # DAGs    # Errors  Last Runtime    Last Run               Last # of DB Queries
--------------------------------------------------  -----  ---------  --------  ----------  --------------  -------------------  ----------------------
/opt/airflow/dags/flight_fare_stages_2_to_7_dag.py   1514  1.76s             1           0  22.97s          2026-03-02T09:11:55                      10
================================================================================
[2026-03-02T09:12:58.739+0000] {manager.py:997} INFO - 
================================================================================
DAG File Processing Stats

File Path                                           PID    Runtime      # DAGs    # Errors  Last Runtime    Last Run               Last # of DB Queries
--------------------------------------------------  -----  ---------  --------  ----------  --------------  -------------------  ----------------------
/opt/airflow/dags/flight_fare_stages_2_to_7_dag.py                           1           0  24.07s          2026-03-02T09:12:50                      10
================================================================================
[2026-03-02T09:13:29.377+0000] {manager.py:997} INFO - 
================================================================================
DAG File Processing Stats

File Path                                             PID  Runtime      # DAGs    # Errors  Last Runtime    Last Run               Last # of DB Queries
--------------------------------------------------  -----  ---------  --------  ----------  --------------  -------------------  ----------------------
/opt/airflow/dags/flight_fare_stages_2_to_7_dag.py   1528  8.31s             1           0  24.07s          2026-03-02T09:12:50                      10
================================================================================
[2026-03-02T09:13:59.688+0000] {manager.py:997} INFO - 
================================================================================
DAG File Processing Stats

File Path                                           PID    Runtime      # DAGs    # Errors  Last Runtime    Last Run               Last # of DB Queries
--------------------------------------------------  -----  ---------  --------  ----------  --------------  -------------------  ----------------------
/opt/airflow/dags/flight_fare_stages_2_to_7_dag.py                           1           0  15.40s          2026-03-02T09:13:36                      10
================================================================================
[2026-03-02T09:14:30.333+0000] {manager.py:997} INFO - 
================================================================================
DAG File Processing Stats

File Path                                           PID    Runtime      # DAGs    # Errors  Last Runtime    Last Run               Last # of DB Queries
--------------------------------------------------  -----  ---------  --------  ----------  --------------  -------------------  ----------------------
/opt/airflow/dags/flight_fare_stages_2_to_7_dag.py                           1           0  13.54s          2026-03-02T09:14:20                      10
================================================================================
[2026-03-02T09:15:00.965+0000] {manager.py:997} INFO - 
================================================================================
DAG File Processing Stats

File Path                                             PID  Runtime      # DAGs    # Errors  Last Runtime    Last Run               Last # of DB Queries
--------------------------------------------------  -----  ---------  --------  ----------  --------------  -------------------  ----------------------
/opt/airflow/dags/flight_fare_stages_2_to_7_dag.py   1556  10.26s            1           0  13.54s          2026-03-02T09:14:20                      10
================================================================================
[2026-03-02T09:15:30.528+0000] {manager.py:997} INFO - 
================================================================================
DAG File Processing Stats

File Path                                           PID    Runtime      # DAGs    # Errors  Last Runtime    Last Run               Last # of DB Queries
--------------------------------------------------  -----  ---------  --------  ----------  --------------  -------------------  ----------------------
/opt/airflow/dags/flight_fare_stages_2_to_7_dag.py                           1           0  14.07s          2026-03-02T09:15:04                      10
================================================================================
[2026-03-02T09:16:01.416+0000] {manager.py:997} INFO - 
================================================================================
DAG File Processing Stats

File Path                                           PID    Runtime      # DAGs    # Errors  Last Runtime    Last Run               Last # of DB Queries
--------------------------------------------------  -----  ---------  --------  ----------  --------------  -------------------  ----------------------
/opt/airflow/dags/flight_fare_stages_2_to_7_dag.py                           1           0  6.95s           2026-03-02T09:15:41                      10
================================================================================
[2026-03-02T09:16:29.868+0000] {manager.py:821} INFO - Searching for files in /opt/airflow/dags
[2026-03-02T09:16:29.914+0000] {manager.py:824} INFO - There are 1 files in /opt/airflow/dags
[2026-03-02T09:16:31.973+0000] {manager.py:997} INFO - 
================================================================================
DAG File Processing Stats

File Path                                           PID    Runtime      # DAGs    # Errors  Last Runtime    Last Run               Last # of DB Queries
--------------------------------------------------  -----  ---------  --------  ----------  --------------  -------------------  ----------------------
/opt/airflow/dags/flight_fare_stages_2_to_7_dag.py                           1           0  5.24s           2026-03-02T09:16:17                      10
================================================================================
[2026-03-02T09:17:02.333+0000] {manager.py:997} INFO - 
================================================================================
DAG File Processing Stats

File Path                                           PID    Runtime      # DAGs    # Errors  Last Runtime    Last Run               Last # of DB Queries
--------------------------------------------------  -----  ---------  --------  ----------  --------------  -------------------  ----------------------
/opt/airflow/dags/flight_fare_stages_2_to_7_dag.py                           1           0  5.39s           2026-03-02T09:16:53                      10
================================================================================
[2026-03-02T09:17:32.981+0000] {manager.py:997} INFO - 
================================================================================
DAG File Processing Stats

File Path                                             PID  Runtime      # DAGs    # Errors  Last Runtime    Last Run               Last # of DB Queries
--------------------------------------------------  -----  ---------  --------  ----------  --------------  -------------------  ----------------------
/opt/airflow/dags/flight_fare_stages_2_to_7_dag.py   1612  9.13s             1           0  5.39s           2026-03-02T09:16:53                      10
================================================================================
[2026-03-02T09:18:03.248+0000] {manager.py:997} INFO - 
================================================================================
DAG File Processing Stats

File Path                                           PID    Runtime      # DAGs    # Errors  Last Runtime    Last Run               Last # of DB Queries
--------------------------------------------------  -----  ---------  --------  ----------  --------------  -------------------  ----------------------
/opt/airflow/dags/flight_fare_stages_2_to_7_dag.py                           1           0  12.13s          2026-03-02T09:17:35                      10
================================================================================
[2026-03-02T09:18:33.567+0000] {manager.py:997} INFO - 
================================================================================
DAG File Processing Stats

File Path                                           PID    Runtime      # DAGs    # Errors  Last Runtime    Last Run               Last # of DB Queries
--------------------------------------------------  -----  ---------  --------  ----------  --------------  -------------------  ----------------------
/opt/airflow/dags/flight_fare_stages_2_to_7_dag.py                           1           0  8.97s           2026-03-02T09:18:15                      10
================================================================================
[2026-03-02T09:19:04.454+0000] {manager.py:997} INFO - 
================================================================================
DAG File Processing Stats

File Path                                           PID    Runtime      # DAGs    # Errors  Last Runtime    Last Run               Last # of DB Queries
--------------------------------------------------  -----  ---------  --------  ----------  --------------  -------------------  ----------------------
/opt/airflow/dags/flight_fare_stages_2_to_7_dag.py                           1           0  12.43s          2026-03-02T09:18:58                      10
================================================================================
[2026-03-02T09:19:34.905+0000] {manager.py:997} INFO - 
================================================================================
DAG File Processing Stats

File Path                                             PID  Runtime      # DAGs    # Errors  Last Runtime    Last Run               Last # of DB Queries
--------------------------------------------------  -----  ---------  --------  ----------  --------------  -------------------  ----------------------
/opt/airflow/dags/flight_fare_stages_2_to_7_dag.py   1654  6.16s             1           0  12.43s          2026-03-02T09:18:58                      10
================================================================================
[2026-03-02T09:20:05.575+0000] {manager.py:997} INFO - 
================================================================================
DAG File Processing Stats

File Path                                           PID    Runtime      # DAGs    # Errors  Last Runtime    Last Run               Last # of DB Queries
--------------------------------------------------  -----  ---------  --------  ----------  --------------  -------------------  ----------------------
/opt/airflow/dags/flight_fare_stages_2_to_7_dag.py                           1           0  16.60s          2026-03-02T09:19:45                      10
================================================================================
[2026-03-02T09:20:36.088+0000] {manager.py:997} INFO - 
================================================================================
DAG File Processing Stats

File Path                                           PID    Runtime      # DAGs    # Errors  Last Runtime    Last Run               Last # of DB Queries
--------------------------------------------------  -----  ---------  --------  ----------  --------------  -------------------  ----------------------
/opt/airflow/dags/flight_fare_stages_2_to_7_dag.py                           1           0  8.33s           2026-03-02T09:20:24                      10
================================================================================
[2026-03-02T09:21:06.466+0000] {manager.py:997} INFO - 
================================================================================
DAG File Processing Stats

File Path                                           PID    Runtime      # DAGs    # Errors  Last Runtime    Last Run               Last # of DB Queries
--------------------------------------------------  -----  ---------  --------  ----------  --------------  -------------------  ----------------------
/opt/airflow/dags/flight_fare_stages_2_to_7_dag.py                           1           0  8.88s           2026-03-02T09:21:03                      10
================================================================================
[2026-03-02T09:21:29.985+0000] {manager.py:821} INFO - Searching for files in /opt/airflow/dags
[2026-03-02T09:21:30.046+0000] {manager.py:824} INFO - There are 1 files in /opt/airflow/dags
[2026-03-02T09:21:36.962+0000] {manager.py:997} INFO - 
================================================================================
DAG File Processing Stats

File Path                                             PID  Runtime      # DAGs    # Errors  Last Runtime    Last Run               Last # of DB Queries
--------------------------------------------------  -----  ---------  --------  ----------  --------------  -------------------  ----------------------
/opt/airflow/dags/flight_fare_stages_2_to_7_dag.py   1696  3.16s             1           0  8.88s           2026-03-02T09:21:03                      10
================================================================================
[2026-03-02T09:22:07.347+0000] {manager.py:997} INFO - 
================================================================================
DAG File Processing Stats

File Path                                           PID    Runtime      # DAGs    # Errors  Last Runtime    Last Run               Last # of DB Queries
--------------------------------------------------  -----  ---------  --------  ----------  --------------  -------------------  ----------------------
/opt/airflow/dags/flight_fare_stages_2_to_7_dag.py                           1           0  20.41s          2026-03-02T09:21:54                      10
================================================================================
[2026-03-02T09:22:37.801+0000] {manager.py:997} INFO - 
================================================================================
DAG File Processing Stats

File Path                                           PID    Runtime      # DAGs    # Errors  Last Runtime    Last Run               Last # of DB Queries
--------------------------------------------------  -----  ---------  --------  ----------  --------------  -------------------  ----------------------
/opt/airflow/dags/flight_fare_stages_2_to_7_dag.py                           1           0  5.35s           2026-03-02T09:22:29                      10
================================================================================
[2026-03-02T09:23:08.553+0000] {manager.py:997} INFO - 
================================================================================
DAG File Processing Stats

File Path                                             PID  Runtime      # DAGs    # Errors  Last Runtime    Last Run               Last # of DB Queries
--------------------------------------------------  -----  ---------  --------  ----------  --------------  -------------------  ----------------------
/opt/airflow/dags/flight_fare_stages_2_to_7_dag.py   1724  8.25s             1           0  5.35s           2026-03-02T09:22:29                      10
================================================================================
[2026-03-02T09:23:38.780+0000] {manager.py:997} INFO - 
================================================================================
DAG File Processing Stats

File Path                                           PID    Runtime      # DAGs    # Errors  Last Runtime    Last Run               Last # of DB Queries
--------------------------------------------------  -----  ---------  --------  ----------  --------------  -------------------  ----------------------
/opt/airflow/dags/flight_fare_stages_2_to_7_dag.py                           1           0  13.10s          2026-03-02T09:23:13                      10
================================================================================
[2026-03-02T09:24:08.890+0000] {manager.py:997} INFO - 
================================================================================
DAG File Processing Stats

File Path                                           PID    Runtime      # DAGs    # Errors  Last Runtime    Last Run               Last # of DB Queries
--------------------------------------------------  -----  ---------  --------  ----------  --------------  -------------------  ----------------------
/opt/airflow/dags/flight_fare_stages_2_to_7_dag.py                           1           0  19.64s          2026-03-02T09:24:03                      10
================================================================================
[2026-03-02T09:24:39.478+0000] {manager.py:997} INFO - 
================================================================================
DAG File Processing Stats

File Path                                             PID  Runtime      # DAGs    # Errors  Last Runtime    Last Run               Last # of DB Queries
--------------------------------------------------  -----  ---------  --------  ----------  --------------  -------------------  ----------------------
/opt/airflow/dags/flight_fare_stages_2_to_7_dag.py   1752  5.22s             1           0  19.64s          2026-03-02T09:24:03                      10
================================================================================
[2026-03-02T09:25:09.577+0000] {manager.py:997} INFO - 
================================================================================
DAG File Processing Stats

File Path                                           PID    Runtime      # DAGs    # Errors  Last Runtime    Last Run               Last # of DB Queries
--------------------------------------------------  -----  ---------  --------  ----------  --------------  -------------------  ----------------------
/opt/airflow/dags/flight_fare_stages_2_to_7_dag.py                           1           0  29.77s          2026-03-02T09:25:04                      10
================================================================================
[2026-03-02T09:25:39.803+0000] {manager.py:997} INFO - 
================================================================================
DAG File Processing Stats

File Path                                             PID  Runtime      # DAGs    # Errors  Last Runtime    Last Run               Last # of DB Queries
--------------------------------------------------  -----  ---------  --------  ----------  --------------  -------------------  ----------------------
/opt/airflow/dags/flight_fare_stages_2_to_7_dag.py   1766  5.22s             1           0  29.77s          2026-03-02T09:25:04                      10
================================================================================
[2026-03-02T09:26:09.902+0000] {manager.py:997} INFO - 
================================================================================
DAG File Processing Stats

File Path                                           PID    Runtime      # DAGs    # Errors  Last Runtime    Last Run               Last # of DB Queries
--------------------------------------------------  -----  ---------  --------  ----------  --------------  -------------------  ----------------------
/opt/airflow/dags/flight_fare_stages_2_to_7_dag.py                           1           0  15.13s          2026-03-02T09:25:49                      10
================================================================================
[2026-03-02T09:26:30.099+0000] {manager.py:821} INFO - Searching for files in /opt/airflow/dags
[2026-03-02T09:26:30.142+0000] {manager.py:824} INFO - There are 1 files in /opt/airflow/dags
[2026-03-02T09:26:40.291+0000] {manager.py:997} INFO - 
================================================================================
DAG File Processing Stats

File Path                                           PID    Runtime      # DAGs    # Errors  Last Runtime    Last Run               Last # of DB Queries
--------------------------------------------------  -----  ---------  --------  ----------  --------------  -------------------  ----------------------
/opt/airflow/dags/flight_fare_stages_2_to_7_dag.py                           1           0  8.04s           2026-03-02T09:26:28                      10
================================================================================
[2026-03-02T09:27:10.879+0000] {manager.py:997} INFO - 
================================================================================
DAG File Processing Stats

File Path                                             PID  Runtime      # DAGs    # Errors  Last Runtime    Last Run               Last # of DB Queries
--------------------------------------------------  -----  ---------  --------  ----------  --------------  -------------------  ----------------------
/opt/airflow/dags/flight_fare_stages_2_to_7_dag.py   1794  12.35s            1           0  8.04s           2026-03-02T09:26:28                      10
================================================================================
[2026-03-02T09:27:41.248+0000] {manager.py:997} INFO - 
================================================================================
DAG File Processing Stats

File Path                                           PID    Runtime      # DAGs    # Errors  Last Runtime    Last Run               Last # of DB Queries
--------------------------------------------------  -----  ---------  --------  ----------  --------------  -------------------  ----------------------
/opt/airflow/dags/flight_fare_stages_2_to_7_dag.py                           1           0  14.86s          2026-03-02T09:27:13                      10
================================================================================
[2026-03-02T09:28:11.310+0000] {manager.py:997} INFO - 
================================================================================
DAG File Processing Stats

File Path                                           PID    Runtime      # DAGs    # Errors  Last Runtime    Last Run               Last # of DB Queries
--------------------------------------------------  -----  ---------  --------  ----------  --------------  -------------------  ----------------------
/opt/airflow/dags/flight_fare_stages_2_to_7_dag.py                           1           0  13.42s          2026-03-02T09:27:57                      10
================================================================================
[2026-03-02T09:28:41.905+0000] {manager.py:997} INFO - 
================================================================================
DAG File Processing Stats

File Path                                           PID    Runtime      # DAGs    # Errors  Last Runtime    Last Run               Last # of DB Queries
--------------------------------------------------  -----  ---------  --------  ----------  --------------  -------------------  ----------------------
/opt/airflow/dags/flight_fare_stages_2_to_7_dag.py                           1           0  11.57s          2026-03-02T09:28:39                      10
================================================================================
[2026-03-02T09:29:12.461+0000] {manager.py:997} INFO - 
================================================================================
DAG File Processing Stats

File Path                                             PID  Runtime      # DAGs    # Errors  Last Runtime    Last Run               Last # of DB Queries
--------------------------------------------------  -----  ---------  --------  ----------  --------------  -------------------  ----------------------
/opt/airflow/dags/flight_fare_stages_2_to_7_dag.py   1836  3.20s             1           0  11.57s          2026-03-02T09:28:39                      10
================================================================================
[2026-03-02T09:29:42.988+0000] {manager.py:997} INFO - 
================================================================================
DAG File Processing Stats

File Path                                           PID    Runtime      # DAGs    # Errors  Last Runtime    Last Run               Last # of DB Queries
--------------------------------------------------  -----  ---------  --------  ----------  --------------  -------------------  ----------------------
/opt/airflow/dags/flight_fare_stages_2_to_7_dag.py                           1           0  24.60s          2026-03-02T09:29:33                      10
================================================================================
[2026-03-02T09:30:14.014+0000] {manager.py:997} INFO - 
================================================================================
DAG File Processing Stats

File Path                                             PID  Runtime      # DAGs    # Errors  Last Runtime    Last Run               Last # of DB Queries
--------------------------------------------------  -----  ---------  --------  ----------  --------------  -------------------  ----------------------
/opt/airflow/dags/flight_fare_stages_2_to_7_dag.py   1850  9.52s             1           0  24.60s          2026-03-02T09:29:33                      10
================================================================================
[2026-03-02T09:30:44.048+0000] {manager.py:997} INFO - 
================================================================================
DAG File Processing Stats

File Path                                           PID    Runtime      # DAGs    # Errors  Last Runtime    Last Run               Last # of DB Queries
--------------------------------------------------  -----  ---------  --------  ----------  --------------  -------------------  ----------------------
/opt/airflow/dags/flight_fare_stages_2_to_7_dag.py                           1           0  24.41s          2026-03-02T09:30:28                      10
================================================================================
[2026-03-02T09:31:14.641+0000] {manager.py:997} INFO - 
================================================================================
DAG File Processing Stats

File Path                                           PID    Runtime      # DAGs    # Errors  Last Runtime    Last Run               Last # of DB Queries
--------------------------------------------------  -----  ---------  --------  ----------  --------------  -------------------  ----------------------
/opt/airflow/dags/flight_fare_stages_2_to_7_dag.py                           1           0  13.35s          2026-03-02T09:31:12                      10
================================================================================
[2026-03-02T09:31:30.836+0000] {manager.py:821} INFO - Searching for files in /opt/airflow/dags
[2026-03-02T09:31:30.888+0000] {manager.py:824} INFO - There are 1 files in /opt/airflow/dags
[2026-03-02T09:31:45.247+0000] {manager.py:997} INFO - 
================================================================================
DAG File Processing Stats

File Path                                             PID  Runtime      # DAGs    # Errors  Last Runtime    Last Run               Last # of DB Queries
--------------------------------------------------  -----  ---------  --------  ----------  --------------  -------------------  ----------------------
/opt/airflow/dags/flight_fare_stages_2_to_7_dag.py   1878  2.15s             1           0  13.35s          2026-03-02T09:31:12                      10
================================================================================
[2026-03-02T09:32:15.612+0000] {manager.py:997} INFO - 
================================================================================
DAG File Processing Stats

File Path                                           PID    Runtime      # DAGs    # Errors  Last Runtime    Last Run               Last # of DB Queries
--------------------------------------------------  -----  ---------  --------  ----------  --------------  -------------------  ----------------------
/opt/airflow/dags/flight_fare_stages_2_to_7_dag.py                           1           0  9.49s           2026-03-02T09:31:52                      10
================================================================================
[2026-03-02T09:32:46.038+0000] {manager.py:997} INFO - 
================================================================================
DAG File Processing Stats

File Path                                           PID    Runtime      # DAGs    # Errors  Last Runtime    Last Run               Last # of DB Queries
--------------------------------------------------  -----  ---------  --------  ----------  --------------  -------------------  ----------------------
/opt/airflow/dags/flight_fare_stages_2_to_7_dag.py                           1           0  8.33s           2026-03-02T09:32:31                      10
================================================================================
[2026-03-02T09:33:16.083+0000] {manager.py:997} INFO - 
================================================================================
DAG File Processing Stats

File Path                                             PID  Runtime      # DAGs    # Errors  Last Runtime    Last Run               Last # of DB Queries
--------------------------------------------------  -----  ---------  --------  ----------  --------------  -------------------  ----------------------
/opt/airflow/dags/flight_fare_stages_2_to_7_dag.py   1906  13.30s            1           0  8.33s           2026-03-02T09:32:31                      10
================================================================================
[2026-03-02T09:33:46.357+0000] {manager.py:997} INFO - 
================================================================================
DAG File Processing Stats

File Path                                           PID    Runtime      # DAGs    # Errors  Last Runtime    Last Run               Last # of DB Queries
--------------------------------------------------  -----  ---------  --------  ----------  --------------  -------------------  ----------------------
/opt/airflow/dags/flight_fare_stages_2_to_7_dag.py                           1           0  14.50s          2026-03-02T09:33:17                      10
================================================================================
[2026-03-02T09:34:16.376+0000] {manager.py:997} INFO - 
================================================================================
DAG File Processing Stats

File Path                                           PID    Runtime      # DAGs    # Errors  Last Runtime    Last Run               Last # of DB Queries
--------------------------------------------------  -----  ---------  --------  ----------  --------------  -------------------  ----------------------
/opt/airflow/dags/flight_fare_stages_2_to_7_dag.py                           1           0  6.76s           2026-03-02T09:33:54                      10
================================================================================
[2026-03-02T09:34:47.326+0000] {manager.py:997} INFO - 
================================================================================
DAG File Processing Stats

File Path                                           PID    Runtime      # DAGs    # Errors  Last Runtime    Last Run               Last # of DB Queries
--------------------------------------------------  -----  ---------  --------  ----------  --------------  -------------------  ----------------------
/opt/airflow/dags/flight_fare_stages_2_to_7_dag.py                           1           0  5.60s           2026-03-02T09:34:30                      10
================================================================================
[2026-03-02T09:35:17.435+0000] {manager.py:997} INFO - 
================================================================================
DAG File Processing Stats

File Path                                           PID    Runtime      # DAGs    # Errors  Last Runtime    Last Run               Last # of DB Queries
--------------------------------------------------  -----  ---------  --------  ----------  --------------  -------------------  ----------------------
/opt/airflow/dags/flight_fare_stages_2_to_7_dag.py                           1           0  12.80s          2026-03-02T09:35:13                      10
================================================================================
[2026-03-02T09:35:48.016+0000] {manager.py:997} INFO - 
================================================================================
DAG File Processing Stats

File Path                                             PID  Runtime      # DAGs    # Errors  Last Runtime    Last Run               Last # of DB Queries
--------------------------------------------------  -----  ---------  --------  ----------  --------------  -------------------  ----------------------
/opt/airflow/dags/flight_fare_stages_2_to_7_dag.py   1962  4.27s             1           0  12.80s          2026-03-02T09:35:13                      10
================================================================================
[2026-03-02T09:36:18.971+0000] {manager.py:997} INFO - 
================================================================================
DAG File Processing Stats

File Path                                           PID    Runtime      # DAGs    # Errors  Last Runtime    Last Run               Last # of DB Queries
--------------------------------------------------  -----  ---------  --------  ----------  --------------  -------------------  ----------------------
/opt/airflow/dags/flight_fare_stages_2_to_7_dag.py                           1           0  20.98s          2026-03-02T09:36:04                      10
================================================================================
[2026-03-02T09:36:31.176+0000] {manager.py:821} INFO - Searching for files in /opt/airflow/dags
[2026-03-02T09:36:31.220+0000] {manager.py:824} INFO - There are 1 files in /opt/airflow/dags
[2026-03-02T09:36:49.175+0000] {manager.py:997} INFO - 
================================================================================
DAG File Processing Stats

File Path                                             PID  Runtime      # DAGs    # Errors  Last Runtime    Last Run               Last # of DB Queries
--------------------------------------------------  -----  ---------  --------  ----------  --------------  -------------------  ----------------------
/opt/airflow/dags/flight_fare_stages_2_to_7_dag.py   1976  13.80s            1           0  20.98s          2026-03-02T09:36:04                      10
================================================================================
[2026-03-02T09:37:19.370+0000] {manager.py:997} INFO - 
================================================================================
DAG File Processing Stats

File Path                                           PID    Runtime      # DAGs    # Errors  Last Runtime    Last Run               Last # of DB Queries
--------------------------------------------------  -----  ---------  --------  ----------  --------------  -------------------  ----------------------
/opt/airflow/dags/flight_fare_stages_2_to_7_dag.py                           1           0  16.70s          2026-03-02T09:36:52                      10
================================================================================
[2026-03-02T09:37:49.961+0000] {manager.py:997} INFO - 
================================================================================
DAG File Processing Stats

File Path                                             PID  Runtime      # DAGs    # Errors  Last Runtime    Last Run               Last # of DB Queries
--------------------------------------------------  -----  ---------  --------  ----------  --------------  -------------------  ----------------------
/opt/airflow/dags/flight_fare_stages_2_to_7_dag.py   1990  27.37s            1           0  16.70s          2026-03-02T09:36:52                      10
================================================================================
[2026-03-02T09:38:13.033+0000] {manager.py:1366} ERROR - Processor for /opt/airflow/dags/flight_fare_stages_2_to_7_dag.py with PID 1990 started at 2026-03-02T09:37:22.553507+00:00 has timed out, killing it.
[2026-03-02T09:38:20.379+0000] {manager.py:997} INFO - 
================================================================================
DAG File Processing Stats

File Path                                           PID    Runtime      # DAGs    # Errors  Last Runtime    Last Run               Last # of DB Queries
--------------------------------------------------  -----  ---------  --------  ----------  --------------  -------------------  ----------------------
/opt/airflow/dags/flight_fare_stages_2_to_7_dag.py                           0           1  50.47s          2026-03-02T09:38:13                       0
================================================================================
[2026-03-02T09:38:51.097+0000] {manager.py:997} INFO - 
================================================================================
DAG File Processing Stats

File Path                                             PID  Runtime      # DAGs    # Errors  Last Runtime    Last Run               Last # of DB Queries
--------------------------------------------------  -----  ---------  --------  ----------  --------------  -------------------  ----------------------
/opt/airflow/dags/flight_fare_stages_2_to_7_dag.py   2002  7.29s             0           1  50.47s          2026-03-02T09:38:13                       0
================================================================================
[2026-03-02T09:39:22.114+0000] {manager.py:997} INFO - 
================================================================================
DAG File Processing Stats

File Path                                             PID  Runtime      # DAGs    # Errors  Last Runtime    Last Run               Last # of DB Queries
--------------------------------------------------  -----  ---------  --------  ----------  --------------  -------------------  ----------------------
/opt/airflow/dags/flight_fare_stages_2_to_7_dag.py   2002  38.39s            0           1  50.47s          2026-03-02T09:38:13                       0
================================================================================
[2026-03-02T09:39:52.514+0000] {manager.py:997} INFO - 
================================================================================
DAG File Processing Stats

File Path                                           PID    Runtime      # DAGs    # Errors  Last Runtime    Last Run               Last # of DB Queries
--------------------------------------------------  -----  ---------  --------  ----------  --------------  -------------------  ----------------------
/opt/airflow/dags/flight_fare_stages_2_to_7_dag.py                           1           0  47.81s          2026-03-02T09:39:31                      32
================================================================================
[2026-03-02T09:40:22.615+0000] {manager.py:997} INFO - 
================================================================================
DAG File Processing Stats

File Path                                             PID  Runtime      # DAGs    # Errors  Last Runtime    Last Run               Last # of DB Queries
--------------------------------------------------  -----  ---------  --------  ----------  --------------  -------------------  ----------------------
/opt/airflow/dags/flight_fare_stages_2_to_7_dag.py   2016  20.84s            1           0  47.81s          2026-03-02T09:39:31                      32
================================================================================
[2026-03-02T09:40:53.533+0000] {manager.py:997} INFO - 
================================================================================
DAG File Processing Stats

File Path                                           PID    Runtime      # DAGs    # Errors  Last Runtime    Last Run               Last # of DB Queries
--------------------------------------------------  -----  ---------  --------  ----------  --------------  -------------------  ----------------------
/opt/airflow/dags/flight_fare_stages_2_to_7_dag.py                           1           0  30.26s          2026-03-02T09:40:32                      10
================================================================================
[2026-03-02T09:41:24.722+0000] {manager.py:997} INFO - 
================================================================================
DAG File Processing Stats

File Path                                             PID  Runtime      # DAGs    # Errors  Last Runtime    Last Run               Last # of DB Queries
--------------------------------------------------  -----  ---------  --------  ----------  --------------  -------------------  ----------------------
/opt/airflow/dags/flight_fare_stages_2_to_7_dag.py   2030  21.88s            1           0  30.26s          2026-03-02T09:40:32                      10
================================================================================
[2026-03-02T09:41:31.472+0000] {manager.py:821} INFO - Searching for files in /opt/airflow/dags
[2026-03-02T09:41:32.334+0000] {manager.py:824} INFO - There are 1 files in /opt/airflow/dags
[2026-03-02T09:41:55.533+0000] {manager.py:997} INFO - 
================================================================================
DAG File Processing Stats

File Path                                           PID    Runtime      # DAGs    # Errors  Last Runtime    Last Run               Last # of DB Queries
--------------------------------------------------  -----  ---------  --------  ----------  --------------  -------------------  ----------------------
/opt/airflow/dags/flight_fare_stages_2_to_7_dag.py                           0           1  35.30s          2026-03-02T09:41:37                       3
================================================================================
[2026-03-02T09:42:25.850+0000] {manager.py:997} INFO - 
================================================================================
DAG File Processing Stats

File Path                                             PID  Runtime      # DAGs    # Errors  Last Runtime    Last Run               Last # of DB Queries
--------------------------------------------------  -----  ---------  --------  ----------  --------------  -------------------  ----------------------
/opt/airflow/dags/flight_fare_stages_2_to_7_dag.py   2044  17.62s            0           1  35.30s          2026-03-02T09:41:37                       3
================================================================================
[2026-03-02T09:42:55.935+0000] {manager.py:997} INFO - 
================================================================================
DAG File Processing Stats

File Path                                           PID    Runtime      # DAGs    # Errors  Last Runtime    Last Run               Last # of DB Queries
--------------------------------------------------  -----  ---------  --------  ----------  --------------  -------------------  ----------------------
/opt/airflow/dags/flight_fare_stages_2_to_7_dag.py                           0           1  46.79s          2026-03-02T09:42:54                       5
================================================================================
[2026-03-02T09:43:26.487+0000] {manager.py:997} INFO - 
================================================================================
DAG File Processing Stats

File Path                                             PID  Runtime      # DAGs    # Errors  Last Runtime    Last Run               Last # of DB Queries
--------------------------------------------------  -----  ---------  --------  ----------  --------------  -------------------  ----------------------
/opt/airflow/dags/flight_fare_stages_2_to_7_dag.py   2058  0.32s             0           1  46.79s          2026-03-02T09:42:54                       5
================================================================================
[2026-03-02T09:43:56.805+0000] {manager.py:997} INFO - 
================================================================================
DAG File Processing Stats

File Path                                             PID  Runtime      # DAGs    # Errors  Last Runtime    Last Run               Last # of DB Queries
--------------------------------------------------  -----  ---------  --------  ----------  --------------  -------------------  ----------------------
/opt/airflow/dags/flight_fare_stages_2_to_7_dag.py   2058  30.63s            0           1  46.79s          2026-03-02T09:42:54                       5
================================================================================
[2026-03-02T09:44:26.902+0000] {manager.py:997} INFO - 
================================================================================
DAG File Processing Stats

File Path                                           PID    Runtime      # DAGs    # Errors  Last Runtime    Last Run               Last # of DB Queries
--------------------------------------------------  -----  ---------  --------  ----------  --------------  -------------------  ----------------------
/opt/airflow/dags/flight_fare_stages_2_to_7_dag.py                           0           1  31.50s          2026-03-02T09:43:57                       5
================================================================================
[2026-03-02T09:44:57.122+0000] {manager.py:997} INFO - 
================================================================================
DAG File Processing Stats

File Path                                           PID    Runtime      # DAGs    # Errors  Last Runtime    Last Run               Last # of DB Queries
--------------------------------------------------  -----  ---------  --------  ----------  --------------  -------------------  ----------------------
/opt/airflow/dags/flight_fare_stages_2_to_7_dag.py                           1           0  28.44s          2026-03-02T09:44:56                      32
================================================================================
[2026-03-02T09:45:27.821+0000] {manager.py:997} INFO - 
================================================================================
DAG File Processing Stats

File Path                                             PID  Runtime      # DAGs    # Errors  Last Runtime    Last Run               Last # of DB Queries
--------------------------------------------------  -----  ---------  --------  ----------  --------------  -------------------  ----------------------
/opt/airflow/dags/flight_fare_stages_2_to_7_dag.py   2086  1.11s             1           0  28.44s          2026-03-02T09:44:56                      32
================================================================================
[2026-03-02T09:45:58.109+0000] {manager.py:997} INFO - 
================================================================================
DAG File Processing Stats

File Path                                           PID    Runtime      # DAGs    # Errors  Last Runtime    Last Run               Last # of DB Queries
--------------------------------------------------  -----  ---------  --------  ----------  --------------  -------------------  ----------------------
/opt/airflow/dags/flight_fare_stages_2_to_7_dag.py                           1           0  12.72s          2026-03-02T09:45:39                      10
================================================================================
[2026-03-02T09:46:29.121+0000] {manager.py:997} INFO - 
================================================================================
DAG File Processing Stats

File Path                                             PID  Runtime      # DAGs    # Errors  Last Runtime    Last Run               Last # of DB Queries
--------------------------------------------------  -----  ---------  --------  ----------  --------------  -------------------  ----------------------
/opt/airflow/dags/flight_fare_stages_2_to_7_dag.py   2100  19.45s            1           0  12.72s          2026-03-02T09:45:39                      10
================================================================================
[2026-03-02T09:46:32.161+0000] {manager.py:821} INFO - Searching for files in /opt/airflow/dags
[2026-03-02T09:46:32.207+0000] {manager.py:824} INFO - There are 1 files in /opt/airflow/dags
[2026-03-02T09:46:59.525+0000] {manager.py:997} INFO - 
================================================================================
DAG File Processing Stats

File Path                                           PID    Runtime      # DAGs    # Errors  Last Runtime    Last Run               Last # of DB Queries
--------------------------------------------------  -----  ---------  --------  ----------  --------------  -------------------  ----------------------
/opt/airflow/dags/flight_fare_stages_2_to_7_dag.py                           1           0  26.85s          2026-03-02T09:46:36                      10
================================================================================
[2026-03-02T09:47:29.904+0000] {manager.py:997} INFO - 
================================================================================
DAG File Processing Stats

File Path                                           PID    Runtime      # DAGs    # Errors  Last Runtime    Last Run               Last # of DB Queries
--------------------------------------------------  -----  ---------  --------  ----------  --------------  -------------------  ----------------------
/opt/airflow/dags/flight_fare_stages_2_to_7_dag.py                           1           0  16.04s          2026-03-02T09:47:22                      10
================================================================================
[2026-03-02T09:48:00.453+0000] {manager.py:997} INFO - 
================================================================================
DAG File Processing Stats

File Path                                             PID  Runtime      # DAGs    # Errors  Last Runtime    Last Run               Last # of DB Queries
--------------------------------------------------  -----  ---------  --------  ----------  --------------  -------------------  ----------------------
/opt/airflow/dags/flight_fare_stages_2_to_7_dag.py   2128  7.21s             1           0  16.04s          2026-03-02T09:47:22                      10
================================================================================
[2026-03-02T09:48:30.850+0000] {manager.py:997} INFO - 
================================================================================
DAG File Processing Stats

File Path                                           PID    Runtime      # DAGs    # Errors  Last Runtime    Last Run               Last # of DB Queries
--------------------------------------------------  -----  ---------  --------  ----------  --------------  -------------------  ----------------------
/opt/airflow/dags/flight_fare_stages_2_to_7_dag.py                           1           0  15.75s          2026-03-02T09:48:08                      10
================================================================================
[2026-03-02T09:49:01.021+0000] {manager.py:997} INFO - 
================================================================================
DAG File Processing Stats

File Path                                           PID    Runtime      # DAGs    # Errors  Last Runtime    Last Run               Last # of DB Queries
--------------------------------------------------  -----  ---------  --------  ----------  --------------  -------------------  ----------------------
/opt/airflow/dags/flight_fare_stages_2_to_7_dag.py                           1           0  18.19s          2026-03-02T09:48:57                      10
================================================================================
[2026-03-02T09:49:31.413+0000] {manager.py:997} INFO - 
================================================================================
DAG File Processing Stats

File Path                                             PID  Runtime      # DAGs    # Errors  Last Runtime    Last Run               Last # of DB Queries
--------------------------------------------------  -----  ---------  --------  ----------  --------------  -------------------  ----------------------
/opt/airflow/dags/flight_fare_stages_2_to_7_dag.py   2156  3.09s             1           0  18.19s          2026-03-02T09:48:57                      10
================================================================================
[2026-03-02T09:50:01.850+0000] {manager.py:997} INFO - 
================================================================================
DAG File Processing Stats

File Path                                           PID    Runtime      # DAGs    # Errors  Last Runtime    Last Run               Last # of DB Queries
--------------------------------------------------  -----  ---------  --------  ----------  --------------  -------------------  ----------------------
/opt/airflow/dags/flight_fare_stages_2_to_7_dag.py                           1           0  12.89s          2026-03-02T09:49:41                      10
================================================================================
[2026-03-02T09:50:32.139+0000] {manager.py:997} INFO - 
================================================================================
DAG File Processing Stats

File Path                                           PID    Runtime      # DAGs    # Errors  Last Runtime    Last Run               Last # of DB Queries
--------------------------------------------------  -----  ---------  --------  ----------  --------------  -------------------  ----------------------
/opt/airflow/dags/flight_fare_stages_2_to_7_dag.py                           1           0  6.05s           2026-03-02T09:50:17                      10
================================================================================
[2026-03-02T09:51:02.419+0000] {manager.py:997} INFO - 
================================================================================
DAG File Processing Stats

File Path                                           PID    Runtime      # DAGs    # Errors  Last Runtime    Last Run               Last # of DB Queries
--------------------------------------------------  -----  ---------  --------  ----------  --------------  -------------------  ----------------------
/opt/airflow/dags/flight_fare_stages_2_to_7_dag.py                           1           0  4.97s           2026-03-02T09:50:52                      10
================================================================================
[2026-03-02T09:51:32.349+0000] {manager.py:821} INFO - Searching for files in /opt/airflow/dags
[2026-03-02T09:51:32.411+0000] {manager.py:824} INFO - There are 1 files in /opt/airflow/dags
[2026-03-02T09:51:32.499+0000] {manager.py:997} INFO - 
================================================================================
DAG File Processing Stats

File Path                                             PID  Runtime      # DAGs    # Errors  Last Runtime    Last Run               Last # of DB Queries
--------------------------------------------------  -----  ---------  --------  ----------  --------------  -------------------  ----------------------
/opt/airflow/dags/flight_fare_stages_2_to_7_dag.py   2198  9.33s             1           0  4.97s           2026-03-02T09:50:52                      10
================================================================================
[2026-03-02T09:52:02.576+0000] {manager.py:997} INFO - 
================================================================================
DAG File Processing Stats

File Path                                           PID    Runtime      # DAGs    # Errors  Last Runtime    Last Run               Last # of DB Queries
--------------------------------------------------  -----  ---------  --------  ----------  --------------  -------------------  ----------------------
/opt/airflow/dags/flight_fare_stages_2_to_7_dag.py                           1           0  12.15s          2026-03-02T09:51:35                      10
================================================================================
[2026-03-02T09:52:32.919+0000] {manager.py:997} INFO - 
================================================================================
DAG File Processing Stats

File Path                                           PID    Runtime      # DAGs    # Errors  Last Runtime    Last Run               Last # of DB Queries
--------------------------------------------------  -----  ---------  --------  ----------  --------------  -------------------  ----------------------
/opt/airflow/dags/flight_fare_stages_2_to_7_dag.py                           1           0  12.06s          2026-03-02T09:52:17                      10
================================================================================
[2026-03-02T09:53:03.636+0000] {manager.py:997} INFO - 
================================================================================
DAG File Processing Stats

File Path                                           PID    Runtime      # DAGs    # Errors  Last Runtime    Last Run               Last # of DB Queries
--------------------------------------------------  -----  ---------  --------  ----------  --------------  -------------------  ----------------------
/opt/airflow/dags/flight_fare_stages_2_to_7_dag.py                           1           0  8.44s           2026-03-02T09:52:56                      10
================================================================================
[2026-03-02T09:53:34.000+0000] {manager.py:997} INFO - 
================================================================================
DAG File Processing Stats

File Path                                             PID  Runtime      # DAGs    # Errors  Last Runtime    Last Run               Last # of DB Queries
--------------------------------------------------  -----  ---------  --------  ----------  --------------  -------------------  ----------------------
/opt/airflow/dags/flight_fare_stages_2_to_7_dag.py   2240  7.12s             1           0  8.44s           2026-03-02T09:52:56                      10
================================================================================
[2026-03-02T09:54:04.483+0000] {manager.py:997} INFO - 
================================================================================
DAG File Processing Stats

File Path                                           PID    Runtime      # DAGs    # Errors  Last Runtime    Last Run               Last # of DB Queries
--------------------------------------------------  -----  ---------  --------  ----------  --------------  -------------------  ----------------------
/opt/airflow/dags/flight_fare_stages_2_to_7_dag.py                           1           0  12.69s          2026-03-02T09:53:39                      10
================================================================================
[2026-03-02T09:54:35.017+0000] {manager.py:997} INFO - 
================================================================================
DAG File Processing Stats

File Path                                           PID    Runtime      # DAGs    # Errors  Last Runtime    Last Run               Last # of DB Queries
--------------------------------------------------  -----  ---------  --------  ----------  --------------  -------------------  ----------------------
/opt/airflow/dags/flight_fare_stages_2_to_7_dag.py                           1           0  22.36s          2026-03-02T09:54:32                      10
================================================================================
[2026-03-02T09:55:05.993+0000] {manager.py:997} INFO - 
================================================================================
DAG File Processing Stats

File Path                                             PID  Runtime      # DAGs    # Errors  Last Runtime    Last Run               Last # of DB Queries
--------------------------------------------------  -----  ---------  --------  ----------  --------------  -------------------  ----------------------
/opt/airflow/dags/flight_fare_stages_2_to_7_dag.py   2268  3.52s             1           0  22.36s          2026-03-02T09:54:32                      10
================================================================================
[2026-03-02T09:55:36.334+0000] {manager.py:997} INFO - 
================================================================================
DAG File Processing Stats

File Path                                           PID    Runtime      # DAGs    # Errors  Last Runtime    Last Run               Last # of DB Queries
--------------------------------------------------  -----  ---------  --------  ----------  --------------  -------------------  ----------------------
/opt/airflow/dags/flight_fare_stages_2_to_7_dag.py                           1           0  16.25s          2026-03-02T09:55:18                      10
================================================================================
[2026-03-02T09:56:06.708+0000] {manager.py:997} INFO - 
================================================================================
DAG File Processing Stats

File Path                                             PID  Runtime      # DAGs    # Errors  Last Runtime    Last Run               Last # of DB Queries
--------------------------------------------------  -----  ---------  --------  ----------  --------------  -------------------  ----------------------
/opt/airflow/dags/flight_fare_stages_2_to_7_dag.py   2282  17.53s            1           0  16.25s          2026-03-02T09:55:18                      10
================================================================================
[2026-03-02T09:56:33.047+0000] {manager.py:821} INFO - Searching for files in /opt/airflow/dags
[2026-03-02T09:56:33.091+0000] {manager.py:824} INFO - There are 1 files in /opt/airflow/dags
[2026-03-02T09:56:37.262+0000] {manager.py:997} INFO - 
================================================================================
DAG File Processing Stats

File Path                                           PID    Runtime      # DAGs    # Errors  Last Runtime    Last Run               Last # of DB Queries
--------------------------------------------------  -----  ---------  --------  ----------  --------------  -------------------  ----------------------
/opt/airflow/dags/flight_fare_stages_2_to_7_dag.py                           1           0  20.87s          2026-03-02T09:56:10                      10
================================================================================
[2026-03-02T09:57:07.850+0000] {manager.py:997} INFO - 
================================================================================
DAG File Processing Stats

File Path                                           PID    Runtime      # DAGs    # Errors  Last Runtime    Last Run               Last # of DB Queries
--------------------------------------------------  -----  ---------  --------  ----------  --------------  -------------------  ----------------------
/opt/airflow/dags/flight_fare_stages_2_to_7_dag.py                           1           0  15.32s          2026-03-02T09:56:55                      10
================================================================================
[2026-03-02T09:57:38.436+0000] {manager.py:997} INFO - 
================================================================================
DAG File Processing Stats

File Path                                             PID  Runtime      # DAGs    # Errors  Last Runtime    Last Run               Last # of DB Queries
--------------------------------------------------  -----  ---------  --------  ----------  --------------  -------------------  ----------------------
/opt/airflow/dags/flight_fare_stages_2_to_7_dag.py   2310  12.27s            1           0  15.32s          2026-03-02T09:56:55                      10
================================================================================
[2026-03-02T09:58:08.764+0000] {manager.py:997} INFO - 
================================================================================
DAG File Processing Stats

File Path                                           PID    Runtime      # DAGs    # Errors  Last Runtime    Last Run               Last # of DB Queries
--------------------------------------------------  -----  ---------  --------  ----------  --------------  -------------------  ----------------------
/opt/airflow/dags/flight_fare_stages_2_to_7_dag.py                           1           0  15.10s          2026-03-02T09:57:41                      10
================================================================================
[2026-03-02T09:58:39.209+0000] {manager.py:997} INFO - 
================================================================================
DAG File Processing Stats

File Path                                           PID    Runtime      # DAGs    # Errors  Last Runtime    Last Run               Last # of DB Queries
--------------------------------------------------  -----  ---------  --------  ----------  --------------  -------------------  ----------------------
/opt/airflow/dags/flight_fare_stages_2_to_7_dag.py                           1           0  15.57s          2026-03-02T09:58:27                      10
================================================================================
[2026-03-02T09:59:09.920+0000] {manager.py:997} INFO - 
================================================================================
DAG File Processing Stats

File Path                                             PID  Runtime      # DAGs    # Errors  Last Runtime    Last Run               Last # of DB Queries
--------------------------------------------------  -----  ---------  --------  ----------  --------------  -------------------  ----------------------
/opt/airflow/dags/flight_fare_stages_2_to_7_dag.py   2338  12.45s            1           0  15.57s          2026-03-02T09:58:27                      10
================================================================================
[2026-03-02T09:59:40.365+0000] {manager.py:997} INFO - 
================================================================================
DAG File Processing Stats

File Path                                           PID    Runtime      # DAGs    # Errors  Last Runtime    Last Run               Last # of DB Queries
--------------------------------------------------  -----  ---------  --------  ----------  --------------  -------------------  ----------------------
/opt/airflow/dags/flight_fare_stages_2_to_7_dag.py                           1           0  27.06s          2026-03-02T09:59:24                      10
================================================================================
[2026-03-02T10:00:10.664+0000] {manager.py:997} INFO - 
================================================================================
DAG File Processing Stats

File Path                                           PID    Runtime      # DAGs    # Errors  Last Runtime    Last Run               Last # of DB Queries
--------------------------------------------------  -----  ---------  --------  ----------  --------------  -------------------  ----------------------
/opt/airflow/dags/flight_fare_stages_2_to_7_dag.py                           1           0  6.84s           2026-03-02T10:00:01                      10
================================================================================
[2026-03-02T10:00:40.692+0000] {manager.py:997} INFO - 
================================================================================
DAG File Processing Stats

File Path                                           PID    Runtime      # DAGs    # Errors  Last Runtime    Last Run               Last # of DB Queries
--------------------------------------------------  -----  ---------  --------  ----------  --------------  -------------------  ----------------------
/opt/airflow/dags/flight_fare_stages_2_to_7_dag.py                           1           0  7.81s           2026-03-02T10:00:39                      10
================================================================================
[2026-03-02T10:01:10.967+0000] {manager.py:997} INFO - 
================================================================================
DAG File Processing Stats

File Path                                             PID  Runtime      # DAGs    # Errors  Last Runtime    Last Run               Last # of DB Queries
--------------------------------------------------  -----  ---------  --------  ----------  --------------  -------------------  ----------------------
/opt/airflow/dags/flight_fare_stages_2_to_7_dag.py   2380  1.02s             1           0  7.81s           2026-03-02T10:00:39                      10
================================================================================
[2026-03-02T10:01:33.148+0000] {manager.py:821} INFO - Searching for files in /opt/airflow/dags
[2026-03-02T10:01:33.185+0000] {manager.py:824} INFO - There are 1 files in /opt/airflow/dags
[2026-03-02T10:01:41.279+0000] {manager.py:997} INFO - 
================================================================================
DAG File Processing Stats

File Path                                           PID    Runtime      # DAGs    # Errors  Last Runtime    Last Run               Last # of DB Queries
--------------------------------------------------  -----  ---------  --------  ----------  --------------  -------------------  ----------------------
/opt/airflow/dags/flight_fare_stages_2_to_7_dag.py                           1           0  4.10s           2026-03-02T10:01:14                      10
================================================================================
[2026-03-02T10:02:11.559+0000] {manager.py:997} INFO - 
================================================================================
DAG File Processing Stats

File Path                                           PID    Runtime      # DAGs    # Errors  Last Runtime    Last Run               Last # of DB Queries
--------------------------------------------------  -----  ---------  --------  ----------  --------------  -------------------  ----------------------
/opt/airflow/dags/flight_fare_stages_2_to_7_dag.py                           1           0  3.12s           2026-03-02T10:01:47                      10
================================================================================
[2026-03-02T10:02:41.878+0000] {manager.py:997} INFO - 
================================================================================
DAG File Processing Stats

File Path                                           PID    Runtime      # DAGs    # Errors  Last Runtime    Last Run               Last # of DB Queries
--------------------------------------------------  -----  ---------  --------  ----------  --------------  -------------------  ----------------------
/opt/airflow/dags/flight_fare_stages_2_to_7_dag.py                           1           0  3.30s           2026-03-02T10:02:20                      10
================================================================================
[2026-03-02T10:03:12.394+0000] {manager.py:997} INFO - 
================================================================================
DAG File Processing Stats

File Path                                           PID    Runtime      # DAGs    # Errors  Last Runtime    Last Run               Last # of DB Queries
--------------------------------------------------  -----  ---------  --------  ----------  --------------  -------------------  ----------------------
/opt/airflow/dags/flight_fare_stages_2_to_7_dag.py                           1           0  3.40s           2026-03-02T10:02:54                      10
================================================================================
[2026-03-02T10:03:42.838+0000] {manager.py:997} INFO - 
================================================================================
DAG File Processing Stats

File Path                                           PID    Runtime      # DAGs    # Errors  Last Runtime    Last Run               Last # of DB Queries
--------------------------------------------------  -----  ---------  --------  ----------  --------------  -------------------  ----------------------
/opt/airflow/dags/flight_fare_stages_2_to_7_dag.py                           1           0  7.23s           2026-03-02T10:03:31                      10
================================================================================
[2026-03-02T10:04:13.820+0000] {manager.py:997} INFO - 
================================================================================
DAG File Processing Stats

File Path                                             PID  Runtime      # DAGs    # Errors  Last Runtime    Last Run               Last # of DB Queries
--------------------------------------------------  -----  ---------  --------  ----------  --------------  -------------------  ----------------------
/opt/airflow/dags/flight_fare_stages_2_to_7_dag.py   2450  11.46s            1           0  7.23s           2026-03-02T10:03:31                      10
================================================================================
[2026-03-02T10:04:43.925+0000] {manager.py:997} INFO - 
================================================================================
DAG File Processing Stats

File Path                                           PID    Runtime      # DAGs    # Errors  Last Runtime    Last Run               Last # of DB Queries
--------------------------------------------------  -----  ---------  --------  ----------  --------------  -------------------  ----------------------
/opt/airflow/dags/flight_fare_stages_2_to_7_dag.py                           1           0  21.59s          2026-03-02T10:04:23                      10
================================================================================
[2026-03-02T10:05:14.515+0000] {manager.py:997} INFO - 
================================================================================
DAG File Processing Stats

File Path                                           PID    Runtime      # DAGs    # Errors  Last Runtime    Last Run               Last # of DB Queries
--------------------------------------------------  -----  ---------  --------  ----------  --------------  -------------------  ----------------------
/opt/airflow/dags/flight_fare_stages_2_to_7_dag.py                           1           0  10.70s          2026-03-02T10:05:04                      10
================================================================================
[2026-03-02T10:05:44.790+0000] {manager.py:997} INFO - 
================================================================================
DAG File Processing Stats

File Path                                           PID    Runtime      # DAGs    # Errors  Last Runtime    Last Run               Last # of DB Queries
--------------------------------------------------  -----  ---------  --------  ----------  --------------  -------------------  ----------------------
/opt/airflow/dags/flight_fare_stages_2_to_7_dag.py                           1           0  7.02s           2026-03-02T10:05:42                      10
================================================================================
[2026-03-02T10:06:15.329+0000] {manager.py:997} INFO - 
================================================================================
DAG File Processing Stats

File Path                                             PID  Runtime      # DAGs    # Errors  Last Runtime    Last Run               Last # of DB Queries
--------------------------------------------------  -----  ---------  --------  ----------  --------------  -------------------  ----------------------
/opt/airflow/dags/flight_fare_stages_2_to_7_dag.py   2492  3.12s             1           0  7.02s           2026-03-02T10:05:42                      10
================================================================================
[2026-03-02T10:06:33.503+0000] {manager.py:821} INFO - Searching for files in /opt/airflow/dags
[2026-03-02T10:06:33.528+0000] {manager.py:824} INFO - There are 1 files in /opt/airflow/dags
[2026-03-02T10:06:45.666+0000] {manager.py:997} INFO - 
================================================================================
DAG File Processing Stats

File Path                                           PID    Runtime      # DAGs    # Errors  Last Runtime    Last Run               Last # of DB Queries
--------------------------------------------------  -----  ---------  --------  ----------  --------------  -------------------  ----------------------
/opt/airflow/dags/flight_fare_stages_2_to_7_dag.py                           1           0  6.16s           2026-03-02T10:06:18                      10
================================================================================
[2026-03-02T10:07:15.919+0000] {manager.py:997} INFO - 
================================================================================
DAG File Processing Stats

File Path                                           PID    Runtime      # DAGs    # Errors  Last Runtime    Last Run               Last # of DB Queries
--------------------------------------------------  -----  ---------  --------  ----------  --------------  -------------------  ----------------------
/opt/airflow/dags/flight_fare_stages_2_to_7_dag.py                           1           0  2.96s           2026-03-02T10:06:51                      10
================================================================================
[2026-03-02T10:07:46.422+0000] {manager.py:997} INFO - 
================================================================================
DAG File Processing Stats

File Path                                           PID    Runtime      # DAGs    # Errors  Last Runtime    Last Run               Last # of DB Queries
--------------------------------------------------  -----  ---------  --------  ----------  --------------  -------------------  ----------------------
/opt/airflow/dags/flight_fare_stages_2_to_7_dag.py                           1           0  7.59s           2026-03-02T10:07:29                      10
================================================================================
[2026-03-02T10:08:16.518+0000] {manager.py:997} INFO - 
================================================================================
DAG File Processing Stats

File Path                                           PID    Runtime      # DAGs    # Errors  Last Runtime    Last Run               Last # of DB Queries
--------------------------------------------------  -----  ---------  --------  ----------  --------------  -------------------  ----------------------
/opt/airflow/dags/flight_fare_stages_2_to_7_dag.py                           1           0  3.17s           2026-03-02T10:08:03                      10
================================================================================
[2026-03-02T10:08:46.893+0000] {manager.py:997} INFO - 
================================================================================
DAG File Processing Stats

File Path                                           PID    Runtime      # DAGs    # Errors  Last Runtime    Last Run               Last # of DB Queries
--------------------------------------------------  -----  ---------  --------  ----------  --------------  -------------------  ----------------------
/opt/airflow/dags/flight_fare_stages_2_to_7_dag.py                           1           0  11.90s          2026-03-02T10:08:45                      10
================================================================================
[2026-03-02T10:09:16.961+0000] {manager.py:997} INFO - 
================================================================================
DAG File Processing Stats

File Path                                             PID  Runtime      # DAGs    # Errors  Last Runtime    Last Run               Last # of DB Queries
--------------------------------------------------  -----  ---------  --------  ----------  --------------  -------------------  ----------------------
/opt/airflow/dags/flight_fare_stages_2_to_7_dag.py   2580  0.17s             1           0  11.90s          2026-03-02T10:08:45                      10
================================================================================
[2026-03-02T10:09:47.313+0000] {manager.py:997} INFO - 
================================================================================
DAG File Processing Stats

File Path                                           PID    Runtime      # DAGs    # Errors  Last Runtime    Last Run               Last # of DB Queries
--------------------------------------------------  -----  ---------  --------  ----------  --------------  -------------------  ----------------------
/opt/airflow/dags/flight_fare_stages_2_to_7_dag.py                           1           0  25.55s          2026-03-02T10:09:42                      10
================================================================================
[2026-03-02T10:10:18.014+0000] {manager.py:997} INFO - 
================================================================================
DAG File Processing Stats

File Path                                             PID  Runtime      # DAGs    # Errors  Last Runtime    Last Run               Last # of DB Queries
--------------------------------------------------  -----  ---------  --------  ----------  --------------  -------------------  ----------------------
/opt/airflow/dags/flight_fare_stages_2_to_7_dag.py   2594  5.25s             1           0  25.55s          2026-03-02T10:09:42                      10
================================================================================
[2026-03-02T10:10:48.418+0000] {manager.py:997} INFO - 
================================================================================
DAG File Processing Stats

File Path                                           PID    Runtime      # DAGs    # Errors  Last Runtime    Last Run               Last # of DB Queries
--------------------------------------------------  -----  ---------  --------  ----------  --------------  -------------------  ----------------------
/opt/airflow/dags/flight_fare_stages_2_to_7_dag.py                           1           0  23.75s          2026-03-02T10:10:36                      10
================================================================================
[2026-03-02T10:11:18.893+0000] {manager.py:997} INFO - 
================================================================================
DAG File Processing Stats

File Path                                             PID  Runtime      # DAGs    # Errors  Last Runtime    Last Run               Last # of DB Queries
--------------------------------------------------  -----  ---------  --------  ----------  --------------  -------------------  ----------------------
/opt/airflow/dags/flight_fare_stages_2_to_7_dag.py   2609  12.17s            1           0  23.75s          2026-03-02T10:10:36                      10
================================================================================
[2026-03-02T10:11:33.842+0000] {manager.py:821} INFO - Searching for files in /opt/airflow/dags
[2026-03-02T10:11:34.376+0000] {manager.py:824} INFO - There are 1 files in /opt/airflow/dags
[2026-03-02T10:11:49.346+0000] {manager.py:997} INFO - 
================================================================================
DAG File Processing Stats

File Path                                           PID    Runtime      # DAGs    # Errors  Last Runtime    Last Run               Last # of DB Queries
--------------------------------------------------  -----  ---------  --------  ----------  --------------  -------------------  ----------------------
/opt/airflow/dags/flight_fare_stages_2_to_7_dag.py                           1           0  20.04s          2026-03-02T10:11:26                      10
================================================================================
[2026-03-02T10:12:19.831+0000] {manager.py:997} INFO - 
================================================================================
DAG File Processing Stats

File Path                                           PID    Runtime      # DAGs    # Errors  Last Runtime    Last Run               Last # of DB Queries
--------------------------------------------------  -----  ---------  --------  ----------  --------------  -------------------  ----------------------
/opt/airflow/dags/flight_fare_stages_2_to_7_dag.py                           1           0  7.36s           2026-03-02T10:12:04                      10
================================================================================
[2026-03-02T10:12:50.458+0000] {manager.py:997} INFO - 
================================================================================
DAG File Processing Stats

File Path                                           PID    Runtime      # DAGs    # Errors  Last Runtime    Last Run               Last # of DB Queries
--------------------------------------------------  -----  ---------  --------  ----------  --------------  -------------------  ----------------------
/opt/airflow/dags/flight_fare_stages_2_to_7_dag.py                           1           0  7.58s           2026-03-02T10:12:42                      10
================================================================================
[2026-03-02T10:13:20.550+0000] {manager.py:997} INFO - 
================================================================================
DAG File Processing Stats

File Path                                           PID    Runtime      # DAGs    # Errors  Last Runtime    Last Run               Last # of DB Queries
--------------------------------------------------  -----  ---------  --------  ----------  --------------  -------------------  ----------------------
/opt/airflow/dags/flight_fare_stages_2_to_7_dag.py                           1           0  4.84s           2026-03-02T10:13:17                      10
================================================================================
[2026-03-02T10:13:50.972+0000] {manager.py:997} INFO - 
================================================================================
DAG File Processing Stats

File Path                                             PID  Runtime      # DAGs    # Errors  Last Runtime    Last Run               Last # of DB Queries
--------------------------------------------------  -----  ---------  --------  ----------  --------------  -------------------  ----------------------
/opt/airflow/dags/flight_fare_stages_2_to_7_dag.py   2682  3.13s             1           0  4.84s           2026-03-02T10:13:17                      10
================================================================================
[2026-03-02T10:14:20.729+0000] {manager.py:997} INFO - 
================================================================================
DAG File Processing Stats

File Path                                           PID    Runtime      # DAGs    # Errors  Last Runtime    Last Run               Last # of DB Queries
--------------------------------------------------  -----  ---------  --------  ----------  --------------  -------------------  ----------------------
/opt/airflow/dags/flight_fare_stages_2_to_7_dag.py                           1           0  21.35s          2026-03-02T10:14:09                      10
================================================================================
[2026-03-02T10:14:51.586+0000] {manager.py:997} INFO - 
================================================================================
DAG File Processing Stats

File Path                                           PID    Runtime      # DAGs    # Errors  Last Runtime    Last Run               Last # of DB Queries
--------------------------------------------------  -----  ---------  --------  ----------  --------------  -------------------  ----------------------
/opt/airflow/dags/flight_fare_stages_2_to_7_dag.py                           1           0  7.76s           2026-03-02T10:14:47                      10
================================================================================
[2026-03-02T10:15:22.137+0000] {manager.py:997} INFO - 
================================================================================
DAG File Processing Stats

File Path                                             PID  Runtime      # DAGs    # Errors  Last Runtime    Last Run               Last # of DB Queries
--------------------------------------------------  -----  ---------  --------  ----------  --------------  -------------------  ----------------------
/opt/airflow/dags/flight_fare_stages_2_to_7_dag.py   2710  4.57s             1           0  7.76s           2026-03-02T10:14:47                      10
================================================================================
[2026-03-02T10:15:52.411+0000] {manager.py:997} INFO - 
================================================================================
DAG File Processing Stats

File Path                                           PID    Runtime      # DAGs    # Errors  Last Runtime    Last Run               Last # of DB Queries
--------------------------------------------------  -----  ---------  --------  ----------  --------------  -------------------  ----------------------
/opt/airflow/dags/flight_fare_stages_2_to_7_dag.py                           1           0  5.42s           2026-03-02T10:15:22                      10
================================================================================
[2026-03-02T10:16:22.724+0000] {manager.py:997} INFO - 
================================================================================
DAG File Processing Stats

File Path                                           PID    Runtime      # DAGs    # Errors  Last Runtime    Last Run               Last # of DB Queries
--------------------------------------------------  -----  ---------  --------  ----------  --------------  -------------------  ----------------------
/opt/airflow/dags/flight_fare_stages_2_to_7_dag.py                           1           0  4.82s           2026-03-02T10:15:57                      10
================================================================================
[2026-03-02T10:16:33.868+0000] {manager.py:821} INFO - Searching for files in /opt/airflow/dags
[2026-03-02T10:16:33.967+0000] {manager.py:824} INFO - There are 1 files in /opt/airflow/dags
[2026-03-02T10:16:53.485+0000] {manager.py:997} INFO - 
================================================================================
DAG File Processing Stats

File Path                                           PID    Runtime      # DAGs    # Errors  Last Runtime    Last Run               Last # of DB Queries
--------------------------------------------------  -----  ---------  --------  ----------  --------------  -------------------  ----------------------
/opt/airflow/dags/flight_fare_stages_2_to_7_dag.py                           1           0  11.19s          2026-03-02T10:16:39                      10
================================================================================
[2026-03-02T10:17:23.560+0000] {manager.py:997} INFO - 
================================================================================
DAG File Processing Stats

File Path                                           PID    Runtime      # DAGs    # Errors  Last Runtime    Last Run               Last # of DB Queries
--------------------------------------------------  -----  ---------  --------  ----------  --------------  -------------------  ----------------------
/opt/airflow/dags/flight_fare_stages_2_to_7_dag.py                           1           0  2.81s           2026-03-02T10:17:12                      10
================================================================================
[2026-03-02T10:17:53.718+0000] {manager.py:997} INFO - 
================================================================================
DAG File Processing Stats

File Path                                           PID    Runtime      # DAGs    # Errors  Last Runtime    Last Run               Last # of DB Queries
--------------------------------------------------  -----  ---------  --------  ----------  --------------  -------------------  ----------------------
/opt/airflow/dags/flight_fare_stages_2_to_7_dag.py                           1           0  2.89s           2026-03-02T10:17:45                      10
================================================================================
[2026-03-02T10:18:24.051+0000] {manager.py:997} INFO - 
================================================================================
DAG File Processing Stats

File Path                                             PID  Runtime      # DAGs    # Errors  Last Runtime    Last Run               Last # of DB Queries
--------------------------------------------------  -----  ---------  --------  ----------  --------------  -------------------  ----------------------
/opt/airflow/dags/flight_fare_stages_2_to_7_dag.py   2780  7.67s             1           0  2.89s           2026-03-02T10:17:45                      10
================================================================================
[2026-03-02T10:18:54.275+0000] {manager.py:997} INFO - 
================================================================================
DAG File Processing Stats

File Path                                           PID    Runtime      # DAGs    # Errors  Last Runtime    Last Run               Last # of DB Queries
--------------------------------------------------  -----  ---------  --------  ----------  --------------  -------------------  ----------------------
/opt/airflow/dags/flight_fare_stages_2_to_7_dag.py                           1           0  17.92s          2026-03-02T10:18:34                      10
================================================================================
[2026-03-02T10:19:24.629+0000] {manager.py:997} INFO - 
================================================================================
DAG File Processing Stats

File Path                                           PID    Runtime      # DAGs    # Errors  Last Runtime    Last Run               Last # of DB Queries
--------------------------------------------------  -----  ---------  --------  ----------  --------------  -------------------  ----------------------
/opt/airflow/dags/flight_fare_stages_2_to_7_dag.py                           1           0  5.10s           2026-03-02T10:19:09                      10
================================================================================
[2026-03-02T10:19:55.026+0000] {manager.py:997} INFO - 
================================================================================
DAG File Processing Stats

File Path                                           PID    Runtime      # DAGs    # Errors  Last Runtime    Last Run               Last # of DB Queries
--------------------------------------------------  -----  ---------  --------  ----------  --------------  -------------------  ----------------------
/opt/airflow/dags/flight_fare_stages_2_to_7_dag.py                           1           0  12.14s          2026-03-02T10:19:51                      10
================================================================================
[2026-03-02T10:20:25.876+0000] {manager.py:997} INFO - 
================================================================================
DAG File Processing Stats

File Path                                             PID  Runtime      # DAGs    # Errors  Last Runtime    Last Run               Last # of DB Queries
--------------------------------------------------  -----  ---------  --------  ----------  --------------  -------------------  ----------------------
/opt/airflow/dags/flight_fare_stages_2_to_7_dag.py   2822  3.19s             1           0  12.14s          2026-03-02T10:19:51                      10
================================================================================
[2026-03-02T10:20:56.492+0000] {manager.py:997} INFO - 
================================================================================
DAG File Processing Stats

File Path                                           PID    Runtime      # DAGs    # Errors  Last Runtime    Last Run               Last # of DB Queries
--------------------------------------------------  -----  ---------  --------  ----------  --------------  -------------------  ----------------------
/opt/airflow/dags/flight_fare_stages_2_to_7_dag.py                           1           0  15.61s          2026-03-02T10:20:38                      10
================================================================================
[2026-03-02T10:21:26.803+0000] {manager.py:997} INFO - 
================================================================================
DAG File Processing Stats

File Path                                             PID  Runtime      # DAGs    # Errors  Last Runtime    Last Run               Last # of DB Queries
--------------------------------------------------  -----  ---------  --------  ----------  --------------  -------------------  ----------------------
/opt/airflow/dags/flight_fare_stages_2_to_7_dag.py   2836  16.66s            1           0  15.61s          2026-03-02T10:20:38                      10
================================================================================
[2026-03-02T10:21:34.494+0000] {manager.py:821} INFO - Searching for files in /opt/airflow/dags
[2026-03-02T10:21:34.549+0000] {manager.py:824} INFO - There are 1 files in /opt/airflow/dags
[2026-03-02T10:21:57.355+0000] {manager.py:997} INFO - 
================================================================================
DAG File Processing Stats

File Path                                           PID    Runtime      # DAGs    # Errors  Last Runtime    Last Run               Last # of DB Queries
--------------------------------------------------  -----  ---------  --------  ----------  --------------  -------------------  ----------------------
/opt/airflow/dags/flight_fare_stages_2_to_7_dag.py                           1           0  35.06s          2026-03-02T10:21:45                      10
================================================================================
[2026-03-02T10:22:28.012+0000] {manager.py:997} INFO - 
================================================================================
DAG File Processing Stats

File Path                                             PID  Runtime      # DAGs    # Errors  Last Runtime    Last Run               Last # of DB Queries
--------------------------------------------------  -----  ---------  --------  ----------  --------------  -------------------  ----------------------
/opt/airflow/dags/flight_fare_stages_2_to_7_dag.py   2860  12.34s            1           0  35.06s          2026-03-02T10:21:45                      10
================================================================================
[2026-03-02T10:22:58.677+0000] {manager.py:997} INFO - 
================================================================================
DAG File Processing Stats

File Path                                           PID    Runtime      # DAGs    # Errors  Last Runtime    Last Run               Last # of DB Queries
--------------------------------------------------  -----  ---------  --------  ----------  --------------  -------------------  ----------------------
/opt/airflow/dags/flight_fare_stages_2_to_7_dag.py                           1           0  26.01s          2026-03-02T10:22:41                      10
================================================================================
[2026-03-02T10:23:29.960+0000] {manager.py:997} INFO - 
================================================================================
DAG File Processing Stats

File Path                                             PID  Runtime      # DAGs    # Errors  Last Runtime    Last Run               Last # of DB Queries
--------------------------------------------------  -----  ---------  --------  ----------  --------------  -------------------  ----------------------
/opt/airflow/dags/flight_fare_stages_2_to_7_dag.py   2882  17.50s            1           0  26.01s          2026-03-02T10:22:41                      10
================================================================================
[2026-03-02T10:24:00.878+0000] {manager.py:997} INFO - 
================================================================================
DAG File Processing Stats

File Path                                           PID    Runtime      # DAGs    # Errors  Last Runtime    Last Run               Last # of DB Queries
--------------------------------------------------  -----  ---------  --------  ----------  --------------  -------------------  ----------------------
/opt/airflow/dags/flight_fare_stages_2_to_7_dag.py                           0           1  33.05s          2026-03-02T10:23:45                       3
================================================================================
[2026-03-02T10:24:31.376+0000] {manager.py:997} INFO - 
================================================================================
DAG File Processing Stats

File Path                                             PID  Runtime      # DAGs    # Errors  Last Runtime    Last Run               Last # of DB Queries
--------------------------------------------------  -----  ---------  --------  ----------  --------------  -------------------  ----------------------
/opt/airflow/dags/flight_fare_stages_2_to_7_dag.py   2896  14.90s            0           1  33.05s          2026-03-02T10:23:45                       3
================================================================================
[2026-03-02T10:25:01.848+0000] {manager.py:997} INFO - 
================================================================================
DAG File Processing Stats

File Path                                           PID    Runtime      # DAGs    # Errors  Last Runtime    Last Run               Last # of DB Queries
--------------------------------------------------  -----  ---------  --------  ----------  --------------  -------------------  ----------------------
/opt/airflow/dags/flight_fare_stages_2_to_7_dag.py                           1           0  16.30s          2026-03-02T10:24:32                      10
================================================================================
[2026-03-02T10:25:32.158+0000] {manager.py:997} INFO - 
================================================================================
DAG File Processing Stats

File Path                                           PID    Runtime      # DAGs    # Errors  Last Runtime    Last Run               Last # of DB Queries
--------------------------------------------------  -----  ---------  --------  ----------  --------------  -------------------  ----------------------
/opt/airflow/dags/flight_fare_stages_2_to_7_dag.py                           1           0  7.90s           2026-03-02T10:25:10                      10
================================================================================
[2026-03-02T10:26:02.994+0000] {manager.py:997} INFO - 
================================================================================
DAG File Processing Stats

File Path                                             PID  Runtime      # DAGs    # Errors  Last Runtime    Last Run               Last # of DB Queries
--------------------------------------------------  -----  ---------  --------  ----------  --------------  -------------------  ----------------------
/opt/airflow/dags/flight_fare_stages_2_to_7_dag.py   2942  21.68s            1           0  7.90s           2026-03-02T10:25:10                      10
================================================================================
[2026-03-02T10:26:33.210+0000] {manager.py:997} INFO - 
================================================================================
DAG File Processing Stats

File Path                                           PID    Runtime      # DAGs    # Errors  Last Runtime    Last Run               Last # of DB Queries
--------------------------------------------------  -----  ---------  --------  ----------  --------------  -------------------  ----------------------
/opt/airflow/dags/flight_fare_stages_2_to_7_dag.py                           1           0  25.64s          2026-03-02T10:26:06                      10
================================================================================
[2026-03-02T10:26:35.231+0000] {manager.py:821} INFO - Searching for files in /opt/airflow/dags
[2026-03-02T10:26:35.289+0000] {manager.py:824} INFO - There are 1 files in /opt/airflow/dags
[2026-03-02T10:27:04.193+0000] {manager.py:997} INFO - 
================================================================================
DAG File Processing Stats

File Path                                           PID    Runtime      # DAGs    # Errors  Last Runtime    Last Run               Last # of DB Queries
--------------------------------------------------  -----  ---------  --------  ----------  --------------  -------------------  ----------------------
/opt/airflow/dags/flight_fare_stages_2_to_7_dag.py                           1           0  9.16s           2026-03-02T10:26:46                      10
================================================================================
[2026-03-02T10:27:35.228+0000] {manager.py:997} INFO - 
================================================================================
DAG File Processing Stats

File Path                                           PID    Runtime      # DAGs    # Errors  Last Runtime    Last Run               Last # of DB Queries
--------------------------------------------------  -----  ---------  --------  ----------  --------------  -------------------  ----------------------
/opt/airflow/dags/flight_fare_stages_2_to_7_dag.py                           1           0  7.03s           2026-03-02T10:27:24                      10
================================================================================
[2026-03-02T10:28:05.603+0000] {manager.py:997} INFO - 
================================================================================
DAG File Processing Stats

File Path                                           PID    Runtime      # DAGs    # Errors  Last Runtime    Last Run               Last # of DB Queries
--------------------------------------------------  -----  ---------  --------  ----------  --------------  -------------------  ----------------------
/opt/airflow/dags/flight_fare_stages_2_to_7_dag.py                           1           0  3.70s           2026-03-02T10:27:58                      10
================================================================================
[2026-03-02T10:28:35.910+0000] {manager.py:997} INFO - 
================================================================================
DAG File Processing Stats

File Path                                           PID    Runtime      # DAGs    # Errors  Last Runtime    Last Run               Last # of DB Queries
--------------------------------------------------  -----  ---------  --------  ----------  --------------  -------------------  ----------------------
/opt/airflow/dags/flight_fare_stages_2_to_7_dag.py                           1           0  3.57s           2026-03-02T10:28:32                      10
================================================================================
[2026-03-02T10:29:06.378+0000] {manager.py:997} INFO - 
================================================================================
DAG File Processing Stats

File Path                                             PID  Runtime      # DAGs    # Errors  Last Runtime    Last Run               Last # of DB Queries
--------------------------------------------------  -----  ---------  --------  ----------  --------------  -------------------  ----------------------
/opt/airflow/dags/flight_fare_stages_2_to_7_dag.py   3012  4.19s             1           0  3.57s           2026-03-02T10:28:32                      10
================================================================================
[2026-03-02T10:29:36.408+0000] {manager.py:997} INFO - 
================================================================================
DAG File Processing Stats

File Path                                           PID    Runtime      # DAGs    # Errors  Last Runtime    Last Run               Last # of DB Queries
--------------------------------------------------  -----  ---------  --------  ----------  --------------  -------------------  ----------------------
/opt/airflow/dags/flight_fare_stages_2_to_7_dag.py                           1           0  19.09s          2026-03-02T10:29:21                      10
================================================================================
[2026-03-02T10:30:07.173+0000] {manager.py:997} INFO - 
================================================================================
DAG File Processing Stats

File Path                                             PID  Runtime      # DAGs    # Errors  Last Runtime    Last Run               Last # of DB Queries
--------------------------------------------------  -----  ---------  --------  ----------  --------------  -------------------  ----------------------
/opt/airflow/dags/flight_fare_stages_2_to_7_dag.py   3026  15.46s            1           0  19.09s          2026-03-02T10:29:21                      10
================================================================================
[2026-03-02T10:30:37.612+0000] {manager.py:997} INFO - 
================================================================================
DAG File Processing Stats

File Path                                           PID    Runtime      # DAGs    # Errors  Last Runtime    Last Run               Last # of DB Queries
--------------------------------------------------  -----  ---------  --------  ----------  --------------  -------------------  ----------------------
/opt/airflow/dags/flight_fare_stages_2_to_7_dag.py                           1           0  17.47s          2026-03-02T10:30:09                      10
================================================================================
[2026-03-02T10:31:08.274+0000] {manager.py:997} INFO - 
================================================================================
DAG File Processing Stats

File Path                                           PID    Runtime      # DAGs    # Errors  Last Runtime    Last Run               Last # of DB Queries
--------------------------------------------------  -----  ---------  --------  ----------  --------------  -------------------  ----------------------
/opt/airflow/dags/flight_fare_stages_2_to_7_dag.py                           1           0  27.44s          2026-03-02T10:31:07                      10
================================================================================
[2026-03-02T10:31:35.550+0000] {manager.py:821} INFO - Searching for files in /opt/airflow/dags
[2026-03-02T10:31:35.677+0000] {manager.py:824} INFO - There are 1 files in /opt/airflow/dags
[2026-03-02T10:31:38.976+0000] {manager.py:997} INFO - 
================================================================================
DAG File Processing Stats

File Path                                             PID  Runtime      # DAGs    # Errors  Last Runtime    Last Run               Last # of DB Queries
--------------------------------------------------  -----  ---------  --------  ----------  --------------  -------------------  ----------------------
/opt/airflow/dags/flight_fare_stages_2_to_7_dag.py   3054  0.71s             1           0  27.44s          2026-03-02T10:31:07                      10
================================================================================
[2026-03-02T10:32:09.287+0000] {manager.py:997} INFO - 
================================================================================
DAG File Processing Stats

File Path                                           PID    Runtime      # DAGs    # Errors  Last Runtime    Last Run               Last # of DB Queries
--------------------------------------------------  -----  ---------  --------  ----------  --------------  -------------------  ----------------------
/opt/airflow/dags/flight_fare_stages_2_to_7_dag.py                           1           0  29.00s          2026-03-02T10:32:07                      10
================================================================================
[2026-03-02T10:32:46.362+0000] {manager.py:997} INFO - 
================================================================================
DAG File Processing Stats

File Path                                             PID  Runtime      # DAGs    # Errors  Last Runtime    Last Run               Last # of DB Queries
--------------------------------------------------  -----  ---------  --------  ----------  --------------  -------------------  ----------------------
/opt/airflow/dags/flight_fare_stages_2_to_7_dag.py   3068  7.15s             1           0  29.00s          2026-03-02T10:32:07                      10
================================================================================
[2026-03-02T10:33:16.535+0000] {manager.py:997} INFO - 
================================================================================
DAG File Processing Stats

File Path                                           PID    Runtime      # DAGs    # Errors  Last Runtime    Last Run               Last # of DB Queries
--------------------------------------------------  -----  ---------  --------  ----------  --------------  -------------------  ----------------------
/opt/airflow/dags/flight_fare_stages_2_to_7_dag.py                           1           0  23.57s          2026-03-02T10:33:02                      10
================================================================================
[2026-03-02T10:33:47.338+0000] {manager.py:997} INFO - 
================================================================================
DAG File Processing Stats

File Path                                             PID  Runtime      # DAGs    # Errors  Last Runtime    Last Run               Last # of DB Queries
--------------------------------------------------  -----  ---------  --------  ----------  --------------  -------------------  ----------------------
/opt/airflow/dags/flight_fare_stages_2_to_7_dag.py   3100  14.11s            1           0  23.57s          2026-03-02T10:33:02                      10
================================================================================
[2026-03-02T10:34:17.827+0000] {manager.py:997} INFO - 
================================================================================
DAG File Processing Stats

File Path                                           PID    Runtime      # DAGs    # Errors  Last Runtime    Last Run               Last # of DB Queries
--------------------------------------------------  -----  ---------  --------  ----------  --------------  -------------------  ----------------------
/opt/airflow/dags/flight_fare_stages_2_to_7_dag.py                           0           1  31.47s          2026-03-02T10:34:04                       3
================================================================================
[2026-03-02T10:34:54.237+0000] {manager.py:483} INFO - Processing files using up to 2 processes at a time 
[2026-03-02T10:34:54.240+0000] {manager.py:484} INFO - Process each file at most once every 30 seconds
[2026-03-02T10:34:54.243+0000] {manager.py:485} INFO - Checking for new files in /opt/airflow/dags every 300 seconds
[2026-03-02T10:34:54.246+0000] {manager.py:821} INFO - Searching for files in /opt/airflow/dags
[2026-03-02T10:34:54.302+0000] {manager.py:824} INFO - There are 1 files in /opt/airflow/dags
[2026-03-02T10:34:55.062+0000] {manager.py:997} INFO - 
================================================================================
DAG File Processing Stats

File Path                                             PID  Runtime      # DAGs    # Errors  Last Runtime    Last Run      Last # of DB Queries
--------------------------------------------------  -----  ---------  --------  ----------  --------------  ----------  ----------------------
/opt/airflow/dags/flight_fare_stages_2_to_7_dag.py    166  0.26s             0           0                                                   0
================================================================================
[2026-03-02T10:35:25.138+0000] {manager.py:997} INFO - 
================================================================================
DAG File Processing Stats

File Path                                           PID    Runtime      # DAGs    # Errors  Last Runtime    Last Run               Last # of DB Queries
--------------------------------------------------  -----  ---------  --------  ----------  --------------  -------------------  ----------------------
/opt/airflow/dags/flight_fare_stages_2_to_7_dag.py                           1           0  17.16s          2026-03-02T10:35:11                      10
================================================================================
[2026-03-02T10:35:55.851+0000] {manager.py:997} INFO - 
================================================================================
DAG File Processing Stats

File Path                                             PID  Runtime      # DAGs    # Errors  Last Runtime    Last Run               Last # of DB Queries
--------------------------------------------------  -----  ---------  --------  ----------  --------------  -------------------  ----------------------
/opt/airflow/dags/flight_fare_stages_2_to_7_dag.py    191  12.71s            1           0  17.16s          2026-03-02T10:35:11                      10
================================================================================
[2026-03-02T10:36:26.330+0000] {manager.py:997} INFO - 
================================================================================
DAG File Processing Stats

File Path                                           PID    Runtime      # DAGs    # Errors  Last Runtime    Last Run               Last # of DB Queries
--------------------------------------------------  -----  ---------  --------  ----------  --------------  -------------------  ----------------------
/opt/airflow/dags/flight_fare_stages_2_to_7_dag.py                           1           0  27.20s          2026-03-02T10:36:10                      10
================================================================================
[2026-03-02T10:36:57.206+0000] {manager.py:997} INFO - 
================================================================================
DAG File Processing Stats

File Path                                             PID  Runtime      # DAGs    # Errors  Last Runtime    Last Run               Last # of DB Queries
--------------------------------------------------  -----  ---------  --------  ----------  --------------  -------------------  ----------------------
/opt/airflow/dags/flight_fare_stages_2_to_7_dag.py    213  16.43s            1           0  27.20s          2026-03-02T10:36:10                      10
================================================================================
[2026-03-02T10:37:27.510+0000] {manager.py:997} INFO - 
================================================================================
DAG File Processing Stats

File Path                                           PID    Runtime      # DAGs    # Errors  Last Runtime    Last Run               Last # of DB Queries
--------------------------------------------------  -----  ---------  --------  ----------  --------------  -------------------  ----------------------
/opt/airflow/dags/flight_fare_stages_2_to_7_dag.py                           1           0  29.66s          2026-03-02T10:37:10                      10
================================================================================
[2026-03-02T10:37:57.996+0000] {manager.py:997} INFO - 
================================================================================
DAG File Processing Stats

File Path                                           PID    Runtime      # DAGs    # Errors  Last Runtime    Last Run               Last # of DB Queries
--------------------------------------------------  -----  ---------  --------  ----------  --------------  -------------------  ----------------------
/opt/airflow/dags/flight_fare_stages_2_to_7_dag.py                           1           0  16.14s          2026-03-02T10:37:56                      10
================================================================================
[2026-03-02T10:38:28.810+0000] {manager.py:997} INFO - 
================================================================================
DAG File Processing Stats

File Path                                             PID  Runtime      # DAGs    # Errors  Last Runtime    Last Run               Last # of DB Queries
--------------------------------------------------  -----  ---------  --------  ----------  --------------  -------------------  ----------------------
/opt/airflow/dags/flight_fare_stages_2_to_7_dag.py    241  1.28s             1           0  16.14s          2026-03-02T10:37:56                      10
================================================================================
[2026-03-02T10:38:59.081+0000] {manager.py:997} INFO - 
================================================================================
DAG File Processing Stats

File Path                                           PID    Runtime      # DAGs    # Errors  Last Runtime    Last Run               Last # of DB Queries
--------------------------------------------------  -----  ---------  --------  ----------  --------------  -------------------  ----------------------
/opt/airflow/dags/flight_fare_stages_2_to_7_dag.py                           1           0  15.76s          2026-03-02T10:38:43                      10
================================================================================
[2026-03-02T10:39:29.159+0000] {manager.py:997} INFO - 
================================================================================
DAG File Processing Stats

File Path                                           PID    Runtime      # DAGs    # Errors  Last Runtime    Last Run               Last # of DB Queries
--------------------------------------------------  -----  ---------  --------  ----------  --------------  -------------------  ----------------------
/opt/airflow/dags/flight_fare_stages_2_to_7_dag.py                           1           0  4.46s           2026-03-02T10:39:18                      10
================================================================================
[2026-03-02T10:39:54.387+0000] {manager.py:821} INFO - Searching for files in /opt/airflow/dags
[2026-03-02T10:39:54.417+0000] {manager.py:824} INFO - There are 1 files in /opt/airflow/dags
[2026-03-02T10:39:59.580+0000] {manager.py:997} INFO - 
================================================================================
DAG File Processing Stats

File Path                                           PID    Runtime      # DAGs    # Errors  Last Runtime    Last Run               Last # of DB Queries
--------------------------------------------------  -----  ---------  --------  ----------  --------------  -------------------  ----------------------
/opt/airflow/dags/flight_fare_stages_2_to_7_dag.py                           1           0  3.35s           2026-03-02T10:39:51                      10
================================================================================
[2026-03-02T10:40:30.042+0000] {manager.py:997} INFO - 
================================================================================
DAG File Processing Stats

File Path                                             PID  Runtime      # DAGs    # Errors  Last Runtime    Last Run               Last # of DB Queries
--------------------------------------------------  -----  ---------  --------  ----------  --------------  -------------------  ----------------------
/opt/airflow/dags/flight_fare_stages_2_to_7_dag.py    283  8.18s             1           0  3.35s           2026-03-02T10:39:51                      10
================================================================================
[2026-03-02T10:41:00.542+0000] {manager.py:997} INFO - 
================================================================================
DAG File Processing Stats

File Path                                           PID    Runtime      # DAGs    # Errors  Last Runtime    Last Run               Last # of DB Queries
--------------------------------------------------  -----  ---------  --------  ----------  --------------  -------------------  ----------------------
/opt/airflow/dags/flight_fare_stages_2_to_7_dag.py                           1           0  22.93s          2026-03-02T10:40:44                      10
================================================================================
[2026-03-02T10:41:30.799+0000] {manager.py:997} INFO - 
================================================================================
DAG File Processing Stats

File Path                                           PID    Runtime      # DAGs    # Errors  Last Runtime    Last Run               Last # of DB Queries
--------------------------------------------------  -----  ---------  --------  ----------  --------------  -------------------  ----------------------
/opt/airflow/dags/flight_fare_stages_2_to_7_dag.py                           1           0  6.04s           2026-03-02T10:41:21                      10
================================================================================
[2026-03-02T10:42:00.824+0000] {manager.py:997} INFO - 
================================================================================
DAG File Processing Stats

File Path                                           PID    Runtime      # DAGs    # Errors  Last Runtime    Last Run               Last # of DB Queries
--------------------------------------------------  -----  ---------  --------  ----------  --------------  -------------------  ----------------------
/opt/airflow/dags/flight_fare_stages_2_to_7_dag.py                           1           0  3.37s           2026-03-02T10:41:54                      10
================================================================================
[2026-03-02T10:42:31.100+0000] {manager.py:997} INFO - 
================================================================================
DAG File Processing Stats

File Path                                           PID    Runtime      # DAGs    # Errors  Last Runtime    Last Run               Last # of DB Queries
--------------------------------------------------  -----  ---------  --------  ----------  --------------  -------------------  ----------------------
/opt/airflow/dags/flight_fare_stages_2_to_7_dag.py                           1           0  3.24s           2026-03-02T10:42:28                      10
================================================================================
[2026-03-02T10:43:01.933+0000] {manager.py:997} INFO - 
================================================================================
DAG File Processing Stats

File Path                                             PID  Runtime      # DAGs    # Errors  Last Runtime    Last Run               Last # of DB Queries
--------------------------------------------------  -----  ---------  --------  ----------  --------------  -------------------  ----------------------
/opt/airflow/dags/flight_fare_stages_2_to_7_dag.py    349  3.42s             1           0  3.24s           2026-03-02T10:42:28                      10
================================================================================
[2026-03-02T10:43:32.718+0000] {manager.py:997} INFO - 
================================================================================
DAG File Processing Stats

File Path                                           PID    Runtime      # DAGs    # Errors  Last Runtime    Last Run               Last # of DB Queries
--------------------------------------------------  -----  ---------  --------  ----------  --------------  -------------------  ----------------------
/opt/airflow/dags/flight_fare_stages_2_to_7_dag.py                           1           0  14.51s          2026-03-02T10:43:13                      10
================================================================================
[2026-03-02T10:44:02.800+0000] {manager.py:997} INFO - 
================================================================================
DAG File Processing Stats

File Path                                           PID    Runtime      # DAGs    # Errors  Last Runtime    Last Run               Last # of DB Queries
--------------------------------------------------  -----  ---------  --------  ----------  --------------  -------------------  ----------------------
/opt/airflow/dags/flight_fare_stages_2_to_7_dag.py                           1           0  4.93s           2026-03-02T10:43:49                      10
================================================================================
[2026-03-02T10:44:34.739+0000] {manager.py:997} INFO - 
================================================================================
DAG File Processing Stats

File Path                                             PID  Runtime      # DAGs    # Errors  Last Runtime    Last Run               Last # of DB Queries
--------------------------------------------------  -----  ---------  --------  ----------  --------------  -------------------  ----------------------
/opt/airflow/dags/flight_fare_stages_2_to_7_dag.py    479  14.69s            1           0  4.93s           2026-03-02T10:43:49                      10
================================================================================
[2026-03-02T10:44:54.934+0000] {manager.py:821} INFO - Searching for files in /opt/airflow/dags
[2026-03-02T10:44:55.349+0000] {manager.py:824} INFO - There are 1 files in /opt/airflow/dags
[2026-03-02T10:45:05.124+0000] {manager.py:997} INFO - 
================================================================================
DAG File Processing Stats

File Path                                           PID    Runtime      # DAGs    # Errors  Last Runtime    Last Run               Last # of DB Queries
--------------------------------------------------  -----  ---------  --------  ----------  --------------  -------------------  ----------------------
/opt/airflow/dags/flight_fare_stages_2_to_7_dag.py                           0           1  35.91s          2026-03-02T10:44:55                       3
================================================================================
[2026-03-02T10:45:35.598+0000] {manager.py:997} INFO - 
================================================================================
DAG File Processing Stats

File Path                                             PID  Runtime      # DAGs    # Errors  Last Runtime    Last Run               Last # of DB Queries
--------------------------------------------------  -----  ---------  --------  ----------  --------------  -------------------  ----------------------
/opt/airflow/dags/flight_fare_stages_2_to_7_dag.py    504  9.72s             0           1  35.91s          2026-03-02T10:44:55                       3
================================================================================
[2026-03-02T10:46:06.136+0000] {manager.py:997} INFO - 
================================================================================
DAG File Processing Stats

File Path                                           PID    Runtime      # DAGs    # Errors  Last Runtime    Last Run               Last # of DB Queries
--------------------------------------------------  -----  ---------  --------  ----------  --------------  -------------------  ----------------------
/opt/airflow/dags/flight_fare_stages_2_to_7_dag.py                           1           0  16.60s          2026-03-02T10:45:42                      32
================================================================================
[2026-03-02T10:46:37.073+0000] {manager.py:997} INFO - 
================================================================================
DAG File Processing Stats

File Path                                             PID  Runtime      # DAGs    # Errors  Last Runtime    Last Run               Last # of DB Queries
--------------------------------------------------  -----  ---------  --------  ----------  --------------  -------------------  ----------------------
/opt/airflow/dags/flight_fare_stages_2_to_7_dag.py    518  24.19s            1           0  16.60s          2026-03-02T10:45:42                      32
================================================================================
[2026-03-02T10:47:07.548+0000] {manager.py:997} INFO - 
================================================================================
DAG File Processing Stats

File Path                                           PID    Runtime      # DAGs    # Errors  Last Runtime    Last Run               Last # of DB Queries
--------------------------------------------------  -----  ---------  --------  ----------  --------------  -------------------  ----------------------
/opt/airflow/dags/flight_fare_stages_2_to_7_dag.py                           0           1  33.96s          2026-03-02T10:46:46                       3
================================================================================
[2026-03-02T10:47:37.720+0000] {manager.py:997} INFO - 
================================================================================
DAG File Processing Stats

File Path                                             PID  Runtime      # DAGs    # Errors  Last Runtime    Last Run               Last # of DB Queries
--------------------------------------------------  -----  ---------  --------  ----------  --------------  -------------------  ----------------------
/opt/airflow/dags/flight_fare_stages_2_to_7_dag.py    534  18.38s            0           1  33.96s          2026-03-02T10:46:46                       3
================================================================================
[2026-03-02T10:48:07.976+0000] {manager.py:997} INFO - 
================================================================================
DAG File Processing Stats

File Path                                             PID  Runtime      # DAGs    # Errors  Last Runtime    Last Run               Last # of DB Queries
--------------------------------------------------  -----  ---------  --------  ----------  --------------  -------------------  ----------------------
/opt/airflow/dags/flight_fare_stages_2_to_7_dag.py    534  48.47s            0           1  33.96s          2026-03-02T10:46:46                       3
================================================================================
[2026-03-02T10:48:44.062+0000] {manager.py:997} INFO - 
================================================================================
DAG File Processing Stats

File Path                                             PID  Runtime      # DAGs    # Errors  Last Runtime    Last Run               Last # of DB Queries
--------------------------------------------------  -----  ---------  --------  ----------  --------------  -------------------  ----------------------
/opt/airflow/dags/flight_fare_stages_2_to_7_dag.py    540  4.27s             0           1  49.12s          2026-03-02T10:48:08                       5
================================================================================
[2026-03-02T10:49:15.151+0000] {manager.py:997} INFO - 
================================================================================
DAG File Processing Stats

File Path                                             PID  Runtime      # DAGs    # Errors  Last Runtime    Last Run               Last # of DB Queries
--------------------------------------------------  -----  ---------  --------  ----------  --------------  -------------------  ----------------------
/opt/airflow/dags/flight_fare_stages_2_to_7_dag.py    540  35.97s            0           1  49.12s          2026-03-02T10:48:08                       5
================================================================================
[2026-03-02T10:49:45.995+0000] {manager.py:997} INFO - 
================================================================================
DAG File Processing Stats

File Path                                           PID    Runtime      # DAGs    # Errors  Last Runtime    Last Run               Last # of DB Queries
--------------------------------------------------  -----  ---------  --------  ----------  --------------  -------------------  ----------------------
/opt/airflow/dags/flight_fare_stages_2_to_7_dag.py                           0           1  46.55s          2026-03-02T10:49:25                       5
================================================================================
[2026-03-02T10:49:55.326+0000] {manager.py:821} INFO - Searching for files in /opt/airflow/dags
[2026-03-02T10:49:55.419+0000] {manager.py:824} INFO - There are 1 files in /opt/airflow/dags
[2026-03-02T10:50:16.740+0000] {manager.py:997} INFO - 
================================================================================
DAG File Processing Stats

File Path                                             PID  Runtime      # DAGs    # Errors  Last Runtime    Last Run               Last # of DB Queries
--------------------------------------------------  -----  ---------  --------  ----------  --------------  -------------------  ----------------------
/opt/airflow/dags/flight_fare_stages_2_to_7_dag.py    554  18.90s            0           1  46.55s          2026-03-02T10:49:25                       5
================================================================================
[2026-03-02T10:50:46.792+0000] {manager.py:997} INFO - 
================================================================================
DAG File Processing Stats

File Path                                           PID    Runtime      # DAGs    # Errors  Last Runtime    Last Run               Last # of DB Queries
--------------------------------------------------  -----  ---------  --------  ----------  --------------  -------------------  ----------------------
/opt/airflow/dags/flight_fare_stages_2_to_7_dag.py                           1           0  19.54s          2026-03-02T10:50:17                      32
================================================================================
[2026-03-02T10:51:16.891+0000] {manager.py:997} INFO - 
================================================================================
DAG File Processing Stats

File Path                                           PID    Runtime      # DAGs    # Errors  Last Runtime    Last Run               Last # of DB Queries
--------------------------------------------------  -----  ---------  --------  ----------  --------------  -------------------  ----------------------
/opt/airflow/dags/flight_fare_stages_2_to_7_dag.py                           1           0  9.75s           2026-03-02T10:50:57                      10
================================================================================
[2026-03-02T10:51:46.870+0000] {manager.py:997} INFO - 
================================================================================
DAG File Processing Stats

File Path                                             PID  Runtime      # DAGs    # Errors  Last Runtime    Last Run               Last # of DB Queries
--------------------------------------------------  -----  ---------  --------  ----------  --------------  -------------------  ----------------------
/opt/airflow/dags/flight_fare_stages_2_to_7_dag.py    582  18.63s            1           0  9.75s           2026-03-02T10:50:57                      10
================================================================================
[2026-03-02T10:52:17.152+0000] {manager.py:997} INFO - 
================================================================================
DAG File Processing Stats

File Path                                           PID    Runtime      # DAGs    # Errors  Last Runtime    Last Run               Last # of DB Queries
--------------------------------------------------  -----  ---------  --------  ----------  --------------  -------------------  ----------------------
/opt/airflow/dags/flight_fare_stages_2_to_7_dag.py                           1           0  26.38s          2026-03-02T10:51:54                      10
================================================================================
[2026-03-02T10:52:47.677+0000] {manager.py:997} INFO - 
================================================================================
DAG File Processing Stats

File Path                                           PID    Runtime      # DAGs    # Errors  Last Runtime    Last Run               Last # of DB Queries
--------------------------------------------------  -----  ---------  --------  ----------  --------------  -------------------  ----------------------
/opt/airflow/dags/flight_fare_stages_2_to_7_dag.py                           1           0  18.77s          2026-03-02T10:52:43                      10
================================================================================
[2026-03-02T10:53:18.118+0000] {manager.py:997} INFO - 
================================================================================
DAG File Processing Stats

File Path                                             PID  Runtime      # DAGs    # Errors  Last Runtime    Last Run               Last # of DB Queries
--------------------------------------------------  -----  ---------  --------  ----------  --------------  -------------------  ----------------------
/opt/airflow/dags/flight_fare_stages_2_to_7_dag.py    610  4.11s             1           0  18.77s          2026-03-02T10:52:43                      10
================================================================================
[2026-03-02T10:53:48.470+0000] {manager.py:997} INFO - 
================================================================================
DAG File Processing Stats

File Path                                           PID    Runtime      # DAGs    # Errors  Last Runtime    Last Run               Last # of DB Queries
--------------------------------------------------  -----  ---------  --------  ----------  --------------  -------------------  ----------------------
/opt/airflow/dags/flight_fare_stages_2_to_7_dag.py                           1           0  9.74s           2026-03-02T10:53:23                      10
================================================================================
[2026-03-02T10:54:19.277+0000] {manager.py:997} INFO - 
================================================================================
DAG File Processing Stats

File Path                                           PID    Runtime      # DAGs    # Errors  Last Runtime    Last Run               Last # of DB Queries
--------------------------------------------------  -----  ---------  --------  ----------  --------------  -------------------  ----------------------
/opt/airflow/dags/flight_fare_stages_2_to_7_dag.py                           1           0  7.26s           2026-03-02T10:54:01                      10
================================================================================
[2026-03-02T10:54:49.847+0000] {manager.py:997} INFO - 
================================================================================
DAG File Processing Stats

File Path                                           PID    Runtime      # DAGs    # Errors  Last Runtime    Last Run               Last # of DB Queries
--------------------------------------------------  -----  ---------  --------  ----------  --------------  -------------------  ----------------------
/opt/airflow/dags/flight_fare_stages_2_to_7_dag.py                           1           0  13.49s          2026-03-02T10:54:45                      10
================================================================================
[2026-03-02T10:54:55.908+0000] {manager.py:821} INFO - Searching for files in /opt/airflow/dags
[2026-03-02T10:54:55.965+0000] {manager.py:824} INFO - There are 1 files in /opt/airflow/dags
[2026-03-02T10:55:20.475+0000] {manager.py:997} INFO - 
================================================================================
DAG File Processing Stats

File Path                                             PID  Runtime      # DAGs    # Errors  Last Runtime    Last Run               Last # of DB Queries
--------------------------------------------------  -----  ---------  --------  ----------  --------------  -------------------  ----------------------
/opt/airflow/dags/flight_fare_stages_2_to_7_dag.py    652  5.17s             1           0  13.49s          2026-03-02T10:54:45                      10
================================================================================
[2026-03-02T10:55:50.833+0000] {manager.py:997} INFO - 
================================================================================
DAG File Processing Stats

File Path                                           PID    Runtime      # DAGs    # Errors  Last Runtime    Last Run               Last # of DB Queries
--------------------------------------------------  -----  ---------  --------  ----------  --------------  -------------------  ----------------------
/opt/airflow/dags/flight_fare_stages_2_to_7_dag.py                           1           0  14.41s          2026-03-02T10:55:29                      10
================================================================================
[2026-03-02T10:56:20.970+0000] {manager.py:997} INFO - 
================================================================================
DAG File Processing Stats

File Path                                           PID    Runtime      # DAGs    # Errors  Last Runtime    Last Run               Last # of DB Queries
--------------------------------------------------  -----  ---------  --------  ----------  --------------  -------------------  ----------------------
/opt/airflow/dags/flight_fare_stages_2_to_7_dag.py                           1           0  3.89s           2026-03-02T10:56:03                      10
================================================================================
[2026-03-02T10:56:51.519+0000] {manager.py:997} INFO - 
================================================================================
DAG File Processing Stats

File Path                                           PID    Runtime      # DAGs    # Errors  Last Runtime    Last Run               Last # of DB Queries
--------------------------------------------------  -----  ---------  --------  ----------  --------------  -------------------  ----------------------
/opt/airflow/dags/flight_fare_stages_2_to_7_dag.py                           1           0  2.68s           2026-03-02T10:56:36                      10
================================================================================
[2026-03-02T10:57:21.768+0000] {manager.py:997} INFO - 
================================================================================
DAG File Processing Stats

File Path                                           PID    Runtime      # DAGs    # Errors  Last Runtime    Last Run               Last # of DB Queries
--------------------------------------------------  -----  ---------  --------  ----------  --------------  -------------------  ----------------------
/opt/airflow/dags/flight_fare_stages_2_to_7_dag.py                           1           0  2.91s           2026-03-02T10:57:09                      10
================================================================================
[2026-03-02T10:57:52.281+0000] {manager.py:997} INFO - 
================================================================================
DAG File Processing Stats

File Path                                           PID    Runtime      # DAGs    # Errors  Last Runtime    Last Run               Last # of DB Queries
--------------------------------------------------  -----  ---------  --------  ----------  --------------  -------------------  ----------------------
/opt/airflow/dags/flight_fare_stages_2_to_7_dag.py                           1           0  3.05s           2026-03-02T10:57:43                      10
================================================================================
[2026-03-02T10:58:22.519+0000] {manager.py:997} INFO - 
================================================================================
DAG File Processing Stats

File Path                                           PID    Runtime      # DAGs    # Errors  Last Runtime    Last Run               Last # of DB Queries
--------------------------------------------------  -----  ---------  --------  ----------  --------------  -------------------  ----------------------
/opt/airflow/dags/flight_fare_stages_2_to_7_dag.py                           1           0  4.00s           2026-03-02T10:58:17                      10
================================================================================
[2026-03-02T10:58:52.971+0000] {manager.py:997} INFO - 
================================================================================
DAG File Processing Stats

File Path                                             PID  Runtime      # DAGs    # Errors  Last Runtime    Last Run               Last # of DB Queries
--------------------------------------------------  -----  ---------  --------  ----------  --------------  -------------------  ----------------------
/opt/airflow/dags/flight_fare_stages_2_to_7_dag.py    736  5.15s             1           0  4.00s           2026-03-02T10:58:17                      10
================================================================================
[2026-03-02T10:59:23.248+0000] {manager.py:997} INFO - 
================================================================================
DAG File Processing Stats

File Path                                           PID    Runtime      # DAGs    # Errors  Last Runtime    Last Run               Last # of DB Queries
--------------------------------------------------  -----  ---------  --------  ----------  --------------  -------------------  ----------------------
/opt/airflow/dags/flight_fare_stages_2_to_7_dag.py                           1           0  8.69s           2026-03-02T10:58:56                      10
================================================================================
[2026-03-02T10:59:53.989+0000] {manager.py:997} INFO - 
================================================================================
DAG File Processing Stats

File Path                                           PID    Runtime      # DAGs    # Errors  Last Runtime    Last Run               Last # of DB Queries
--------------------------------------------------  -----  ---------  --------  ----------  --------------  -------------------  ----------------------
/opt/airflow/dags/flight_fare_stages_2_to_7_dag.py                           1           0  24.03s          2026-03-02T10:59:50                      10
================================================================================
[2026-03-02T10:59:56.035+0000] {manager.py:821} INFO - Searching for files in /opt/airflow/dags
[2026-03-02T10:59:56.084+0000] {manager.py:824} INFO - There are 1 files in /opt/airflow/dags
[2026-03-02T11:00:24.936+0000] {manager.py:997} INFO - 
================================================================================
DAG File Processing Stats

File Path                                             PID  Runtime      # DAGs    # Errors  Last Runtime    Last Run               Last # of DB Queries
--------------------------------------------------  -----  ---------  --------  ----------  --------------  -------------------  ----------------------
/opt/airflow/dags/flight_fare_stages_2_to_7_dag.py    764  3.14s             1           0  24.03s          2026-03-02T10:59:50                      10
================================================================================
[2026-03-02T11:00:55.360+0000] {manager.py:997} INFO - 
================================================================================
DAG File Processing Stats

File Path                                           PID    Runtime      # DAGs    # Errors  Last Runtime    Last Run               Last # of DB Queries
--------------------------------------------------  -----  ---------  --------  ----------  --------------  -------------------  ----------------------
/opt/airflow/dags/flight_fare_stages_2_to_7_dag.py                           1           0  15.58s          2026-03-02T11:00:37                      10
================================================================================
[2026-03-02T11:01:25.909+0000] {manager.py:997} INFO - 
================================================================================
DAG File Processing Stats

File Path                                           PID    Runtime      # DAGs    # Errors  Last Runtime    Last Run               Last # of DB Queries
--------------------------------------------------  -----  ---------  --------  ----------  --------------  -------------------  ----------------------
/opt/airflow/dags/flight_fare_stages_2_to_7_dag.py                           1           0  16.51s          2026-03-02T11:01:24                      10
================================================================================
[2026-03-02T11:01:56.468+0000] {manager.py:997} INFO - 
================================================================================
DAG File Processing Stats

File Path                                             PID  Runtime      # DAGs    # Errors  Last Runtime    Last Run               Last # of DB Queries
--------------------------------------------------  -----  ---------  --------  ----------  --------------  -------------------  ----------------------
/opt/airflow/dags/flight_fare_stages_2_to_7_dag.py    915  2.06s             1           0  16.51s          2026-03-02T11:01:24                      10
================================================================================
[2026-03-02T11:02:26.829+0000] {manager.py:997} INFO - 
================================================================================
DAG File Processing Stats

File Path                                           PID    Runtime      # DAGs    # Errors  Last Runtime    Last Run               Last # of DB Queries
--------------------------------------------------  -----  ---------  --------  ----------  --------------  -------------------  ----------------------
/opt/airflow/dags/flight_fare_stages_2_to_7_dag.py                           1           0  11.19s          2026-03-02T11:02:05                      10
================================================================================
[2026-03-02T11:02:57.336+0000] {manager.py:997} INFO - 
================================================================================
DAG File Processing Stats

File Path                                           PID    Runtime      # DAGs    # Errors  Last Runtime    Last Run               Last # of DB Queries
--------------------------------------------------  -----  ---------  --------  ----------  --------------  -------------------  ----------------------
/opt/airflow/dags/flight_fare_stages_2_to_7_dag.py                           1           0  13.25s          2026-03-02T11:02:49                      10
================================================================================
[2026-03-02T11:03:27.287+0000] {manager.py:997} INFO - 
================================================================================
DAG File Processing Stats

File Path                                             PID  Runtime      # DAGs    # Errors  Last Runtime    Last Run               Last # of DB Queries
--------------------------------------------------  -----  ---------  --------  ----------  --------------  -------------------  ----------------------
/opt/airflow/dags/flight_fare_stages_2_to_7_dag.py    982  6.58s             1           0  13.25s          2026-03-02T11:02:49                      10
================================================================================
[2026-03-02T11:03:57.498+0000] {manager.py:997} INFO - 
================================================================================
DAG File Processing Stats

File Path                                           PID    Runtime      # DAGs    # Errors  Last Runtime    Last Run               Last # of DB Queries
--------------------------------------------------  -----  ---------  --------  ----------  --------------  -------------------  ----------------------
/opt/airflow/dags/flight_fare_stages_2_to_7_dag.py                           1           0  16.43s          2026-03-02T11:03:37                      10
================================================================================
[2026-03-02T11:04:27.876+0000] {manager.py:997} INFO - 
================================================================================
DAG File Processing Stats

File Path                                           PID    Runtime      # DAGs    # Errors  Last Runtime    Last Run               Last # of DB Queries
--------------------------------------------------  -----  ---------  --------  ----------  --------------  -------------------  ----------------------
/opt/airflow/dags/flight_fare_stages_2_to_7_dag.py                           1           0  12.09s          2026-03-02T11:04:19                      10
================================================================================
[2026-03-02T11:04:56.620+0000] {manager.py:821} INFO - Searching for files in /opt/airflow/dags
[2026-03-02T11:04:56.686+0000] {manager.py:824} INFO - There are 1 files in /opt/airflow/dags
[2026-03-02T11:04:58.876+0000] {manager.py:997} INFO - 
================================================================================
DAG File Processing Stats

File Path                                             PID  Runtime      # DAGs    # Errors  Last Runtime    Last Run               Last # of DB Queries
--------------------------------------------------  -----  ---------  --------  ----------  --------------  -------------------  ----------------------
/opt/airflow/dags/flight_fare_stages_2_to_7_dag.py   1028  8.58s             1           0  12.09s          2026-03-02T11:04:19                      10
================================================================================
[2026-03-02T11:05:30.240+0000] {manager.py:997} INFO - 
================================================================================
DAG File Processing Stats

File Path                                             PID  Runtime      # DAGs    # Errors  Last Runtime    Last Run               Last # of DB Queries
--------------------------------------------------  -----  ---------  --------  ----------  --------------  -------------------  ----------------------
/opt/airflow/dags/flight_fare_stages_2_to_7_dag.py   1028  39.30s            1           0  12.09s          2026-03-02T11:04:19                      10
================================================================================
[2026-03-02T11:05:40.444+0000] {manager.py:1366} ERROR - Processor for /opt/airflow/dags/flight_fare_stages_2_to_7_dag.py with PID 1028 started at 2026-03-02T11:04:50.280220+00:00 has timed out, killing it.
[2026-03-02T11:06:01.228+0000] {manager.py:997} INFO - 
================================================================================
DAG File Processing Stats

File Path                                           PID    Runtime      # DAGs    # Errors  Last Runtime    Last Run               Last # of DB Queries
--------------------------------------------------  -----  ---------  --------  ----------  --------------  -------------------  ----------------------
/opt/airflow/dags/flight_fare_stages_2_to_7_dag.py                           0           1  50.13s          2026-03-02T11:05:40                       0
================================================================================
[2026-03-02T11:06:31.697+0000] {manager.py:997} INFO - 
================================================================================
DAG File Processing Stats

File Path                                           PID    Runtime      # DAGs    # Errors  Last Runtime    Last Run               Last # of DB Queries
--------------------------------------------------  -----  ---------  --------  ----------  --------------  -------------------  ----------------------
/opt/airflow/dags/flight_fare_stages_2_to_7_dag.py                           1           0  16.94s          2026-03-02T11:06:27                      32
================================================================================
[2026-03-02T11:07:02.850+0000] {manager.py:997} INFO - 
================================================================================
DAG File Processing Stats

File Path                                             PID  Runtime      # DAGs    # Errors  Last Runtime    Last Run               Last # of DB Queries
--------------------------------------------------  -----  ---------  --------  ----------  --------------  -------------------  ----------------------
/opt/airflow/dags/flight_fare_stages_2_to_7_dag.py   1054  4.25s             1           0  16.94s          2026-03-02T11:06:27                      32
================================================================================
[2026-03-02T11:07:33.216+0000] {manager.py:997} INFO - 
================================================================================
DAG File Processing Stats

File Path                                             PID  Runtime      # DAGs    # Errors  Last Runtime    Last Run               Last # of DB Queries
--------------------------------------------------  -----  ---------  --------  ----------  --------------  -------------------  ----------------------
/opt/airflow/dags/flight_fare_stages_2_to_7_dag.py   1054  34.88s            1           0  16.94s          2026-03-02T11:06:27                      32
================================================================================
[2026-03-02T11:08:03.289+0000] {manager.py:997} INFO - 
================================================================================
DAG File Processing Stats

File Path                                           PID    Runtime      # DAGs    # Errors  Last Runtime    Last Run               Last # of DB Queries
--------------------------------------------------  -----  ---------  --------  ----------  --------------  -------------------  ----------------------
/opt/airflow/dags/flight_fare_stages_2_to_7_dag.py                           0           1  35.15s          2026-03-02T11:07:33                       3
================================================================================
[2026-03-02T11:08:33.391+0000] {manager.py:997} INFO - 
================================================================================
DAG File Processing Stats

File Path                                           PID    Runtime      # DAGs    # Errors  Last Runtime    Last Run               Last # of DB Queries
--------------------------------------------------  -----  ---------  --------  ----------  --------------  -------------------  ----------------------
/opt/airflow/dags/flight_fare_stages_2_to_7_dag.py                           0           1  18.24s          2026-03-02T11:08:22                       5
================================================================================
[2026-03-02T11:09:04.068+0000] {manager.py:997} INFO - 
================================================================================
DAG File Processing Stats

File Path                                             PID  Runtime      # DAGs    # Errors  Last Runtime    Last Run               Last # of DB Queries
--------------------------------------------------  -----  ---------  --------  ----------  --------------  -------------------  ----------------------
/opt/airflow/dags/flight_fare_stages_2_to_7_dag.py   1082  10.46s            0           1  18.24s          2026-03-02T11:08:22                       5
================================================================================
[2026-03-02T11:09:34.509+0000] {manager.py:997} INFO - 
================================================================================
DAG File Processing Stats

File Path                                           PID    Runtime      # DAGs    # Errors  Last Runtime    Last Run               Last # of DB Queries
--------------------------------------------------  -----  ---------  --------  ----------  --------------  -------------------  ----------------------
/opt/airflow/dags/flight_fare_stages_2_to_7_dag.py                           0           1  21.67s          2026-03-02T11:09:15                       5
================================================================================
[2026-03-02T11:09:56.960+0000] {manager.py:821} INFO - Searching for files in /opt/airflow/dags
[2026-03-02T11:09:57.095+0000] {manager.py:824} INFO - There are 1 files in /opt/airflow/dags
[2026-03-02T11:10:04.662+0000] {manager.py:997} INFO - 
================================================================================
DAG File Processing Stats

File Path                                             PID  Runtime      # DAGs    # Errors  Last Runtime    Last Run               Last # of DB Queries
--------------------------------------------------  -----  ---------  --------  ----------  --------------  -------------------  ----------------------
/opt/airflow/dags/flight_fare_stages_2_to_7_dag.py   1096  18.73s            0           1  21.67s          2026-03-02T11:09:15                       5
================================================================================
[2026-03-02T11:10:35.424+0000] {manager.py:997} INFO - 
================================================================================
DAG File Processing Stats

File Path                                           PID    Runtime      # DAGs    # Errors  Last Runtime    Last Run               Last # of DB Queries
--------------------------------------------------  -----  ---------  --------  ----------  --------------  -------------------  ----------------------
/opt/airflow/dags/flight_fare_stages_2_to_7_dag.py                           1           0  46.39s          2026-03-02T11:10:32                      32
================================================================================
[2026-03-02T11:11:05.897+0000] {manager.py:997} INFO - 
================================================================================
DAG File Processing Stats

File Path                                             PID  Runtime      # DAGs    # Errors  Last Runtime    Last Run               Last # of DB Queries
--------------------------------------------------  -----  ---------  --------  ----------  --------------  -------------------  ----------------------
/opt/airflow/dags/flight_fare_stages_2_to_7_dag.py   1110  2.74s             1           0  46.39s          2026-03-02T11:10:32                      32
================================================================================
[2026-03-02T11:11:36.503+0000] {manager.py:997} INFO - 
================================================================================
DAG File Processing Stats

File Path                                           PID    Runtime      # DAGs    # Errors  Last Runtime    Last Run               Last # of DB Queries
--------------------------------------------------  -----  ---------  --------  ----------  --------------  -------------------  ----------------------
/opt/airflow/dags/flight_fare_stages_2_to_7_dag.py                           1           0  29.93s          2026-03-02T11:11:33                      10
================================================================================
[2026-03-02T11:12:07.009+0000] {manager.py:997} INFO - 
================================================================================
DAG File Processing Stats

File Path                                             PID  Runtime      # DAGs    # Errors  Last Runtime    Last Run               Last # of DB Queries
--------------------------------------------------  -----  ---------  --------  ----------  --------------  -------------------  ----------------------
/opt/airflow/dags/flight_fare_stages_2_to_7_dag.py   1124  3.14s             1           0  29.93s          2026-03-02T11:11:33                      10
================================================================================
[2026-03-02T11:12:37.237+0000] {manager.py:997} INFO - 
================================================================================
DAG File Processing Stats

File Path                                           PID    Runtime      # DAGs    # Errors  Last Runtime    Last Run               Last # of DB Queries
--------------------------------------------------  -----  ---------  --------  ----------  --------------  -------------------  ----------------------
/opt/airflow/dags/flight_fare_stages_2_to_7_dag.py                           1           0  10.96s          2026-03-02T11:12:14                      10
================================================================================
[2026-03-02T11:13:07.385+0000] {manager.py:997} INFO - 
================================================================================
DAG File Processing Stats

File Path                                             PID  Runtime      # DAGs    # Errors  Last Runtime    Last Run               Last # of DB Queries
--------------------------------------------------  -----  ---------  --------  ----------  --------------  -------------------  ----------------------
/opt/airflow/dags/flight_fare_stages_2_to_7_dag.py   1138  21.83s            1           0  10.96s          2026-03-02T11:12:14                      10
================================================================================
[2026-03-02T11:13:38.157+0000] {manager.py:997} INFO - 
================================================================================
DAG File Processing Stats

File Path                                             PID  Runtime      # DAGs    # Errors  Last Runtime    Last Run               Last # of DB Queries
--------------------------------------------------  -----  ---------  --------  ----------  --------------  -------------------  ----------------------
/opt/airflow/dags/flight_fare_stages_2_to_7_dag.py   1170  0.31s             1           0  21.98s          2026-03-02T11:13:07                      10
================================================================================
[2026-03-02T11:14:08.127+0000] {manager.py:997} INFO - 
================================================================================
DAG File Processing Stats

File Path                                           PID    Runtime      # DAGs    # Errors  Last Runtime    Last Run               Last # of DB Queries
--------------------------------------------------  -----  ---------  --------  ----------  --------------  -------------------  ----------------------
/opt/airflow/dags/flight_fare_stages_2_to_7_dag.py                           1           0  27.23s          2026-03-02T11:14:05                      10
================================================================================
[2026-03-02T11:14:38.945+0000] {manager.py:997} INFO - 
================================================================================
DAG File Processing Stats

File Path                                             PID  Runtime      # DAGs    # Errors  Last Runtime    Last Run               Last # of DB Queries
--------------------------------------------------  -----  ---------  --------  ----------  --------------  -------------------  ----------------------
/opt/airflow/dags/flight_fare_stages_2_to_7_dag.py   1184  2.56s             1           0  27.23s          2026-03-02T11:14:05                      10
================================================================================
[2026-03-02T11:14:57.315+0000] {manager.py:821} INFO - Searching for files in /opt/airflow/dags
[2026-03-02T11:14:57.498+0000] {manager.py:824} INFO - There are 1 files in /opt/airflow/dags
[2026-03-02T11:15:09.078+0000] {manager.py:997} INFO - 
================================================================================
DAG File Processing Stats

File Path                                           PID    Runtime      # DAGs    # Errors  Last Runtime    Last Run               Last # of DB Queries
--------------------------------------------------  -----  ---------  --------  ----------  --------------  -------------------  ----------------------
/opt/airflow/dags/flight_fare_stages_2_to_7_dag.py                           1           0  31.11s          2026-03-02T11:15:07                      10
================================================================================
[2026-03-02T11:15:39.493+0000] {manager.py:997} INFO - 
================================================================================
DAG File Processing Stats

File Path                                             PID  Runtime      # DAGs    # Errors  Last Runtime    Last Run               Last # of DB Queries
--------------------------------------------------  -----  ---------  --------  ----------  --------------  -------------------  ----------------------
/opt/airflow/dags/flight_fare_stages_2_to_7_dag.py   1216  2.08s             1           0  31.11s          2026-03-02T11:15:07                      10
================================================================================
[2026-03-02T11:16:05.694+0000] {manager.py:465} INFO - Exiting gracefully upon receiving signal 15
[2026-03-02T11:17:00.766+0000] {manager.py:483} INFO - Processing files using up to 2 processes at a time 
[2026-03-02T11:17:00.775+0000] {manager.py:484} INFO - Process each file at most once every 30 seconds
[2026-03-02T11:17:00.778+0000] {manager.py:485} INFO - Checking for new files in /opt/airflow/dags every 300 seconds
[2026-03-02T11:17:00.783+0000] {manager.py:821} INFO - Searching for files in /opt/airflow/dags
[2026-03-02T11:17:00.851+0000] {manager.py:824} INFO - There are 1 files in /opt/airflow/dags
[2026-03-02T11:17:02.121+0000] {manager.py:997} INFO - 
================================================================================
DAG File Processing Stats

File Path                                             PID  Runtime      # DAGs    # Errors  Last Runtime    Last Run      Last # of DB Queries
--------------------------------------------------  -----  ---------  --------  ----------  --------------  ----------  ----------------------
/opt/airflow/dags/flight_fare_stages_2_to_7_dag.py    167  0.40s             0           0                                                   0
================================================================================
[2026-03-02T11:17:32.441+0000] {manager.py:997} INFO - 
================================================================================
DAG File Processing Stats

File Path                                           PID    Runtime      # DAGs    # Errors  Last Runtime    Last Run               Last # of DB Queries
--------------------------------------------------  -----  ---------  --------  ----------  --------------  -------------------  ----------------------
/opt/airflow/dags/flight_fare_stages_2_to_7_dag.py                           1           0  15.92s          2026-03-02T11:17:17                      10
================================================================================
[2026-03-02T11:18:02.616+0000] {manager.py:997} INFO - 
================================================================================
DAG File Processing Stats

File Path                                           PID    Runtime      # DAGs    # Errors  Last Runtime    Last Run               Last # of DB Queries
--------------------------------------------------  -----  ---------  --------  ----------  --------------  -------------------  ----------------------
/opt/airflow/dags/flight_fare_stages_2_to_7_dag.py                           1           0  10.86s          2026-03-02T11:17:58                      10
================================================================================
[2026-03-02T11:18:33.062+0000] {manager.py:997} INFO - 
================================================================================
DAG File Processing Stats

File Path                                             PID  Runtime      # DAGs    # Errors  Last Runtime    Last Run               Last # of DB Queries
--------------------------------------------------  -----  ---------  --------  ----------  --------------  -------------------  ----------------------
/opt/airflow/dags/flight_fare_stages_2_to_7_dag.py    197  4.08s             1           0  10.86s          2026-03-02T11:17:58                      10
================================================================================
[2026-03-02T11:19:03.331+0000] {manager.py:997} INFO - 
================================================================================
DAG File Processing Stats

File Path                                           PID    Runtime      # DAGs    # Errors  Last Runtime    Last Run               Last # of DB Queries
--------------------------------------------------  -----  ---------  --------  ----------  --------------  -------------------  ----------------------
/opt/airflow/dags/flight_fare_stages_2_to_7_dag.py                           1           0  9.49s           2026-03-02T11:18:38                      10
================================================================================
[2026-03-02T11:19:33.632+0000] {manager.py:997} INFO - 
================================================================================
DAG File Processing Stats

File Path                                           PID    Runtime      # DAGs    # Errors  Last Runtime    Last Run               Last # of DB Queries
--------------------------------------------------  -----  ---------  --------  ----------  --------------  -------------------  ----------------------
/opt/airflow/dags/flight_fare_stages_2_to_7_dag.py                           1           0  13.76s          2026-03-02T11:19:22                      10
================================================================================
[2026-03-02T11:20:03.754+0000] {manager.py:997} INFO - 
================================================================================
DAG File Processing Stats

File Path                                             PID  Runtime      # DAGs    # Errors  Last Runtime    Last Run               Last # of DB Queries
--------------------------------------------------  -----  ---------  --------  ----------  --------------  -------------------  ----------------------
/opt/airflow/dags/flight_fare_stages_2_to_7_dag.py    241  10.86s            1           0  13.76s          2026-03-02T11:19:22                      10
================================================================================
[2026-03-02T11:20:34.475+0000] {manager.py:997} INFO - 
================================================================================
DAG File Processing Stats

File Path                                           PID    Runtime      # DAGs    # Errors  Last Runtime    Last Run               Last # of DB Queries
--------------------------------------------------  -----  ---------  --------  ----------  --------------  -------------------  ----------------------
/opt/airflow/dags/flight_fare_stages_2_to_7_dag.py                           1           0  33.87s          2026-03-02T11:20:26                      10
================================================================================
[2026-03-02T11:21:05.044+0000] {manager.py:997} INFO - 
================================================================================
DAG File Processing Stats

File Path                                             PID  Runtime      # DAGs    # Errors  Last Runtime    Last Run               Last # of DB Queries
--------------------------------------------------  -----  ---------  --------  ----------  --------------  -------------------  ----------------------
/opt/airflow/dags/flight_fare_stages_2_to_7_dag.py    266  8.21s             1           0  33.87s          2026-03-02T11:20:26                      10
================================================================================
[2026-03-02T11:21:35.293+0000] {manager.py:997} INFO - 
================================================================================
DAG File Processing Stats

File Path                                           PID    Runtime      # DAGs    # Errors  Last Runtime    Last Run               Last # of DB Queries
--------------------------------------------------  -----  ---------  --------  ----------  --------------  -------------------  ----------------------
/opt/airflow/dags/flight_fare_stages_2_to_7_dag.py                           0           1  35.89s          2026-03-02T11:21:32                       3
================================================================================
[2026-03-02T11:22:01.560+0000] {manager.py:821} INFO - Searching for files in /opt/airflow/dags
[2026-03-02T11:22:01.618+0000] {manager.py:824} INFO - There are 1 files in /opt/airflow/dags
[2026-03-02T11:22:05.982+0000] {manager.py:997} INFO - 
================================================================================
DAG File Processing Stats

File Path                                             PID  Runtime      # DAGs    # Errors  Last Runtime    Last Run               Last # of DB Queries
--------------------------------------------------  -----  ---------  --------  ----------  --------------  -------------------  ----------------------
/opt/airflow/dags/flight_fare_stages_2_to_7_dag.py    287  3.20s             0           1  35.89s          2026-03-02T11:21:32                       3
================================================================================
[2026-03-02T11:22:36.250+0000] {manager.py:997} INFO - 
================================================================================
DAG File Processing Stats

File Path                                           PID    Runtime      # DAGs    # Errors  Last Runtime    Last Run               Last # of DB Queries
--------------------------------------------------  -----  ---------  --------  ----------  --------------  -------------------  ----------------------
/opt/airflow/dags/flight_fare_stages_2_to_7_dag.py                           1           0  11.62s          2026-03-02T11:22:14                      32
================================================================================
[2026-03-02T11:23:06.802+0000] {manager.py:997} INFO - 
================================================================================
DAG File Processing Stats

File Path                                           PID    Runtime      # DAGs    # Errors  Last Runtime    Last Run               Last # of DB Queries
--------------------------------------------------  -----  ---------  --------  ----------  --------------  -------------------  ----------------------
/opt/airflow/dags/flight_fare_stages_2_to_7_dag.py                           1           0  3.29s           2026-03-02T11:22:47                      10
================================================================================
[2026-03-02T11:23:37.087+0000] {manager.py:997} INFO - 
================================================================================
DAG File Processing Stats

File Path                                           PID    Runtime      # DAGs    # Errors  Last Runtime    Last Run               Last # of DB Queries
--------------------------------------------------  -----  ---------  --------  ----------  --------------  -------------------  ----------------------
/opt/airflow/dags/flight_fare_stages_2_to_7_dag.py                           1           0  2.83s           2026-03-02T11:23:20                      10
================================================================================
[2026-03-02T11:24:07.502+0000] {manager.py:997} INFO - 
================================================================================
DAG File Processing Stats

File Path                                           PID    Runtime      # DAGs    # Errors  Last Runtime    Last Run               Last # of DB Queries
--------------------------------------------------  -----  ---------  --------  ----------  --------------  -------------------  ----------------------
/opt/airflow/dags/flight_fare_stages_2_to_7_dag.py                           1           0  5.22s           2026-03-02T11:23:56                      10
================================================================================
[2026-03-02T11:24:37.786+0000] {manager.py:997} INFO - 
================================================================================
DAG File Processing Stats

File Path                                           PID    Runtime      # DAGs    # Errors  Last Runtime    Last Run               Last # of DB Queries
--------------------------------------------------  -----  ---------  --------  ----------  --------------  -------------------  ----------------------
/opt/airflow/dags/flight_fare_stages_2_to_7_dag.py                           1           0  8.01s           2026-03-02T11:24:34                      10
================================================================================
[2026-03-02T11:25:08.083+0000] {manager.py:997} INFO - 
================================================================================
DAG File Processing Stats

File Path                                             PID  Runtime      # DAGs    # Errors  Last Runtime    Last Run               Last # of DB Queries
--------------------------------------------------  -----  ---------  --------  ----------  --------------  -------------------  ----------------------
/opt/airflow/dags/flight_fare_stages_2_to_7_dag.py    357  3.05s             1           0  8.01s           2026-03-02T11:24:34                      10
================================================================================
[2026-03-02T11:25:38.328+0000] {manager.py:997} INFO - 
================================================================================
DAG File Processing Stats

File Path                                           PID    Runtime      # DAGs    # Errors  Last Runtime    Last Run               Last # of DB Queries
--------------------------------------------------  -----  ---------  --------  ----------  --------------  -------------------  ----------------------
/opt/airflow/dags/flight_fare_stages_2_to_7_dag.py                           1           0  6.04s           2026-03-02T11:25:11                      10
================================================================================
[2026-03-02T11:26:08.628+0000] {manager.py:997} INFO - 
================================================================================
DAG File Processing Stats

File Path                                           PID    Runtime      # DAGs    # Errors  Last Runtime    Last Run               Last # of DB Queries
--------------------------------------------------  -----  ---------  --------  ----------  --------------  -------------------  ----------------------
/opt/airflow/dags/flight_fare_stages_2_to_7_dag.py                           1           0  4.69s           2026-03-02T11:25:46                      10
================================================================================
[2026-03-02T11:26:38.845+0000] {manager.py:997} INFO - 
================================================================================
DAG File Processing Stats

File Path                                           PID    Runtime      # DAGs    # Errors  Last Runtime    Last Run               Last # of DB Queries
--------------------------------------------------  -----  ---------  --------  ----------  --------------  -------------------  ----------------------
/opt/airflow/dags/flight_fare_stages_2_to_7_dag.py                           1           0  2.86s           2026-03-02T11:26:19                      10
================================================================================
[2026-03-02T11:27:02.026+0000] {manager.py:821} INFO - Searching for files in /opt/airflow/dags
[2026-03-02T11:27:02.060+0000] {manager.py:824} INFO - There are 1 files in /opt/airflow/dags
[2026-03-02T11:27:09.134+0000] {manager.py:997} INFO - 
================================================================================
DAG File Processing Stats

File Path                                           PID    Runtime      # DAGs    # Errors  Last Runtime    Last Run               Last # of DB Queries
--------------------------------------------------  -----  ---------  --------  ----------  --------------  -------------------  ----------------------
/opt/airflow/dags/flight_fare_stages_2_to_7_dag.py                           1           0  2.67s           2026-03-02T11:26:52                      10
================================================================================
[2026-03-02T11:27:39.519+0000] {manager.py:997} INFO - 
================================================================================
DAG File Processing Stats

File Path                                           PID    Runtime      # DAGs    # Errors  Last Runtime    Last Run               Last # of DB Queries
--------------------------------------------------  -----  ---------  --------  ----------  --------------  -------------------  ----------------------
/opt/airflow/dags/flight_fare_stages_2_to_7_dag.py                           1           0  2.44s           2026-03-02T11:27:24                      10
================================================================================
[2026-03-02T11:28:09.773+0000] {manager.py:997} INFO - 
================================================================================
DAG File Processing Stats

File Path                                           PID    Runtime      # DAGs    # Errors  Last Runtime    Last Run               Last # of DB Queries
--------------------------------------------------  -----  ---------  --------  ----------  --------------  -------------------  ----------------------
/opt/airflow/dags/flight_fare_stages_2_to_7_dag.py                           1           0  2.76s           2026-03-02T11:27:57                      10
================================================================================
[2026-03-02T11:28:40.048+0000] {manager.py:997} INFO - 
================================================================================
DAG File Processing Stats

File Path                                           PID    Runtime      # DAGs    # Errors  Last Runtime    Last Run               Last # of DB Queries
--------------------------------------------------  -----  ---------  --------  ----------  --------------  -------------------  ----------------------
/opt/airflow/dags/flight_fare_stages_2_to_7_dag.py                           1           0  2.54s           2026-03-02T11:28:30                      10
================================================================================
[2026-03-02T11:29:10.351+0000] {manager.py:997} INFO - 
================================================================================
DAG File Processing Stats

File Path                                           PID    Runtime      # DAGs    # Errors  Last Runtime    Last Run               Last # of DB Queries
--------------------------------------------------  -----  ---------  --------  ----------  --------------  -------------------  ----------------------
/opt/airflow/dags/flight_fare_stages_2_to_7_dag.py                           1           0  5.55s           2026-03-02T11:29:06                      10
================================================================================
[2026-03-02T11:29:40.701+0000] {manager.py:997} INFO - 
================================================================================
DAG File Processing Stats

File Path                                             PID  Runtime      # DAGs    # Errors  Last Runtime    Last Run               Last # of DB Queries
--------------------------------------------------  -----  ---------  --------  ----------  --------------  -------------------  ----------------------
/opt/airflow/dags/flight_fare_stages_2_to_7_dag.py    469  4.09s             1           0  5.55s           2026-03-02T11:29:06                      10
================================================================================
[2026-03-02T11:30:11.001+0000] {manager.py:997} INFO - 
================================================================================
DAG File Processing Stats

File Path                                           PID    Runtime      # DAGs    # Errors  Last Runtime    Last Run               Last # of DB Queries
--------------------------------------------------  -----  ---------  --------  ----------  --------------  -------------------  ----------------------
/opt/airflow/dags/flight_fare_stages_2_to_7_dag.py                           1           0  7.48s           2026-03-02T11:29:44                      10
================================================================================
[2026-03-02T11:30:41.644+0000] {manager.py:997} INFO - 
================================================================================
DAG File Processing Stats

File Path                                           PID    Runtime      # DAGs    # Errors  Last Runtime    Last Run               Last # of DB Queries
--------------------------------------------------  -----  ---------  --------  ----------  --------------  -------------------  ----------------------
/opt/airflow/dags/flight_fare_stages_2_to_7_dag.py                           1           0  4.39s           2026-03-02T11:30:18                      10
================================================================================
[2026-03-02T11:31:12.235+0000] {manager.py:997} INFO - 
================================================================================
DAG File Processing Stats

File Path                                           PID    Runtime      # DAGs    # Errors  Last Runtime    Last Run               Last # of DB Queries
--------------------------------------------------  -----  ---------  --------  ----------  --------------  -------------------  ----------------------
/opt/airflow/dags/flight_fare_stages_2_to_7_dag.py                           1           0  3.12s           2026-03-02T11:30:52                      10
================================================================================
[2026-03-02T11:31:42.725+0000] {manager.py:997} INFO - 
================================================================================
DAG File Processing Stats

File Path                                           PID    Runtime      # DAGs    # Errors  Last Runtime    Last Run               Last # of DB Queries
--------------------------------------------------  -----  ---------  --------  ----------  --------------  -------------------  ----------------------
/opt/airflow/dags/flight_fare_stages_2_to_7_dag.py                           1           0  8.11s           2026-03-02T11:31:30                      10
================================================================================
[2026-03-02T11:32:02.086+0000] {manager.py:821} INFO - Searching for files in /opt/airflow/dags
[2026-03-02T11:32:02.128+0000] {manager.py:824} INFO - There are 1 files in /opt/airflow/dags
[2026-03-02T11:32:12.765+0000] {manager.py:997} INFO - 
================================================================================
DAG File Processing Stats

File Path                                           PID    Runtime      # DAGs    # Errors  Last Runtime    Last Run               Last # of DB Queries
--------------------------------------------------  -----  ---------  --------  ----------  --------------  -------------------  ----------------------
/opt/airflow/dags/flight_fare_stages_2_to_7_dag.py                           1           0  9.70s           2026-03-02T11:32:10                      10
================================================================================
[2026-03-02T11:32:43.073+0000] {manager.py:997} INFO - 
================================================================================
DAG File Processing Stats

File Path                                             PID  Runtime      # DAGs    # Errors  Last Runtime    Last Run               Last # of DB Queries
--------------------------------------------------  -----  ---------  --------  ----------  --------------  -------------------  ----------------------
/opt/airflow/dags/flight_fare_stages_2_to_7_dag.py    557  2.09s             1           0  9.70s           2026-03-02T11:32:10                      10
================================================================================
[2026-03-02T11:33:13.724+0000] {manager.py:997} INFO - 
================================================================================
DAG File Processing Stats

File Path                                           PID    Runtime      # DAGs    # Errors  Last Runtime    Last Run               Last # of DB Queries
--------------------------------------------------  -----  ---------  --------  ----------  --------------  -------------------  ----------------------
/opt/airflow/dags/flight_fare_stages_2_to_7_dag.py                           1           0  7.00s           2026-03-02T11:32:47                      10
================================================================================
[2026-03-02T11:33:43.958+0000] {manager.py:997} INFO - 
================================================================================
DAG File Processing Stats

File Path                                           PID    Runtime      # DAGs    # Errors  Last Runtime    Last Run               Last # of DB Queries
--------------------------------------------------  -----  ---------  --------  ----------  --------------  -------------------  ----------------------
/opt/airflow/dags/flight_fare_stages_2_to_7_dag.py                           1           0  20.39s          2026-03-02T11:33:38                      10
================================================================================
[2026-03-02T11:34:14.729+0000] {manager.py:997} INFO - 
================================================================================
DAG File Processing Stats

File Path                                             PID  Runtime      # DAGs    # Errors  Last Runtime    Last Run               Last # of DB Queries
--------------------------------------------------  -----  ---------  --------  ----------  --------------  -------------------  ----------------------
/opt/airflow/dags/flight_fare_stages_2_to_7_dag.py    603  5.24s             1           0  20.39s          2026-03-02T11:33:38                      10
================================================================================
[2026-03-02T11:34:45.365+0000] {manager.py:997} INFO - 
================================================================================
DAG File Processing Stats

File Path                                           PID    Runtime      # DAGs    # Errors  Last Runtime    Last Run               Last # of DB Queries
--------------------------------------------------  -----  ---------  --------  ----------  --------------  -------------------  ----------------------
/opt/airflow/dags/flight_fare_stages_2_to_7_dag.py                           1           0  21.80s          2026-03-02T11:34:31                      10
================================================================================
[2026-03-02T11:35:15.457+0000] {manager.py:997} INFO - 
================================================================================
DAG File Processing Stats

File Path                                           PID    Runtime      # DAGs    # Errors  Last Runtime    Last Run               Last # of DB Queries
--------------------------------------------------  -----  ---------  --------  ----------  --------------  -------------------  ----------------------
/opt/airflow/dags/flight_fare_stages_2_to_7_dag.py                           1           0  3.83s           2026-03-02T11:35:05                      10
================================================================================
[2026-03-02T11:35:45.744+0000] {manager.py:997} INFO - 
================================================================================
DAG File Processing Stats

File Path                                           PID    Runtime      # DAGs    # Errors  Last Runtime    Last Run               Last # of DB Queries
--------------------------------------------------  -----  ---------  --------  ----------  --------------  -------------------  ----------------------
/opt/airflow/dags/flight_fare_stages_2_to_7_dag.py                           1           0  4.02s           2026-03-02T11:35:39                      10
================================================================================
[2026-03-02T11:36:16.690+0000] {manager.py:997} INFO - 
================================================================================
DAG File Processing Stats

File Path                                             PID  Runtime      # DAGs    # Errors  Last Runtime    Last Run               Last # of DB Queries
--------------------------------------------------  -----  ---------  --------  ----------  --------------  -------------------  ----------------------
/opt/airflow/dags/flight_fare_stages_2_to_7_dag.py    645  6.58s             1           0  4.02s           2026-03-02T11:35:39                      10
================================================================================
[2026-03-02T11:36:46.474+0000] {manager.py:997} INFO - 
================================================================================
DAG File Processing Stats

File Path                                           PID    Runtime      # DAGs    # Errors  Last Runtime    Last Run               Last # of DB Queries
--------------------------------------------------  -----  ---------  --------  ----------  --------------  -------------------  ----------------------
/opt/airflow/dags/flight_fare_stages_2_to_7_dag.py                           1           0  24.21s          2026-03-02T11:36:34                      10
================================================================================
[2026-03-02T11:37:02.452+0000] {manager.py:821} INFO - Searching for files in /opt/airflow/dags
[2026-03-02T11:37:02.577+0000] {manager.py:824} INFO - There are 1 files in /opt/airflow/dags
[2026-03-02T11:37:17.681+0000] {manager.py:997} INFO - 
================================================================================
DAG File Processing Stats

File Path                                             PID  Runtime      # DAGs    # Errors  Last Runtime    Last Run               Last # of DB Queries
--------------------------------------------------  -----  ---------  --------  ----------  --------------  -------------------  ----------------------
/opt/airflow/dags/flight_fare_stages_2_to_7_dag.py    659  12.33s            1           0  24.21s          2026-03-02T11:36:34                      10
================================================================================
[2026-03-02T11:37:47.897+0000] {manager.py:997} INFO - 
================================================================================
DAG File Processing Stats

File Path                                           PID    Runtime      # DAGs    # Errors  Last Runtime    Last Run               Last # of DB Queries
--------------------------------------------------  -----  ---------  --------  ----------  --------------  -------------------  ----------------------
/opt/airflow/dags/flight_fare_stages_2_to_7_dag.py                           0           1  33.31s          2026-03-02T11:37:38                       3
================================================================================
[2026-03-02T11:38:18.394+0000] {manager.py:997} INFO - 
================================================================================
DAG File Processing Stats

File Path                                             PID  Runtime      # DAGs    # Errors  Last Runtime    Last Run               Last # of DB Queries
--------------------------------------------------  -----  ---------  --------  ----------  --------------  -------------------  ----------------------
/opt/airflow/dags/flight_fare_stages_2_to_7_dag.py    673  6.36s             0           1  33.31s          2026-03-02T11:37:38                       3
================================================================================
[2026-03-02T11:38:48.709+0000] {manager.py:997} INFO - 
================================================================================
DAG File Processing Stats

File Path                                           PID    Runtime      # DAGs    # Errors  Last Runtime    Last Run               Last # of DB Queries
--------------------------------------------------  -----  ---------  --------  ----------  --------------  -------------------  ----------------------
/opt/airflow/dags/flight_fare_stages_2_to_7_dag.py                           1           0  23.61s          2026-03-02T11:38:35                      32
================================================================================
[2026-03-02T11:39:18.964+0000] {manager.py:997} INFO - 
================================================================================
DAG File Processing Stats

File Path                                           PID    Runtime      # DAGs    # Errors  Last Runtime    Last Run               Last # of DB Queries
--------------------------------------------------  -----  ---------  --------  ----------  --------------  -------------------  ----------------------
/opt/airflow/dags/flight_fare_stages_2_to_7_dag.py                           1           0  11.10s          2026-03-02T11:39:16                      10
================================================================================
[2026-03-02T11:39:49.692+0000] {manager.py:997} INFO - 
================================================================================
DAG File Processing Stats

File Path                                             PID  Runtime      # DAGs    # Errors  Last Runtime    Last Run               Last # of DB Queries
--------------------------------------------------  -----  ---------  --------  ----------  --------------  -------------------  ----------------------
/opt/airflow/dags/flight_fare_stages_2_to_7_dag.py    701  2.30s             1           0  11.10s          2026-03-02T11:39:16                      10
================================================================================
[2026-03-02T11:40:19.730+0000] {manager.py:997} INFO - 
================================================================================
DAG File Processing Stats

File Path                                           PID    Runtime      # DAGs    # Errors  Last Runtime    Last Run               Last # of DB Queries
--------------------------------------------------  -----  ---------  --------  ----------  --------------  -------------------  ----------------------
/opt/airflow/dags/flight_fare_stages_2_to_7_dag.py                           1           0  20.34s          2026-03-02T11:40:07                      10
================================================================================
[2026-03-02T11:40:49.939+0000] {manager.py:997} INFO - 
================================================================================
DAG File Processing Stats

File Path                                           PID    Runtime      # DAGs    # Errors  Last Runtime    Last Run               Last # of DB Queries
--------------------------------------------------  -----  ---------  --------  ----------  --------------  -------------------  ----------------------
/opt/airflow/dags/flight_fare_stages_2_to_7_dag.py                           1           0  4.96s           2026-03-02T11:40:42                      10
================================================================================
[2026-03-02T11:41:19.947+0000] {manager.py:997} INFO - 
================================================================================
DAG File Processing Stats

File Path                                           PID    Runtime      # DAGs    # Errors  Last Runtime    Last Run               Last # of DB Queries
--------------------------------------------------  -----  ---------  --------  ----------  --------------  -------------------  ----------------------
/opt/airflow/dags/flight_fare_stages_2_to_7_dag.py                           1           0  3.80s           2026-03-02T11:41:16                      10
================================================================================
[2026-03-02T11:41:50.259+0000] {manager.py:997} INFO - 
================================================================================
DAG File Processing Stats

File Path                                             PID  Runtime      # DAGs    # Errors  Last Runtime    Last Run               Last # of DB Queries
--------------------------------------------------  -----  ---------  --------  ----------  --------------  -------------------  ----------------------
/opt/airflow/dags/flight_fare_stages_2_to_7_dag.py    743  3.08s             1           0  3.80s           2026-03-02T11:41:16                      10
================================================================================
[2026-03-02T11:42:02.742+0000] {manager.py:821} INFO - Searching for files in /opt/airflow/dags
[2026-03-02T11:42:02.775+0000] {manager.py:824} INFO - There are 1 files in /opt/airflow/dags
[2026-03-02T11:42:20.483+0000] {manager.py:997} INFO - 
================================================================================
DAG File Processing Stats

File Path                                           PID    Runtime      # DAGs    # Errors  Last Runtime    Last Run               Last # of DB Queries
--------------------------------------------------  -----  ---------  --------  ----------  --------------  -------------------  ----------------------
/opt/airflow/dags/flight_fare_stages_2_to_7_dag.py                           1           0  14.55s          2026-03-02T11:42:01                      10
================================================================================
[2026-03-02T11:42:50.727+0000] {manager.py:997} INFO - 
================================================================================
DAG File Processing Stats

File Path                                           PID    Runtime      # DAGs    # Errors  Last Runtime    Last Run               Last # of DB Queries
--------------------------------------------------  -----  ---------  --------  ----------  --------------  -------------------  ----------------------
/opt/airflow/dags/flight_fare_stages_2_to_7_dag.py                           1           0  2.97s           2026-03-02T11:42:35                      10
================================================================================
[2026-03-02T11:43:20.984+0000] {manager.py:997} INFO - 
================================================================================
DAG File Processing Stats

File Path                                           PID    Runtime      # DAGs    # Errors  Last Runtime    Last Run               Last # of DB Queries
--------------------------------------------------  -----  ---------  --------  ----------  --------------  -------------------  ----------------------
/opt/airflow/dags/flight_fare_stages_2_to_7_dag.py                           1           0  3.00s           2026-03-02T11:43:08                      10
================================================================================
[2026-03-02T11:43:51.617+0000] {manager.py:997} INFO - 
================================================================================
DAG File Processing Stats

File Path                                           PID    Runtime      # DAGs    # Errors  Last Runtime    Last Run               Last # of DB Queries
--------------------------------------------------  -----  ---------  --------  ----------  --------------  -------------------  ----------------------
/opt/airflow/dags/flight_fare_stages_2_to_7_dag.py                           1           0  3.20s           2026-03-02T11:43:41                      10
================================================================================
[2026-03-02T11:44:21.839+0000] {manager.py:997} INFO - 
================================================================================
DAG File Processing Stats

File Path                                           PID    Runtime      # DAGs    # Errors  Last Runtime    Last Run               Last # of DB Queries
--------------------------------------------------  -----  ---------  --------  ----------  --------------  -------------------  ----------------------
/opt/airflow/dags/flight_fare_stages_2_to_7_dag.py                           1           0  2.94s           2026-03-02T11:44:14                      10
================================================================================
[2026-03-02T11:44:52.242+0000] {manager.py:997} INFO - 
================================================================================
DAG File Processing Stats

File Path                                           PID    Runtime      # DAGs    # Errors  Last Runtime    Last Run               Last # of DB Queries
--------------------------------------------------  -----  ---------  --------  ----------  --------------  -------------------  ----------------------
/opt/airflow/dags/flight_fare_stages_2_to_7_dag.py                           1           0  3.67s           2026-03-02T11:44:48                      10
================================================================================
[2026-03-02T11:45:22.380+0000] {manager.py:997} INFO - 
================================================================================
DAG File Processing Stats

File Path                                             PID  Runtime      # DAGs    # Errors  Last Runtime    Last Run               Last # of DB Queries
--------------------------------------------------  -----  ---------  --------  ----------  --------------  -------------------  ----------------------
/opt/airflow/dags/flight_fare_stages_2_to_7_dag.py    827  3.37s             1           0  3.67s           2026-03-02T11:44:48                      10
================================================================================
[2026-03-02T11:45:52.419+0000] {manager.py:997} INFO - 
================================================================================
DAG File Processing Stats

File Path                                           PID    Runtime      # DAGs    # Errors  Last Runtime    Last Run               Last # of DB Queries
--------------------------------------------------  -----  ---------  --------  ----------  --------------  -------------------  ----------------------
/opt/airflow/dags/flight_fare_stages_2_to_7_dag.py                           1           0  4.18s           2026-03-02T11:45:23                      10
================================================================================
[2026-03-02T11:46:22.693+0000] {manager.py:997} INFO - 
================================================================================
DAG File Processing Stats

File Path                                           PID    Runtime      # DAGs    # Errors  Last Runtime    Last Run               Last # of DB Queries
--------------------------------------------------  -----  ---------  --------  ----------  --------------  -------------------  ----------------------
/opt/airflow/dags/flight_fare_stages_2_to_7_dag.py                           1           0  4.10s           2026-03-02T11:45:57                      10
================================================================================
[2026-03-02T11:46:53.040+0000] {manager.py:997} INFO - 
================================================================================
DAG File Processing Stats

File Path                                           PID    Runtime      # DAGs    # Errors  Last Runtime    Last Run               Last # of DB Queries
--------------------------------------------------  -----  ---------  --------  ----------  --------------  -------------------  ----------------------
/opt/airflow/dags/flight_fare_stages_2_to_7_dag.py                           1           0  5.42s           2026-03-02T11:46:33                      10
================================================================================
[2026-03-02T11:47:03.164+0000] {manager.py:821} INFO - Searching for files in /opt/airflow/dags
[2026-03-02T11:47:03.195+0000] {manager.py:824} INFO - There are 1 files in /opt/airflow/dags
[2026-03-02T11:47:23.141+0000] {manager.py:997} INFO - 
================================================================================
DAG File Processing Stats

File Path                                           PID    Runtime      # DAGs    # Errors  Last Runtime    Last Run               Last # of DB Queries
--------------------------------------------------  -----  ---------  --------  ----------  --------------  -------------------  ----------------------
/opt/airflow/dags/flight_fare_stages_2_to_7_dag.py                           1           0  5.78s           2026-03-02T11:47:09                      10
================================================================================
[2026-03-02T11:47:53.310+0000] {manager.py:997} INFO - 
================================================================================
DAG File Processing Stats

File Path                                           PID    Runtime      # DAGs    # Errors  Last Runtime    Last Run               Last # of DB Queries
--------------------------------------------------  -----  ---------  --------  ----------  --------------  -------------------  ----------------------
/opt/airflow/dags/flight_fare_stages_2_to_7_dag.py                           1           0  6.97s           2026-03-02T11:47:46                      10
================================================================================
[2026-03-02T11:48:23.578+0000] {manager.py:997} INFO - 
================================================================================
DAG File Processing Stats

File Path                                           PID    Runtime      # DAGs    # Errors  Last Runtime    Last Run               Last # of DB Queries
--------------------------------------------------  -----  ---------  --------  ----------  --------------  -------------------  ----------------------
/opt/airflow/dags/flight_fare_stages_2_to_7_dag.py                           1           0  5.07s           2026-03-02T11:48:21                      10
================================================================================
[2026-03-02T11:48:53.831+0000] {manager.py:997} INFO - 
================================================================================
DAG File Processing Stats

File Path                                             PID  Runtime      # DAGs    # Errors  Last Runtime    Last Run               Last # of DB Queries
--------------------------------------------------  -----  ---------  --------  ----------  --------------  -------------------  ----------------------
/opt/airflow/dags/flight_fare_stages_2_to_7_dag.py    911  2.03s             1           0  5.07s           2026-03-02T11:48:21                      10
================================================================================
[2026-03-02T11:49:24.146+0000] {manager.py:997} INFO - 
================================================================================
DAG File Processing Stats

File Path                                           PID    Runtime      # DAGs    # Errors  Last Runtime    Last Run               Last # of DB Queries
--------------------------------------------------  -----  ---------  --------  ----------  --------------  -------------------  ----------------------
/opt/airflow/dags/flight_fare_stages_2_to_7_dag.py                           1           0  4.34s           2026-03-02T11:48:56                      10
================================================================================
[2026-03-02T11:49:54.420+0000] {manager.py:997} INFO - 
================================================================================
DAG File Processing Stats

File Path                                           PID    Runtime      # DAGs    # Errors  Last Runtime    Last Run               Last # of DB Queries
--------------------------------------------------  -----  ---------  --------  ----------  --------------  -------------------  ----------------------
/opt/airflow/dags/flight_fare_stages_2_to_7_dag.py                           1           0  2.12s           2026-03-02T11:49:28                      10
================================================================================
[2026-03-02T11:50:25.030+0000] {manager.py:997} INFO - 
================================================================================
DAG File Processing Stats

File Path                                           PID    Runtime      # DAGs    # Errors  Last Runtime    Last Run               Last # of DB Queries
--------------------------------------------------  -----  ---------  --------  ----------  --------------  -------------------  ----------------------
/opt/airflow/dags/flight_fare_stages_2_to_7_dag.py                           1           0  7.37s           2026-03-02T11:50:05                      10
================================================================================
[2026-03-02T11:50:55.097+0000] {manager.py:997} INFO - 
================================================================================
DAG File Processing Stats

File Path                                           PID    Runtime      # DAGs    # Errors  Last Runtime    Last Run               Last # of DB Queries
--------------------------------------------------  -----  ---------  --------  ----------  --------------  -------------------  ----------------------
/opt/airflow/dags/flight_fare_stages_2_to_7_dag.py                           1           0  2.80s           2026-03-02T11:50:38                      10
================================================================================
[2026-03-02T11:51:25.132+0000] {manager.py:997} INFO - 
================================================================================
DAG File Processing Stats

File Path                                           PID    Runtime      # DAGs    # Errors  Last Runtime    Last Run               Last # of DB Queries
--------------------------------------------------  -----  ---------  --------  ----------  --------------  -------------------  ----------------------
/opt/airflow/dags/flight_fare_stages_2_to_7_dag.py                           1           0  2.80s           2026-03-02T11:51:12                      10
================================================================================
[2026-03-02T11:51:55.489+0000] {manager.py:997} INFO - 
================================================================================
DAG File Processing Stats

File Path                                           PID    Runtime      # DAGs    # Errors  Last Runtime    Last Run               Last # of DB Queries
--------------------------------------------------  -----  ---------  --------  ----------  --------------  -------------------  ----------------------
/opt/airflow/dags/flight_fare_stages_2_to_7_dag.py                           1           0  4.40s           2026-03-02T11:51:46                      10
================================================================================
[2026-03-02T11:52:03.543+0000] {manager.py:821} INFO - Searching for files in /opt/airflow/dags
[2026-03-02T11:52:03.575+0000] {manager.py:824} INFO - There are 1 files in /opt/airflow/dags
[2026-03-02T11:52:25.719+0000] {manager.py:997} INFO - 
================================================================================
DAG File Processing Stats

File Path                                           PID    Runtime      # DAGs    # Errors  Last Runtime    Last Run               Last # of DB Queries
--------------------------------------------------  -----  ---------  --------  ----------  --------------  -------------------  ----------------------
/opt/airflow/dags/flight_fare_stages_2_to_7_dag.py                           1           0  5.71s           2026-03-02T11:52:22                      10
================================================================================
[2026-03-02T11:52:56.284+0000] {manager.py:997} INFO - 
================================================================================
DAG File Processing Stats

File Path                                           PID    Runtime      # DAGs    # Errors  Last Runtime    Last Run               Last # of DB Queries
--------------------------------------------------  -----  ---------  --------  ----------  --------------  -------------------  ----------------------
/opt/airflow/dags/flight_fare_stages_2_to_7_dag.py                           1           0  2.75s           2026-03-02T11:52:55                      10
================================================================================
[2026-03-02T11:53:26.523+0000] {manager.py:997} INFO - 
================================================================================
DAG File Processing Stats

File Path                                             PID  Runtime      # DAGs    # Errors  Last Runtime    Last Run               Last # of DB Queries
--------------------------------------------------  -----  ---------  --------  ----------  --------------  -------------------  ----------------------
/opt/airflow/dags/flight_fare_stages_2_to_7_dag.py   1023  0.56s             1           0  2.75s           2026-03-02T11:52:55                      10
================================================================================
[2026-03-02T11:53:57.278+0000] {manager.py:997} INFO - 
================================================================================
DAG File Processing Stats

File Path                                           PID    Runtime      # DAGs    # Errors  Last Runtime    Last Run               Last # of DB Queries
--------------------------------------------------  -----  ---------  --------  ----------  --------------  -------------------  ----------------------
/opt/airflow/dags/flight_fare_stages_2_to_7_dag.py                           1           0  6.24s           2026-03-02T11:53:32                      10
================================================================================
[2026-03-02T11:54:27.361+0000] {manager.py:997} INFO - 
================================================================================
DAG File Processing Stats

File Path                                           PID    Runtime      # DAGs    # Errors  Last Runtime    Last Run               Last # of DB Queries
--------------------------------------------------  -----  ---------  --------  ----------  --------------  -------------------  ----------------------
/opt/airflow/dags/flight_fare_stages_2_to_7_dag.py                           1           0  11.08s          2026-03-02T11:54:15                      10
================================================================================
[2026-03-02T11:54:57.701+0000] {manager.py:997} INFO - 
================================================================================
DAG File Processing Stats

File Path                                           PID    Runtime      # DAGs    # Errors  Last Runtime    Last Run               Last # of DB Queries
--------------------------------------------------  -----  ---------  --------  ----------  --------------  -------------------  ----------------------
/opt/airflow/dags/flight_fare_stages_2_to_7_dag.py                           1           0  3.23s           2026-03-02T11:54:48                      10
================================================================================
[2026-03-02T11:55:28.049+0000] {manager.py:997} INFO - 
================================================================================
DAG File Processing Stats

File Path                                           PID    Runtime      # DAGs    # Errors  Last Runtime    Last Run               Last # of DB Queries
--------------------------------------------------  -----  ---------  --------  ----------  --------------  -------------------  ----------------------
/opt/airflow/dags/flight_fare_stages_2_to_7_dag.py                           1           0  4.19s           2026-03-02T11:55:23                      10
================================================================================
[2026-03-02T11:55:58.339+0000] {manager.py:997} INFO - 
================================================================================
DAG File Processing Stats

File Path                                           PID    Runtime      # DAGs    # Errors  Last Runtime    Last Run               Last # of DB Queries
--------------------------------------------------  -----  ---------  --------  ----------  --------------  -------------------  ----------------------
/opt/airflow/dags/flight_fare_stages_2_to_7_dag.py                           1           0  3.60s           2026-03-02T11:55:56                      10
================================================================================
[2026-03-02T11:56:28.581+0000] {manager.py:997} INFO - 
================================================================================
DAG File Processing Stats

File Path                                             PID  Runtime      # DAGs    # Errors  Last Runtime    Last Run               Last # of DB Queries
--------------------------------------------------  -----  ---------  --------  ----------  --------------  -------------------  ----------------------
/opt/airflow/dags/flight_fare_stages_2_to_7_dag.py   1093  1.46s             1           0  3.60s           2026-03-02T11:55:56                      10
================================================================================
[2026-03-02T11:56:58.851+0000] {manager.py:997} INFO - 
================================================================================
DAG File Processing Stats

File Path                                           PID    Runtime      # DAGs    # Errors  Last Runtime    Last Run               Last # of DB Queries
--------------------------------------------------  -----  ---------  --------  ----------  --------------  -------------------  ----------------------
/opt/airflow/dags/flight_fare_stages_2_to_7_dag.py                           1           0  3.66s           2026-03-02T11:56:30                      10
================================================================================
[2026-03-02T11:57:04.018+0000] {manager.py:821} INFO - Searching for files in /opt/airflow/dags
[2026-03-02T11:57:04.061+0000] {manager.py:824} INFO - There are 1 files in /opt/airflow/dags
[2026-03-02T11:57:29.337+0000] {manager.py:997} INFO - 
================================================================================
DAG File Processing Stats

File Path                                           PID    Runtime      # DAGs    # Errors  Last Runtime    Last Run               Last # of DB Queries
--------------------------------------------------  -----  ---------  --------  ----------  --------------  -------------------  ----------------------
/opt/airflow/dags/flight_fare_stages_2_to_7_dag.py                           1           0  10.46s          2026-03-02T11:57:11                      10
================================================================================
[2026-03-02T11:57:59.804+0000] {manager.py:997} INFO - 
================================================================================
DAG File Processing Stats

File Path                                           PID    Runtime      # DAGs    # Errors  Last Runtime    Last Run               Last # of DB Queries
--------------------------------------------------  -----  ---------  --------  ----------  --------------  -------------------  ----------------------
/opt/airflow/dags/flight_fare_stages_2_to_7_dag.py                           1           0  11.53s          2026-03-02T11:57:53                      10
================================================================================
[2026-03-02T11:58:30.094+0000] {manager.py:997} INFO - 
================================================================================
DAG File Processing Stats

File Path                                             PID  Runtime      # DAGs    # Errors  Last Runtime    Last Run               Last # of DB Queries
--------------------------------------------------  -----  ---------  --------  ----------  --------------  -------------------  ----------------------
/opt/airflow/dags/flight_fare_stages_2_to_7_dag.py   1135  6.70s             1           0  11.53s          2026-03-02T11:57:53                      10
================================================================================
[2026-03-02T11:59:00.345+0000] {manager.py:997} INFO - 
================================================================================
DAG File Processing Stats

File Path                                           PID    Runtime      # DAGs    # Errors  Last Runtime    Last Run               Last # of DB Queries
--------------------------------------------------  -----  ---------  --------  ----------  --------------  -------------------  ----------------------
/opt/airflow/dags/flight_fare_stages_2_to_7_dag.py                           1           0  10.99s          2026-03-02T11:58:34                      10
================================================================================
[2026-03-02T11:59:30.824+0000] {manager.py:997} INFO - 
================================================================================
DAG File Processing Stats

File Path                                           PID    Runtime      # DAGs    # Errors  Last Runtime    Last Run               Last # of DB Queries
--------------------------------------------------  -----  ---------  --------  ----------  --------------  -------------------  ----------------------
/opt/airflow/dags/flight_fare_stages_2_to_7_dag.py                           1           0  3.33s           2026-03-02T11:59:07                      10
================================================================================
[2026-03-02T12:00:01.155+0000] {manager.py:997} INFO - 
================================================================================
DAG File Processing Stats

File Path                                           PID    Runtime      # DAGs    # Errors  Last Runtime    Last Run               Last # of DB Queries
--------------------------------------------------  -----  ---------  --------  ----------  --------------  -------------------  ----------------------
/opt/airflow/dags/flight_fare_stages_2_to_7_dag.py                           1           0  2.59s           2026-03-02T11:59:40                      10
================================================================================
[2026-03-02T12:00:31.406+0000] {manager.py:997} INFO - 
================================================================================
DAG File Processing Stats

File Path                                           PID    Runtime      # DAGs    # Errors  Last Runtime    Last Run               Last # of DB Queries
--------------------------------------------------  -----  ---------  --------  ----------  --------------  -------------------  ----------------------
/opt/airflow/dags/flight_fare_stages_2_to_7_dag.py                           1           0  2.70s           2026-03-02T12:00:13                      10
================================================================================
[2026-03-02T12:01:01.655+0000] {manager.py:997} INFO - 
================================================================================
DAG File Processing Stats

File Path                                           PID    Runtime      # DAGs    # Errors  Last Runtime    Last Run               Last # of DB Queries
--------------------------------------------------  -----  ---------  --------  ----------  --------------  -------------------  ----------------------
/opt/airflow/dags/flight_fare_stages_2_to_7_dag.py                           1           0  2.91s           2026-03-02T12:00:46                      10
================================================================================
[2026-03-02T12:01:32.080+0000] {manager.py:997} INFO - 
================================================================================
DAG File Processing Stats

File Path                                           PID    Runtime      # DAGs    # Errors  Last Runtime    Last Run               Last # of DB Queries
--------------------------------------------------  -----  ---------  --------  ----------  --------------  -------------------  ----------------------
/opt/airflow/dags/flight_fare_stages_2_to_7_dag.py                           1           0  12.24s          2026-03-02T12:01:29                      10
================================================================================
[2026-03-02T12:02:02.736+0000] {manager.py:997} INFO - 
================================================================================
DAG File Processing Stats

File Path                                             PID  Runtime      # DAGs    # Errors  Last Runtime    Last Run               Last # of DB Queries
--------------------------------------------------  -----  ---------  --------  ----------  --------------  -------------------  ----------------------
/opt/airflow/dags/flight_fare_stages_2_to_7_dag.py   1219  3.31s             1           0  12.24s          2026-03-02T12:01:29                      10
================================================================================
[2026-03-02T12:02:04.754+0000] {manager.py:821} INFO - Searching for files in /opt/airflow/dags
[2026-03-02T12:02:04.783+0000] {manager.py:824} INFO - There are 1 files in /opt/airflow/dags
[2026-03-02T12:02:32.888+0000] {manager.py:997} INFO - 
================================================================================
DAG File Processing Stats

File Path                                           PID    Runtime      # DAGs    # Errors  Last Runtime    Last Run               Last # of DB Queries
--------------------------------------------------  -----  ---------  --------  ----------  --------------  -------------------  ----------------------
/opt/airflow/dags/flight_fare_stages_2_to_7_dag.py                           1           0  13.29s          2026-03-02T12:02:12                      10
================================================================================
[2026-03-02T12:03:03.332+0000] {manager.py:997} INFO - 
================================================================================
DAG File Processing Stats

File Path                                           PID    Runtime      # DAGs    # Errors  Last Runtime    Last Run               Last # of DB Queries
--------------------------------------------------  -----  ---------  --------  ----------  --------------  -------------------  ----------------------
/opt/airflow/dags/flight_fare_stages_2_to_7_dag.py                           1           0  8.69s           2026-03-02T12:02:51                      10
================================================================================
[2026-03-02T12:03:33.616+0000] {manager.py:997} INFO - 
================================================================================
DAG File Processing Stats

File Path                                           PID    Runtime      # DAGs    # Errors  Last Runtime    Last Run               Last # of DB Queries
--------------------------------------------------  -----  ---------  --------  ----------  --------------  -------------------  ----------------------
/opt/airflow/dags/flight_fare_stages_2_to_7_dag.py                           1           0  9.95s           2026-03-02T12:03:31                      10
================================================================================
[2026-03-02T12:04:03.896+0000] {manager.py:997} INFO - 
================================================================================
DAG File Processing Stats

File Path                                             PID  Runtime      # DAGs    # Errors  Last Runtime    Last Run               Last # of DB Queries
--------------------------------------------------  -----  ---------  --------  ----------  --------------  -------------------  ----------------------
/opt/airflow/dags/flight_fare_stages_2_to_7_dag.py   1261  1.69s             1           0  9.95s           2026-03-02T12:03:31                      10
================================================================================
[2026-03-02T12:04:34.172+0000] {manager.py:997} INFO - 
================================================================================
DAG File Processing Stats

File Path                                           PID    Runtime      # DAGs    # Errors  Last Runtime    Last Run               Last # of DB Queries
--------------------------------------------------  -----  ---------  --------  ----------  --------------  -------------------  ----------------------
/opt/airflow/dags/flight_fare_stages_2_to_7_dag.py                           1           0  8.78s           2026-03-02T12:04:10                      10
================================================================================
[2026-03-02T12:05:04.238+0000] {manager.py:997} INFO - 
================================================================================
DAG File Processing Stats

File Path                                           PID    Runtime      # DAGs    # Errors  Last Runtime    Last Run               Last # of DB Queries
--------------------------------------------------  -----  ---------  --------  ----------  --------------  -------------------  ----------------------
/opt/airflow/dags/flight_fare_stages_2_to_7_dag.py                           1           0  12.88s          2026-03-02T12:04:54                      10
================================================================================
[2026-03-02T12:05:34.472+0000] {manager.py:997} INFO - 
================================================================================
DAG File Processing Stats

File Path                                           PID    Runtime      # DAGs    # Errors  Last Runtime    Last Run               Last # of DB Queries
--------------------------------------------------  -----  ---------  --------  ----------  --------------  -------------------  ----------------------
/opt/airflow/dags/flight_fare_stages_2_to_7_dag.py                           1           0  3.86s           2026-03-02T12:05:28                      10
================================================================================
[2026-03-02T12:06:05.063+0000] {manager.py:997} INFO - 
================================================================================
DAG File Processing Stats

File Path                                             PID  Runtime      # DAGs    # Errors  Last Runtime    Last Run               Last # of DB Queries
--------------------------------------------------  -----  ---------  --------  ----------  --------------  -------------------  ----------------------
/opt/airflow/dags/flight_fare_stages_2_to_7_dag.py   1303  6.32s             1           0  3.86s           2026-03-02T12:05:28                      10
================================================================================
[2026-03-02T12:06:35.605+0000] {manager.py:997} INFO - 
================================================================================
DAG File Processing Stats

File Path                                           PID    Runtime      # DAGs    # Errors  Last Runtime    Last Run               Last # of DB Queries
--------------------------------------------------  -----  ---------  --------  ----------  --------------  -------------------  ----------------------
/opt/airflow/dags/flight_fare_stages_2_to_7_dag.py                           1           0  12.95s          2026-03-02T12:06:11                      10
================================================================================
[2026-03-02T12:07:05.413+0000] {manager.py:821} INFO - Searching for files in /opt/airflow/dags
[2026-03-02T12:07:05.442+0000] {manager.py:824} INFO - There are 1 files in /opt/airflow/dags
[2026-03-02T12:07:06.475+0000] {manager.py:997} INFO - 
================================================================================
DAG File Processing Stats

File Path                                           PID    Runtime      # DAGs    # Errors  Last Runtime    Last Run               Last # of DB Queries
--------------------------------------------------  -----  ---------  --------  ----------  --------------  -------------------  ----------------------
/opt/airflow/dags/flight_fare_stages_2_to_7_dag.py                           1           0  3.11s           2026-03-02T12:06:45                      10
================================================================================
[2026-03-02T12:07:36.622+0000] {manager.py:997} INFO - 
================================================================================
DAG File Processing Stats

File Path                                           PID    Runtime      # DAGs    # Errors  Last Runtime    Last Run               Last # of DB Queries
--------------------------------------------------  -----  ---------  --------  ----------  --------------  -------------------  ----------------------
/opt/airflow/dags/flight_fare_stages_2_to_7_dag.py                           1           0  2.91s           2026-03-02T12:07:18                      10
================================================================================
[2026-03-02T12:08:07.078+0000] {manager.py:997} INFO - 
================================================================================
DAG File Processing Stats

File Path                                           PID    Runtime      # DAGs    # Errors  Last Runtime    Last Run               Last # of DB Queries
--------------------------------------------------  -----  ---------  --------  ----------  --------------  -------------------  ----------------------
/opt/airflow/dags/flight_fare_stages_2_to_7_dag.py                           1           0  6.12s           2026-03-02T12:07:54                      10
================================================================================
[2026-03-02T12:08:37.374+0000] {manager.py:997} INFO - 
================================================================================
DAG File Processing Stats

File Path                                           PID    Runtime      # DAGs    # Errors  Last Runtime    Last Run               Last # of DB Queries
--------------------------------------------------  -----  ---------  --------  ----------  --------------  -------------------  ----------------------
/opt/airflow/dags/flight_fare_stages_2_to_7_dag.py                           1           0  4.13s           2026-03-02T12:08:29                      10
================================================================================
[2026-03-02T12:09:07.713+0000] {manager.py:997} INFO - 
================================================================================
DAG File Processing Stats

File Path                                           PID    Runtime      # DAGs    # Errors  Last Runtime    Last Run               Last # of DB Queries
--------------------------------------------------  -----  ---------  --------  ----------  --------------  -------------------  ----------------------
/opt/airflow/dags/flight_fare_stages_2_to_7_dag.py                           1           0  4.45s           2026-03-02T12:09:04                      10
================================================================================
[2026-03-02T12:09:37.971+0000] {manager.py:997} INFO - 
================================================================================
DAG File Processing Stats

File Path                                             PID  Runtime      # DAGs    # Errors  Last Runtime    Last Run               Last # of DB Queries
--------------------------------------------------  -----  ---------  --------  ----------  --------------  -------------------  ----------------------
/opt/airflow/dags/flight_fare_stages_2_to_7_dag.py   1387  3.68s             1           0  4.45s           2026-03-02T12:09:04                      10
================================================================================
[2026-03-02T12:10:07.992+0000] {manager.py:997} INFO - 
================================================================================
DAG File Processing Stats

File Path                                           PID    Runtime      # DAGs    # Errors  Last Runtime    Last Run               Last # of DB Queries
--------------------------------------------------  -----  ---------  --------  ----------  --------------  -------------------  ----------------------
/opt/airflow/dags/flight_fare_stages_2_to_7_dag.py                           1           0  11.32s          2026-03-02T12:09:45                      10
================================================================================
[2026-03-02T12:10:38.224+0000] {manager.py:997} INFO - 
================================================================================
DAG File Processing Stats

File Path                                           PID    Runtime      # DAGs    # Errors  Last Runtime    Last Run               Last # of DB Queries
--------------------------------------------------  -----  ---------  --------  ----------  --------------  -------------------  ----------------------
/opt/airflow/dags/flight_fare_stages_2_to_7_dag.py                           1           0  5.69s           2026-03-02T12:10:21                      10
================================================================================
[2026-03-02T12:11:08.269+0000] {manager.py:997} INFO - 
================================================================================
DAG File Processing Stats

File Path                                           PID    Runtime      # DAGs    # Errors  Last Runtime    Last Run               Last # of DB Queries
--------------------------------------------------  -----  ---------  --------  ----------  --------------  -------------------  ----------------------
/opt/airflow/dags/flight_fare_stages_2_to_7_dag.py                           1           0  13.60s          2026-03-02T12:11:05                      10
================================================================================
[2026-03-02T12:11:38.580+0000] {manager.py:997} INFO - 
================================================================================
DAG File Processing Stats

File Path                                             PID  Runtime      # DAGs    # Errors  Last Runtime    Last Run               Last # of DB Queries
--------------------------------------------------  -----  ---------  --------  ----------  --------------  -------------------  ----------------------
/opt/airflow/dags/flight_fare_stages_2_to_7_dag.py   1429  3.05s             1           0  13.60s          2026-03-02T12:11:05                      10
================================================================================
[2026-03-02T12:12:05.825+0000] {manager.py:821} INFO - Searching for files in /opt/airflow/dags
[2026-03-02T12:12:05.895+0000] {manager.py:824} INFO - There are 1 files in /opt/airflow/dags
[2026-03-02T12:12:09.006+0000] {manager.py:997} INFO - 
================================================================================
DAG File Processing Stats

File Path                                           PID    Runtime      # DAGs    # Errors  Last Runtime    Last Run               Last # of DB Queries
--------------------------------------------------  -----  ---------  --------  ----------  --------------  -------------------  ----------------------
/opt/airflow/dags/flight_fare_stages_2_to_7_dag.py                           1           0  6.11s           2026-03-02T12:11:41                      10
================================================================================
[2026-03-02T12:12:39.388+0000] {manager.py:997} INFO - 
================================================================================
DAG File Processing Stats

File Path                                           PID    Runtime      # DAGs    # Errors  Last Runtime    Last Run               Last # of DB Queries
--------------------------------------------------  -----  ---------  --------  ----------  --------------  -------------------  ----------------------
/opt/airflow/dags/flight_fare_stages_2_to_7_dag.py                           1           0  9.67s           2026-03-02T12:12:21                      10
================================================================================
[2026-03-02T12:13:09.723+0000] {manager.py:997} INFO - 
================================================================================
DAG File Processing Stats

File Path                                           PID    Runtime      # DAGs    # Errors  Last Runtime    Last Run               Last # of DB Queries
--------------------------------------------------  -----  ---------  --------  ----------  --------------  -------------------  ----------------------
/opt/airflow/dags/flight_fare_stages_2_to_7_dag.py                           1           0  14.58s          2026-03-02T12:13:06                      10
================================================================================
[2026-03-02T12:13:40.016+0000] {manager.py:997} INFO - 
================================================================================
DAG File Processing Stats

File Path                                             PID  Runtime      # DAGs    # Errors  Last Runtime    Last Run               Last # of DB Queries
--------------------------------------------------  -----  ---------  --------  ----------  --------------  -------------------  ----------------------
/opt/airflow/dags/flight_fare_stages_2_to_7_dag.py   1471  3.18s             1           0  14.58s          2026-03-02T12:13:06                      10
================================================================================
[2026-03-02T12:14:10.320+0000] {manager.py:997} INFO - 
================================================================================
DAG File Processing Stats

File Path                                           PID    Runtime      # DAGs    # Errors  Last Runtime    Last Run               Last # of DB Queries
--------------------------------------------------  -----  ---------  --------  ----------  --------------  -------------------  ----------------------
/opt/airflow/dags/flight_fare_stages_2_to_7_dag.py                           1           0  10.32s          2026-03-02T12:13:47                      10
================================================================================
[2026-03-02T12:14:40.946+0000] {manager.py:997} INFO - 
================================================================================
DAG File Processing Stats

File Path                                           PID    Runtime      # DAGs    # Errors  Last Runtime    Last Run               Last # of DB Queries
--------------------------------------------------  -----  ---------  --------  ----------  --------------  -------------------  ----------------------
/opt/airflow/dags/flight_fare_stages_2_to_7_dag.py                           1           0  13.32s          2026-03-02T12:14:30                      10
================================================================================
[2026-03-02T12:15:12.067+0000] {manager.py:997} INFO - 
================================================================================
DAG File Processing Stats

File Path                                             PID  Runtime      # DAGs    # Errors  Last Runtime    Last Run               Last # of DB Queries
--------------------------------------------------  -----  ---------  --------  ----------  --------------  -------------------  ----------------------
/opt/airflow/dags/flight_fare_stages_2_to_7_dag.py   1499  10.66s            1           0  13.32s          2026-03-02T12:14:30                      10
================================================================================
[2026-03-02T12:15:42.871+0000] {manager.py:997} INFO - 
================================================================================
DAG File Processing Stats

File Path                                           PID    Runtime      # DAGs    # Errors  Last Runtime    Last Run               Last # of DB Queries
--------------------------------------------------  -----  ---------  --------  ----------  --------------  -------------------  ----------------------
/opt/airflow/dags/flight_fare_stages_2_to_7_dag.py                           1           0  16.99s          2026-03-02T12:15:18                      10
================================================================================
[2026-03-02T12:16:13.124+0000] {manager.py:997} INFO - 
================================================================================
DAG File Processing Stats

File Path                                           PID    Runtime      # DAGs    # Errors  Last Runtime    Last Run               Last # of DB Queries
--------------------------------------------------  -----  ---------  --------  ----------  --------------  -------------------  ----------------------
/opt/airflow/dags/flight_fare_stages_2_to_7_dag.py                           1           0  7.94s           2026-03-02T12:15:56                      10
================================================================================
[2026-03-02T12:16:43.352+0000] {manager.py:997} INFO - 
================================================================================
DAG File Processing Stats

File Path                                           PID    Runtime      # DAGs    # Errors  Last Runtime    Last Run               Last # of DB Queries
--------------------------------------------------  -----  ---------  --------  ----------  --------------  -------------------  ----------------------
/opt/airflow/dags/flight_fare_stages_2_to_7_dag.py                           1           0  6.97s           2026-03-02T12:16:34                      10
================================================================================
[2026-03-02T12:17:06.572+0000] {manager.py:821} INFO - Searching for files in /opt/airflow/dags
[2026-03-02T12:17:06.610+0000] {manager.py:824} INFO - There are 1 files in /opt/airflow/dags
[2026-03-02T12:17:13.473+0000] {manager.py:997} INFO - 
================================================================================
DAG File Processing Stats

File Path                                           PID    Runtime      # DAGs    # Errors  Last Runtime    Last Run               Last # of DB Queries
--------------------------------------------------  -----  ---------  --------  ----------  --------------  -------------------  ----------------------
/opt/airflow/dags/flight_fare_stages_2_to_7_dag.py                           1           0  2.87s           2026-03-02T12:17:07                      10
================================================================================
[2026-03-02T12:17:44.147+0000] {manager.py:997} INFO - 
================================================================================
DAG File Processing Stats

File Path                                           PID    Runtime      # DAGs    # Errors  Last Runtime    Last Run               Last # of DB Queries
--------------------------------------------------  -----  ---------  --------  ----------  --------------  -------------------  ----------------------
/opt/airflow/dags/flight_fare_stages_2_to_7_dag.py                           1           0  4.55s           2026-03-02T12:17:42                      10
================================================================================
[2026-03-02T12:18:14.467+0000] {manager.py:997} INFO - 
================================================================================
DAG File Processing Stats

File Path                                             PID  Runtime      # DAGs    # Errors  Last Runtime    Last Run               Last # of DB Queries
--------------------------------------------------  -----  ---------  --------  ----------  --------------  -------------------  ----------------------
/opt/airflow/dags/flight_fare_stages_2_to_7_dag.py   1569  2.03s             1           0  4.55s           2026-03-02T12:17:42                      10
================================================================================
[2026-03-02T12:18:44.713+0000] {manager.py:997} INFO - 
================================================================================
DAG File Processing Stats

File Path                                           PID    Runtime      # DAGs    # Errors  Last Runtime    Last Run               Last # of DB Queries
--------------------------------------------------  -----  ---------  --------  ----------  --------------  -------------------  ----------------------
/opt/airflow/dags/flight_fare_stages_2_to_7_dag.py                           1           0  4.03s           2026-03-02T12:18:16                      10
================================================================================
[2026-03-02T12:19:15.069+0000] {manager.py:997} INFO - 
================================================================================
DAG File Processing Stats

File Path                                           PID    Runtime      # DAGs    # Errors  Last Runtime    Last Run               Last # of DB Queries
--------------------------------------------------  -----  ---------  --------  ----------  --------------  -------------------  ----------------------
/opt/airflow/dags/flight_fare_stages_2_to_7_dag.py                           1           0  5.62s           2026-03-02T12:18:52                      10
================================================================================
[2026-03-02T12:19:45.312+0000] {manager.py:997} INFO - 
================================================================================
DAG File Processing Stats

File Path                                           PID    Runtime      # DAGs    # Errors  Last Runtime    Last Run               Last # of DB Queries
--------------------------------------------------  -----  ---------  --------  ----------  --------------  -------------------  ----------------------
/opt/airflow/dags/flight_fare_stages_2_to_7_dag.py                           1           0  2.73s           2026-03-02T12:19:25                      10
================================================================================
[2026-03-02T12:20:15.860+0000] {manager.py:997} INFO - 
================================================================================
DAG File Processing Stats

File Path                                           PID    Runtime      # DAGs    # Errors  Last Runtime    Last Run               Last # of DB Queries
--------------------------------------------------  -----  ---------  --------  ----------  --------------  -------------------  ----------------------
/opt/airflow/dags/flight_fare_stages_2_to_7_dag.py                           1           0  9.49s           2026-03-02T12:20:04                      10
================================================================================
[2026-03-02T12:20:46.281+0000] {manager.py:997} INFO - 
================================================================================
DAG File Processing Stats

File Path                                           PID    Runtime      # DAGs    # Errors  Last Runtime    Last Run               Last # of DB Queries
--------------------------------------------------  -----  ---------  --------  ----------  --------------  -------------------  ----------------------
/opt/airflow/dags/flight_fare_stages_2_to_7_dag.py                           1           0  4.14s           2026-03-02T12:20:39                      10
================================================================================
[2026-03-02T12:21:16.539+0000] {manager.py:997} INFO - 
================================================================================
DAG File Processing Stats

File Path                                           PID    Runtime      # DAGs    # Errors  Last Runtime    Last Run               Last # of DB Queries
--------------------------------------------------  -----  ---------  --------  ----------  --------------  -------------------  ----------------------
/opt/airflow/dags/flight_fare_stages_2_to_7_dag.py                           1           0  2.63s           2026-03-02T12:21:12                      10
================================================================================
[2026-03-02T12:21:46.584+0000] {manager.py:997} INFO - 
================================================================================
DAG File Processing Stats

File Path                                             PID  Runtime      # DAGs    # Errors  Last Runtime    Last Run               Last # of DB Queries
--------------------------------------------------  -----  ---------  --------  ----------  --------------  -------------------  ----------------------
/opt/airflow/dags/flight_fare_stages_2_to_7_dag.py   1653  4.04s             1           0  2.63s           2026-03-02T12:21:12                      10
================================================================================
[2026-03-02T12:22:06.999+0000] {manager.py:821} INFO - Searching for files in /opt/airflow/dags
[2026-03-02T12:22:07.031+0000] {manager.py:824} INFO - There are 1 files in /opt/airflow/dags
[2026-03-02T12:22:17.129+0000] {manager.py:997} INFO - 
================================================================================
DAG File Processing Stats

File Path                                           PID    Runtime      # DAGs    # Errors  Last Runtime    Last Run               Last # of DB Queries
--------------------------------------------------  -----  ---------  --------  ----------  --------------  -------------------  ----------------------
/opt/airflow/dags/flight_fare_stages_2_to_7_dag.py                           1           0  4.62s           2026-03-02T12:21:47                      10
================================================================================
[2026-03-02T12:22:47.723+0000] {manager.py:997} INFO - 
================================================================================
DAG File Processing Stats

File Path                                           PID    Runtime      # DAGs    # Errors  Last Runtime    Last Run               Last # of DB Queries
--------------------------------------------------  -----  ---------  --------  ----------  --------------  -------------------  ----------------------
/opt/airflow/dags/flight_fare_stages_2_to_7_dag.py                           1           0  3.19s           2026-03-02T12:22:20                      10
================================================================================
[2026-03-02T12:23:18.098+0000] {manager.py:997} INFO - 
================================================================================
DAG File Processing Stats

File Path                                           PID    Runtime      # DAGs    # Errors  Last Runtime    Last Run               Last # of DB Queries
--------------------------------------------------  -----  ---------  --------  ----------  --------------  -------------------  ----------------------
/opt/airflow/dags/flight_fare_stages_2_to_7_dag.py                           1           0  2.27s           2026-03-02T12:22:53                      10
================================================================================
[2026-03-02T12:23:48.385+0000] {manager.py:997} INFO - 
================================================================================
DAG File Processing Stats

File Path                                           PID    Runtime      # DAGs    # Errors  Last Runtime    Last Run               Last # of DB Queries
--------------------------------------------------  -----  ---------  --------  ----------  --------------  -------------------  ----------------------
/opt/airflow/dags/flight_fare_stages_2_to_7_dag.py                           1           0  2.97s           2026-03-02T12:23:26                      10
================================================================================
[2026-03-02T12:24:18.739+0000] {manager.py:997} INFO - 
================================================================================
DAG File Processing Stats

File Path                                           PID    Runtime      # DAGs    # Errors  Last Runtime    Last Run               Last # of DB Queries
--------------------------------------------------  -----  ---------  --------  ----------  --------------  -------------------  ----------------------
/opt/airflow/dags/flight_fare_stages_2_to_7_dag.py                           1           0  3.21s           2026-03-02T12:23:59                      10
================================================================================
[2026-03-02T12:24:49.119+0000] {manager.py:997} INFO - 
================================================================================
DAG File Processing Stats

File Path                                           PID    Runtime      # DAGs    # Errors  Last Runtime    Last Run               Last # of DB Queries
--------------------------------------------------  -----  ---------  --------  ----------  --------------  -------------------  ----------------------
/opt/airflow/dags/flight_fare_stages_2_to_7_dag.py                           1           0  4.64s           2026-03-02T12:24:34                      10
================================================================================
[2026-03-02T12:25:19.383+0000] {manager.py:997} INFO - 
================================================================================
DAG File Processing Stats

File Path                                           PID    Runtime      # DAGs    # Errors  Last Runtime    Last Run               Last # of DB Queries
--------------------------------------------------  -----  ---------  --------  ----------  --------------  -------------------  ----------------------
/opt/airflow/dags/flight_fare_stages_2_to_7_dag.py                           1           0  2.87s           2026-03-02T12:25:07                      10
================================================================================
[2026-03-02T12:48:00.602+0000] {manager.py:997} INFO - 
================================================================================
DAG File Processing Stats

File Path                                           PID    Runtime      # DAGs    # Errors  Last Runtime    Last Run               Last # of DB Queries
--------------------------------------------------  -----  ---------  --------  ----------  --------------  -------------------  ----------------------
/opt/airflow/dags/flight_fare_stages_2_to_7_dag.py                           1           0  6.21s           2026-03-02T12:25:44                      10
================================================================================
[2026-03-02T12:48:00.825+0000] {manager.py:821} INFO - Searching for files in /opt/airflow/dags
[2026-03-02T12:48:01.504+0000] {manager.py:824} INFO - There are 1 files in /opt/airflow/dags
[2026-03-02T13:07:43.804+0000] {manager.py:821} INFO - Searching for files in /opt/airflow/dags
[2026-03-02T13:07:43.925+0000] {manager.py:824} INFO - There are 1 files in /opt/airflow/dags
[2026-03-02T13:07:43.963+0000] {manager.py:1366} ERROR - Processor for /opt/airflow/dags/flight_fare_stages_2_to_7_dag.py with PID 1765 started at 2026-03-02T12:48:01.714134+00:00 has timed out, killing it.
[2026-03-02T13:08:12.532+0000] {manager.py:997} INFO - 
================================================================================
DAG File Processing Stats

File Path                                           PID    Runtime      # DAGs    # Errors  Last Runtime    Last Run               Last # of DB Queries
--------------------------------------------------  -----  ---------  --------  ----------  --------------  -------------------  ----------------------
/opt/airflow/dags/flight_fare_stages_2_to_7_dag.py                           0           1  1182.25s        2026-03-02T13:07:43                       0
================================================================================
[2026-03-02T13:08:42.981+0000] {manager.py:997} INFO - 
================================================================================
DAG File Processing Stats

File Path                                           PID    Runtime      # DAGs    # Errors  Last Runtime    Last Run               Last # of DB Queries
--------------------------------------------------  -----  ---------  --------  ----------  --------------  -------------------  ----------------------
/opt/airflow/dags/flight_fare_stages_2_to_7_dag.py                           1           0  11.75s          2026-03-02T13:08:26                      10
================================================================================
[2026-03-02T13:09:13.232+0000] {manager.py:997} INFO - 
================================================================================
DAG File Processing Stats

File Path                                           PID    Runtime      # DAGs    # Errors  Last Runtime    Last Run               Last # of DB Queries
--------------------------------------------------  -----  ---------  --------  ----------  --------------  -------------------  ----------------------
/opt/airflow/dags/flight_fare_stages_2_to_7_dag.py                           1           0  3.50s           2026-03-02T13:09:00                      10
================================================================================
[2026-03-02T13:09:43.502+0000] {manager.py:997} INFO - 
================================================================================
DAG File Processing Stats

File Path                                           PID    Runtime      # DAGs    # Errors  Last Runtime    Last Run               Last # of DB Queries
--------------------------------------------------  -----  ---------  --------  ----------  --------------  -------------------  ----------------------
/opt/airflow/dags/flight_fare_stages_2_to_7_dag.py                           1           0  3.00s           2026-03-02T13:09:33                      10
================================================================================
[2026-03-02T13:10:13.796+0000] {manager.py:997} INFO - 
================================================================================
DAG File Processing Stats

File Path                                           PID    Runtime      # DAGs    # Errors  Last Runtime    Last Run               Last # of DB Queries
--------------------------------------------------  -----  ---------  --------  ----------  --------------  -------------------  ----------------------
/opt/airflow/dags/flight_fare_stages_2_to_7_dag.py                           1           0  2.68s           2026-03-02T13:10:06                      10
================================================================================
[2026-03-02T13:10:44.030+0000] {manager.py:997} INFO - 
================================================================================
DAG File Processing Stats

File Path                                           PID    Runtime      # DAGs    # Errors  Last Runtime    Last Run               Last # of DB Queries
--------------------------------------------------  -----  ---------  --------  ----------  --------------  -------------------  ----------------------
/opt/airflow/dags/flight_fare_stages_2_to_7_dag.py                           1           0  2.68s           2026-03-02T13:10:39                      10
================================================================================
[2026-03-02T13:11:14.242+0000] {manager.py:997} INFO - 
================================================================================
DAG File Processing Stats

File Path                                           PID    Runtime      # DAGs    # Errors  Last Runtime    Last Run               Last # of DB Queries
--------------------------------------------------  -----  ---------  --------  ----------  --------------  -------------------  ----------------------
/opt/airflow/dags/flight_fare_stages_2_to_7_dag.py                           1           0  2.67s           2026-03-02T13:11:12                      10
================================================================================
[2026-03-02T13:11:44.716+0000] {manager.py:997} INFO - 
================================================================================
DAG File Processing Stats

File Path                                             PID  Runtime      # DAGs    # Errors  Last Runtime    Last Run               Last # of DB Queries
--------------------------------------------------  -----  ---------  --------  ----------  --------------  -------------------  ----------------------
/opt/airflow/dags/flight_fare_stages_2_to_7_dag.py   1853  2.07s             1           0  2.67s           2026-03-02T13:11:12                      10
================================================================================
[2026-03-02T13:12:14.959+0000] {manager.py:997} INFO - 
================================================================================
DAG File Processing Stats

File Path                                           PID    Runtime      # DAGs    # Errors  Last Runtime    Last Run               Last # of DB Queries
--------------------------------------------------  -----  ---------  --------  ----------  --------------  -------------------  ----------------------
/opt/airflow/dags/flight_fare_stages_2_to_7_dag.py                           1           0  6.32s           2026-03-02T13:11:48                      10
================================================================================
[2026-03-02T13:12:44.371+0000] {manager.py:821} INFO - Searching for files in /opt/airflow/dags
[2026-03-02T13:12:44.406+0000] {manager.py:824} INFO - There are 1 files in /opt/airflow/dags
[2026-03-02T13:12:45.447+0000] {manager.py:997} INFO - 
================================================================================
DAG File Processing Stats

File Path                                           PID    Runtime      # DAGs    # Errors  Last Runtime    Last Run               Last # of DB Queries
--------------------------------------------------  -----  ---------  --------  ----------  --------------  -------------------  ----------------------
/opt/airflow/dags/flight_fare_stages_2_to_7_dag.py                           1           0  2.22s           2026-03-02T13:12:21                      10
================================================================================
[2026-03-02T13:13:15.711+0000] {manager.py:997} INFO - 
================================================================================
DAG File Processing Stats

File Path                                           PID    Runtime      # DAGs    # Errors  Last Runtime    Last Run               Last # of DB Queries
--------------------------------------------------  -----  ---------  --------  ----------  --------------  -------------------  ----------------------
/opt/airflow/dags/flight_fare_stages_2_to_7_dag.py                           1           0  2.57s           2026-03-02T13:12:54                      10
================================================================================
[2026-03-02T13:13:45.970+0000] {manager.py:997} INFO - 
================================================================================
DAG File Processing Stats

File Path                                           PID    Runtime      # DAGs    # Errors  Last Runtime    Last Run               Last # of DB Queries
--------------------------------------------------  -----  ---------  --------  ----------  --------------  -------------------  ----------------------
/opt/airflow/dags/flight_fare_stages_2_to_7_dag.py                           1           0  2.45s           2026-03-02T13:13:26                      10
================================================================================
[2026-03-02T13:14:16.253+0000] {manager.py:997} INFO - 
================================================================================
DAG File Processing Stats

File Path                                           PID    Runtime      # DAGs    # Errors  Last Runtime    Last Run               Last # of DB Queries
--------------------------------------------------  -----  ---------  --------  ----------  --------------  -------------------  ----------------------
/opt/airflow/dags/flight_fare_stages_2_to_7_dag.py                           1           0  2.23s           2026-03-02T13:13:59                      10
================================================================================
[2026-03-02T13:14:46.684+0000] {manager.py:997} INFO - 
================================================================================
DAG File Processing Stats

File Path                                           PID    Runtime      # DAGs    # Errors  Last Runtime    Last Run               Last # of DB Queries
--------------------------------------------------  -----  ---------  --------  ----------  --------------  -------------------  ----------------------
/opt/airflow/dags/flight_fare_stages_2_to_7_dag.py                           1           0  2.29s           2026-03-02T13:14:31                      10
================================================================================
[2026-03-02T13:15:17.008+0000] {manager.py:997} INFO - 
================================================================================
DAG File Processing Stats

File Path                                           PID    Runtime      # DAGs    # Errors  Last Runtime    Last Run               Last # of DB Queries
--------------------------------------------------  -----  ---------  --------  ----------  --------------  -------------------  ----------------------
/opt/airflow/dags/flight_fare_stages_2_to_7_dag.py                           1           0  2.29s           2026-03-02T13:15:04                      10
================================================================================
[2026-03-02T13:15:47.449+0000] {manager.py:997} INFO - 
================================================================================
DAG File Processing Stats

File Path                                           PID    Runtime      # DAGs    # Errors  Last Runtime    Last Run               Last # of DB Queries
--------------------------------------------------  -----  ---------  --------  ----------  --------------  -------------------  ----------------------
/opt/airflow/dags/flight_fare_stages_2_to_7_dag.py                           1           0  2.27s           2026-03-02T13:15:36                      10
================================================================================
[2026-03-02T13:16:17.757+0000] {manager.py:997} INFO - 
================================================================================
DAG File Processing Stats

File Path                                           PID    Runtime      # DAGs    # Errors  Last Runtime    Last Run               Last # of DB Queries
--------------------------------------------------  -----  ---------  --------  ----------  --------------  -------------------  ----------------------
/opt/airflow/dags/flight_fare_stages_2_to_7_dag.py                           1           0  2.22s           2026-03-02T13:16:08                      10
================================================================================
[2026-03-02T13:16:48.145+0000] {manager.py:997} INFO - 
================================================================================
DAG File Processing Stats

File Path                                           PID    Runtime      # DAGs    # Errors  Last Runtime    Last Run               Last # of DB Queries
--------------------------------------------------  -----  ---------  --------  ----------  --------------  -------------------  ----------------------
/opt/airflow/dags/flight_fare_stages_2_to_7_dag.py                           1           0  2.22s           2026-03-02T13:16:41                      10
================================================================================
[2026-03-02T13:17:18.448+0000] {manager.py:997} INFO - 
================================================================================
DAG File Processing Stats

File Path                                           PID    Runtime      # DAGs    # Errors  Last Runtime    Last Run               Last # of DB Queries
--------------------------------------------------  -----  ---------  --------  ----------  --------------  -------------------  ----------------------
/opt/airflow/dags/flight_fare_stages_2_to_7_dag.py                           1           0  2.47s           2026-03-02T13:17:13                      10
================================================================================
[2026-03-02T13:17:44.662+0000] {manager.py:821} INFO - Searching for files in /opt/airflow/dags
[2026-03-02T13:17:44.748+0000] {manager.py:824} INFO - There are 1 files in /opt/airflow/dags
[2026-03-02T13:17:48.450+0000] {manager.py:997} INFO - 
================================================================================
DAG File Processing Stats

File Path                                           PID    Runtime      # DAGs    # Errors  Last Runtime    Last Run               Last # of DB Queries
--------------------------------------------------  -----  ---------  --------  ----------  --------------  -------------------  ----------------------
/opt/airflow/dags/flight_fare_stages_2_to_7_dag.py                           1           0  2.34s           2026-03-02T13:17:46                      10
================================================================================
[2026-03-02T13:18:18.779+0000] {manager.py:997} INFO - 
================================================================================
DAG File Processing Stats

File Path                                             PID  Runtime      # DAGs    # Errors  Last Runtime    Last Run               Last # of DB Queries
--------------------------------------------------  -----  ---------  --------  ----------  --------------  -------------------  ----------------------
/opt/airflow/dags/flight_fare_stages_2_to_7_dag.py   2021  2.10s             1           0  2.34s           2026-03-02T13:17:46                      10
================================================================================
[2026-03-02T13:18:49.655+0000] {manager.py:997} INFO - 
================================================================================
DAG File Processing Stats

File Path                                           PID    Runtime      # DAGs    # Errors  Last Runtime    Last Run               Last # of DB Queries
--------------------------------------------------  -----  ---------  --------  ----------  --------------  -------------------  ----------------------
/opt/airflow/dags/flight_fare_stages_2_to_7_dag.py                           1           0  3.83s           2026-03-02T13:18:20                      10
================================================================================
[2026-03-02T13:19:19.973+0000] {manager.py:997} INFO - 
================================================================================
DAG File Processing Stats

File Path                                           PID    Runtime      # DAGs    # Errors  Last Runtime    Last Run               Last # of DB Queries
--------------------------------------------------  -----  ---------  --------  ----------  --------------  -------------------  ----------------------
/opt/airflow/dags/flight_fare_stages_2_to_7_dag.py                           1           0  2.28s           2026-03-02T13:18:52                      10
================================================================================
[2026-03-02T13:19:50.401+0000] {manager.py:997} INFO - 
================================================================================
DAG File Processing Stats

File Path                                           PID    Runtime      # DAGs    # Errors  Last Runtime    Last Run               Last # of DB Queries
--------------------------------------------------  -----  ---------  --------  ----------  --------------  -------------------  ----------------------
/opt/airflow/dags/flight_fare_stages_2_to_7_dag.py                           1           0  2.54s           2026-03-02T13:19:25                      10
================================================================================
[2026-03-02T13:20:21.014+0000] {manager.py:997} INFO - 
================================================================================
DAG File Processing Stats

File Path                                           PID    Runtime      # DAGs    # Errors  Last Runtime    Last Run               Last # of DB Queries
--------------------------------------------------  -----  ---------  --------  ----------  --------------  -------------------  ----------------------
/opt/airflow/dags/flight_fare_stages_2_to_7_dag.py                           1           0  2.23s           2026-03-02T13:19:58                      10
================================================================================
[2026-03-02T13:20:51.465+0000] {manager.py:997} INFO - 
================================================================================
DAG File Processing Stats

File Path                                           PID    Runtime      # DAGs    # Errors  Last Runtime    Last Run               Last # of DB Queries
--------------------------------------------------  -----  ---------  --------  ----------  --------------  -------------------  ----------------------
/opt/airflow/dags/flight_fare_stages_2_to_7_dag.py                           1           0  4.23s           2026-03-02T13:20:32                      10
================================================================================
[2026-03-02T13:21:21.740+0000] {manager.py:997} INFO - 
================================================================================
DAG File Processing Stats

File Path                                           PID    Runtime      # DAGs    # Errors  Last Runtime    Last Run               Last # of DB Queries
--------------------------------------------------  -----  ---------  --------  ----------  --------------  -------------------  ----------------------
/opt/airflow/dags/flight_fare_stages_2_to_7_dag.py                           1           0  2.29s           2026-03-02T13:21:04                      10
================================================================================
[2026-03-02T13:21:52.033+0000] {manager.py:997} INFO - 
================================================================================
DAG File Processing Stats

File Path                                           PID    Runtime      # DAGs    # Errors  Last Runtime    Last Run               Last # of DB Queries
--------------------------------------------------  -----  ---------  --------  ----------  --------------  -------------------  ----------------------
/opt/airflow/dags/flight_fare_stages_2_to_7_dag.py                           1           0  2.98s           2026-03-02T13:21:38                      10
================================================================================
[2026-03-02T13:22:22.602+0000] {manager.py:997} INFO - 
================================================================================
DAG File Processing Stats

File Path                                           PID    Runtime      # DAGs    # Errors  Last Runtime    Last Run               Last # of DB Queries
--------------------------------------------------  -----  ---------  --------  ----------  --------------  -------------------  ----------------------
/opt/airflow/dags/flight_fare_stages_2_to_7_dag.py                           1           0  2.57s           2026-03-02T13:22:10                      10
================================================================================
[2026-03-02T13:22:44.883+0000] {manager.py:821} INFO - Searching for files in /opt/airflow/dags
[2026-03-02T13:22:44.914+0000] {manager.py:824} INFO - There are 1 files in /opt/airflow/dags
[2026-03-02T13:22:53.006+0000] {manager.py:997} INFO - 
================================================================================
DAG File Processing Stats

File Path                                           PID    Runtime      # DAGs    # Errors  Last Runtime    Last Run               Last # of DB Queries
--------------------------------------------------  -----  ---------  --------  ----------  --------------  -------------------  ----------------------
/opt/airflow/dags/flight_fare_stages_2_to_7_dag.py                           1           0  3.03s           2026-03-02T13:22:43                      10
================================================================================
[2026-03-02T13:23:23.882+0000] {manager.py:997} INFO - 
================================================================================
DAG File Processing Stats

File Path                                             PID  Runtime      # DAGs    # Errors  Last Runtime    Last Run               Last # of DB Queries
--------------------------------------------------  -----  ---------  --------  ----------  --------------  -------------------  ----------------------
/opt/airflow/dags/flight_fare_stages_2_to_7_dag.py   2147  8.49s             1           0  3.03s           2026-03-02T13:22:43                      10
================================================================================
[2026-03-02T13:23:55.109+0000] {manager.py:997} INFO - 
================================================================================
DAG File Processing Stats

File Path                                             PID  Runtime      # DAGs    # Errors  Last Runtime    Last Run               Last # of DB Queries
--------------------------------------------------  -----  ---------  --------  ----------  --------------  -------------------  ----------------------
/opt/airflow/dags/flight_fare_stages_2_to_7_dag.py   2147  39.68s            1           0  3.03s           2026-03-02T13:22:43                      10
================================================================================
[2026-03-02T13:24:05.626+0000] {manager.py:1366} ERROR - Processor for /opt/airflow/dags/flight_fare_stages_2_to_7_dag.py with PID 2147 started at 2026-03-02T13:23:15.377112+00:00 has timed out, killing it.
[2026-03-02T13:24:25.662+0000] {manager.py:997} INFO - 
================================================================================
DAG File Processing Stats

File Path                                           PID    Runtime      # DAGs    # Errors  Last Runtime    Last Run               Last # of DB Queries
--------------------------------------------------  -----  ---------  --------  ----------  --------------  -------------------  ----------------------
/opt/airflow/dags/flight_fare_stages_2_to_7_dag.py                           0           1  50.25s          2026-03-02T13:24:05                       0
================================================================================
[2026-03-02T13:24:55.727+0000] {manager.py:997} INFO - 
================================================================================
DAG File Processing Stats

File Path                                             PID  Runtime      # DAGs    # Errors  Last Runtime    Last Run               Last # of DB Queries
--------------------------------------------------  -----  ---------  --------  ----------  --------------  -------------------  ----------------------
/opt/airflow/dags/flight_fare_stages_2_to_7_dag.py   2159  19.28s            0           1  50.25s          2026-03-02T13:24:05                       0
================================================================================
[2026-03-02T13:25:26.164+0000] {manager.py:997} INFO - 
================================================================================
DAG File Processing Stats

File Path                                           PID    Runtime      # DAGs    # Errors  Last Runtime    Last Run               Last # of DB Queries
--------------------------------------------------  -----  ---------  --------  ----------  --------------  -------------------  ----------------------
/opt/airflow/dags/flight_fare_stages_2_to_7_dag.py                           1           0  20.58s          2026-03-02T13:24:57                      32
================================================================================
[2026-03-02T13:25:56.323+0000] {manager.py:997} INFO - 
================================================================================
DAG File Processing Stats

File Path                                           PID    Runtime      # DAGs    # Errors  Last Runtime    Last Run               Last # of DB Queries
--------------------------------------------------  -----  ---------  --------  ----------  --------------  -------------------  ----------------------
/opt/airflow/dags/flight_fare_stages_2_to_7_dag.py                           1           0  10.86s          2026-03-02T13:25:38                      10
================================================================================
[2026-03-02T13:26:26.712+0000] {manager.py:997} INFO - 
================================================================================
DAG File Processing Stats

File Path                                           PID    Runtime      # DAGs    # Errors  Last Runtime    Last Run               Last # of DB Queries
--------------------------------------------------  -----  ---------  --------  ----------  --------------  -------------------  ----------------------
/opt/airflow/dags/flight_fare_stages_2_to_7_dag.py                           1           0  4.00s           2026-03-02T13:26:12                      10
================================================================================
[2026-03-02T13:26:57.352+0000] {manager.py:997} INFO - 
================================================================================
DAG File Processing Stats

File Path                                           PID    Runtime      # DAGs    # Errors  Last Runtime    Last Run               Last # of DB Queries
--------------------------------------------------  -----  ---------  --------  ----------  --------------  -------------------  ----------------------
/opt/airflow/dags/flight_fare_stages_2_to_7_dag.py                           1           0  8.33s           2026-03-02T13:26:51                      10
================================================================================
[2026-03-02T13:27:27.696+0000] {manager.py:997} INFO - 
================================================================================
DAG File Processing Stats

File Path                                           PID    Runtime      # DAGs    # Errors  Last Runtime    Last Run               Last # of DB Queries
--------------------------------------------------  -----  ---------  --------  ----------  --------------  -------------------  ----------------------
/opt/airflow/dags/flight_fare_stages_2_to_7_dag.py                           1           0  2.39s           2026-03-02T13:27:23                      10
================================================================================
[2026-03-02T13:27:45.046+0000] {manager.py:821} INFO - Searching for files in /opt/airflow/dags
[2026-03-02T13:27:45.148+0000] {manager.py:824} INFO - There are 1 files in /opt/airflow/dags
[2026-03-02T13:27:58.516+0000] {manager.py:997} INFO - 
================================================================================
DAG File Processing Stats

File Path                                           PID    Runtime      # DAGs    # Errors  Last Runtime    Last Run               Last # of DB Queries
--------------------------------------------------  -----  ---------  --------  ----------  --------------  -------------------  ----------------------
/opt/airflow/dags/flight_fare_stages_2_to_7_dag.py                           1           0  4.04s           2026-03-02T13:27:58                      10
================================================================================
[2026-03-02T13:28:28.893+0000] {manager.py:997} INFO - 
================================================================================
DAG File Processing Stats

File Path                                             PID  Runtime      # DAGs    # Errors  Last Runtime    Last Run               Last # of DB Queries
--------------------------------------------------  -----  ---------  --------  ----------  --------------  -------------------  ----------------------
/opt/airflow/dags/flight_fare_stages_2_to_7_dag.py   2243  0.06s             1           0  4.04s           2026-03-02T13:27:58                      10
================================================================================
[2026-03-02T13:28:59.174+0000] {manager.py:997} INFO - 
================================================================================
DAG File Processing Stats

File Path                                           PID    Runtime      # DAGs    # Errors  Last Runtime    Last Run               Last # of DB Queries
--------------------------------------------------  -----  ---------  --------  ----------  --------------  -------------------  ----------------------
/opt/airflow/dags/flight_fare_stages_2_to_7_dag.py                           1           0  3.10s           2026-03-02T13:28:31                      10
================================================================================
[2026-03-02T13:29:29.327+0000] {manager.py:997} INFO - 
================================================================================
DAG File Processing Stats

File Path                                           PID    Runtime      # DAGs    # Errors  Last Runtime    Last Run               Last # of DB Queries
--------------------------------------------------  -----  ---------  --------  ----------  --------------  -------------------  ----------------------
/opt/airflow/dags/flight_fare_stages_2_to_7_dag.py                           1           0  4.88s           2026-03-02T13:29:07                      10
================================================================================
[2026-03-02T13:29:59.758+0000] {manager.py:997} INFO - 
================================================================================
DAG File Processing Stats

File Path                                           PID    Runtime      # DAGs    # Errors  Last Runtime    Last Run               Last # of DB Queries
--------------------------------------------------  -----  ---------  --------  ----------  --------------  -------------------  ----------------------
/opt/airflow/dags/flight_fare_stages_2_to_7_dag.py                           1           0  5.57s           2026-03-02T13:29:43                      10
================================================================================
[2026-03-02T13:30:30.007+0000] {manager.py:997} INFO - 
================================================================================
DAG File Processing Stats

File Path                                           PID    Runtime      # DAGs    # Errors  Last Runtime    Last Run               Last # of DB Queries
--------------------------------------------------  -----  ---------  --------  ----------  --------------  -------------------  ----------------------
/opt/airflow/dags/flight_fare_stages_2_to_7_dag.py                           1           0  2.77s           2026-03-02T13:30:16                      10
================================================================================
[2026-03-02T13:31:00.394+0000] {manager.py:997} INFO - 
================================================================================
DAG File Processing Stats

File Path                                           PID    Runtime      # DAGs    # Errors  Last Runtime    Last Run               Last # of DB Queries
--------------------------------------------------  -----  ---------  --------  ----------  --------------  -------------------  ----------------------
/opt/airflow/dags/flight_fare_stages_2_to_7_dag.py                           1           0  2.72s           2026-03-02T13:30:48                      10
================================================================================
[2026-03-02T13:31:30.496+0000] {manager.py:997} INFO - 
================================================================================
DAG File Processing Stats

File Path                                           PID    Runtime      # DAGs    # Errors  Last Runtime    Last Run               Last # of DB Queries
--------------------------------------------------  -----  ---------  --------  ----------  --------------  -------------------  ----------------------
/opt/airflow/dags/flight_fare_stages_2_to_7_dag.py                           1           0  2.27s           2026-03-02T13:31:21                      10
================================================================================
[2026-03-02T13:32:00.761+0000] {manager.py:997} INFO - 
================================================================================
DAG File Processing Stats

File Path                                           PID    Runtime      # DAGs    # Errors  Last Runtime    Last Run               Last # of DB Queries
--------------------------------------------------  -----  ---------  --------  ----------  --------------  -------------------  ----------------------
/opt/airflow/dags/flight_fare_stages_2_to_7_dag.py                           1           0  3.36s           2026-03-02T13:31:54                      10
================================================================================
[2026-03-02T13:32:30.790+0000] {manager.py:997} INFO - 
================================================================================
DAG File Processing Stats

File Path                                           PID    Runtime      # DAGs    # Errors  Last Runtime    Last Run               Last # of DB Queries
--------------------------------------------------  -----  ---------  --------  ----------  --------------  -------------------  ----------------------
/opt/airflow/dags/flight_fare_stages_2_to_7_dag.py                           1           0  3.58s           2026-03-02T13:32:28                      10
================================================================================
[2026-03-02T13:32:45.437+0000] {manager.py:821} INFO - Searching for files in /opt/airflow/dags
[2026-03-02T13:32:45.465+0000] {manager.py:824} INFO - There are 1 files in /opt/airflow/dags
[2026-03-02T13:33:01.047+0000] {manager.py:997} INFO - 
================================================================================
DAG File Processing Stats

File Path                                             PID  Runtime      # DAGs    # Errors  Last Runtime    Last Run               Last # of DB Queries
--------------------------------------------------  -----  ---------  --------  ----------  --------------  -------------------  ----------------------
/opt/airflow/dags/flight_fare_stages_2_to_7_dag.py   2355  2.02s             1           0  3.58s           2026-03-02T13:32:28                      10
================================================================================
[2026-03-02T13:33:31.911+0000] {manager.py:997} INFO - 
================================================================================
DAG File Processing Stats

File Path                                             PID  Runtime      # DAGs    # Errors  Last Runtime    Last Run               Last # of DB Queries
--------------------------------------------------  -----  ---------  --------  ----------  --------------  -------------------  ----------------------
/opt/airflow/dags/flight_fare_stages_2_to_7_dag.py   2369  0.01s             1           0  2.72s           2026-03-02T13:33:01                      10
================================================================================
[2026-03-02T13:34:02.203+0000] {manager.py:997} INFO - 
================================================================================
DAG File Processing Stats

File Path                                           PID    Runtime      # DAGs    # Errors  Last Runtime    Last Run               Last # of DB Queries
--------------------------------------------------  -----  ---------  --------  ----------  --------------  -------------------  ----------------------
/opt/airflow/dags/flight_fare_stages_2_to_7_dag.py                           1           0  2.67s           2026-03-02T13:33:34                      10
================================================================================
[2026-03-02T13:34:32.445+0000] {manager.py:997} INFO - 
================================================================================
DAG File Processing Stats

File Path                                           PID    Runtime      # DAGs    # Errors  Last Runtime    Last Run               Last # of DB Queries
--------------------------------------------------  -----  ---------  --------  ----------  --------------  -------------------  ----------------------
/opt/airflow/dags/flight_fare_stages_2_to_7_dag.py                           1           0  2.61s           2026-03-02T13:34:07                      10
================================================================================
[2026-03-02T13:35:03.187+0000] {manager.py:997} INFO - 
================================================================================
DAG File Processing Stats

File Path                                           PID    Runtime      # DAGs    # Errors  Last Runtime    Last Run               Last # of DB Queries
--------------------------------------------------  -----  ---------  --------  ----------  --------------  -------------------  ----------------------
/opt/airflow/dags/flight_fare_stages_2_to_7_dag.py                           1           0  3.34s           2026-03-02T13:34:40                      10
================================================================================
[2026-03-02T13:35:33.869+0000] {manager.py:997} INFO - 
================================================================================
DAG File Processing Stats

File Path                                             PID  Runtime      # DAGs    # Errors  Last Runtime    Last Run               Last # of DB Queries
--------------------------------------------------  -----  ---------  --------  ----------  --------------  -------------------  ----------------------
/opt/airflow/dags/flight_fare_stages_2_to_7_dag.py   2411  22.30s            1           0  3.34s           2026-03-02T13:34:40                      10
================================================================================
[2026-03-02T13:36:04.212+0000] {manager.py:997} INFO - 
================================================================================
DAG File Processing Stats

File Path                                           PID    Runtime      # DAGs    # Errors  Last Runtime    Last Run               Last # of DB Queries
--------------------------------------------------  -----  ---------  --------  ----------  --------------  -------------------  ----------------------
/opt/airflow/dags/flight_fare_stages_2_to_7_dag.py                           1           0  24.10s          2026-03-02T13:35:35                      10
================================================================================
[2026-03-02T13:36:34.480+0000] {manager.py:997} INFO - 
================================================================================
DAG File Processing Stats

File Path                                           PID    Runtime      # DAGs    # Errors  Last Runtime    Last Run               Last # of DB Queries
--------------------------------------------------  -----  ---------  --------  ----------  --------------  -------------------  ----------------------
/opt/airflow/dags/flight_fare_stages_2_to_7_dag.py                           1           0  4.49s           2026-03-02T13:36:10                      10
================================================================================
[2026-03-02T13:37:05.457+0000] {manager.py:997} INFO - 
================================================================================
DAG File Processing Stats

File Path                                           PID    Runtime      # DAGs    # Errors  Last Runtime    Last Run               Last # of DB Queries
--------------------------------------------------  -----  ---------  --------  ----------  --------------  -------------------  ----------------------
/opt/airflow/dags/flight_fare_stages_2_to_7_dag.py                           1           0  2.74s           2026-03-02T13:36:43                      10
================================================================================
[2026-03-02T13:37:35.725+0000] {manager.py:997} INFO - 
================================================================================
DAG File Processing Stats

File Path                                           PID    Runtime      # DAGs    # Errors  Last Runtime    Last Run               Last # of DB Queries
--------------------------------------------------  -----  ---------  --------  ----------  --------------  -------------------  ----------------------
/opt/airflow/dags/flight_fare_stages_2_to_7_dag.py                           1           0  2.73s           2026-03-02T13:37:16                      10
================================================================================
[2026-03-02T13:37:45.510+0000] {manager.py:821} INFO - Searching for files in /opt/airflow/dags
[2026-03-02T13:37:45.542+0000] {manager.py:824} INFO - There are 1 files in /opt/airflow/dags
[2026-03-02T13:38:05.757+0000] {manager.py:997} INFO - 
================================================================================
DAG File Processing Stats

File Path                                           PID    Runtime      # DAGs    # Errors  Last Runtime    Last Run               Last # of DB Queries
--------------------------------------------------  -----  ---------  --------  ----------  --------------  -------------------  ----------------------
/opt/airflow/dags/flight_fare_stages_2_to_7_dag.py                           1           0  3.14s           2026-03-02T13:37:49                      10
================================================================================
[2026-03-02T13:38:36.082+0000] {manager.py:997} INFO - 
================================================================================
DAG File Processing Stats

File Path                                           PID    Runtime      # DAGs    # Errors  Last Runtime    Last Run               Last # of DB Queries
--------------------------------------------------  -----  ---------  --------  ----------  --------------  -------------------  ----------------------
/opt/airflow/dags/flight_fare_stages_2_to_7_dag.py                           1           0  2.63s           2026-03-02T13:38:22                      10
================================================================================
[2026-03-02T13:39:06.091+0000] {manager.py:997} INFO - 
================================================================================
DAG File Processing Stats

File Path                                           PID    Runtime      # DAGs    # Errors  Last Runtime    Last Run               Last # of DB Queries
--------------------------------------------------  -----  ---------  --------  ----------  --------------  -------------------  ----------------------
/opt/airflow/dags/flight_fare_stages_2_to_7_dag.py                           1           0  4.24s           2026-03-02T13:38:57                      10
================================================================================
[2026-03-02T13:39:36.346+0000] {manager.py:997} INFO - 
================================================================================
DAG File Processing Stats

File Path                                           PID    Runtime      # DAGs    # Errors  Last Runtime    Last Run               Last # of DB Queries
--------------------------------------------------  -----  ---------  --------  ----------  --------------  -------------------  ----------------------
/opt/airflow/dags/flight_fare_stages_2_to_7_dag.py                           1           0  3.93s           2026-03-02T13:39:31                      10
================================================================================
[2026-03-02T13:40:06.353+0000] {manager.py:997} INFO - 
================================================================================
DAG File Processing Stats

File Path                                           PID    Runtime      # DAGs    # Errors  Last Runtime    Last Run               Last # of DB Queries
--------------------------------------------------  -----  ---------  --------  ----------  --------------  -------------------  ----------------------
/opt/airflow/dags/flight_fare_stages_2_to_7_dag.py                           1           0  3.28s           2026-03-02T13:40:04                      10
================================================================================
[2026-03-02T13:40:36.621+0000] {manager.py:997} INFO - 
================================================================================
DAG File Processing Stats

File Path                                             PID  Runtime      # DAGs    # Errors  Last Runtime    Last Run               Last # of DB Queries
--------------------------------------------------  -----  ---------  --------  ----------  --------------  -------------------  ----------------------
/opt/airflow/dags/flight_fare_stages_2_to_7_dag.py   2537  2.03s             1           0  3.28s           2026-03-02T13:40:04                      10
================================================================================
[2026-03-02T13:41:07.045+0000] {manager.py:997} INFO - 
================================================================================
DAG File Processing Stats

File Path                                           PID    Runtime      # DAGs    # Errors  Last Runtime    Last Run               Last # of DB Queries
--------------------------------------------------  -----  ---------  --------  ----------  --------------  -------------------  ----------------------
/opt/airflow/dags/flight_fare_stages_2_to_7_dag.py                           1           0  2.76s           2026-03-02T13:40:37                      10
================================================================================
[2026-03-02T13:41:37.298+0000] {manager.py:997} INFO - 
================================================================================
DAG File Processing Stats

File Path                                           PID    Runtime      # DAGs    # Errors  Last Runtime    Last Run               Last # of DB Queries
--------------------------------------------------  -----  ---------  --------  ----------  --------------  -------------------  ----------------------
/opt/airflow/dags/flight_fare_stages_2_to_7_dag.py                           1           0  2.81s           2026-03-02T13:41:10                      10
================================================================================
[2026-03-02T13:42:07.988+0000] {manager.py:997} INFO - 
================================================================================
DAG File Processing Stats

File Path                                           PID    Runtime      # DAGs    # Errors  Last Runtime    Last Run               Last # of DB Queries
--------------------------------------------------  -----  ---------  --------  ----------  --------------  -------------------  ----------------------
/opt/airflow/dags/flight_fare_stages_2_to_7_dag.py                           1           0  3.08s           2026-03-02T13:41:43                      10
================================================================================
[2026-03-02T13:42:38.243+0000] {manager.py:997} INFO - 
================================================================================
DAG File Processing Stats

File Path                                           PID    Runtime      # DAGs    # Errors  Last Runtime    Last Run               Last # of DB Queries
--------------------------------------------------  -----  ---------  --------  ----------  --------------  -------------------  ----------------------
/opt/airflow/dags/flight_fare_stages_2_to_7_dag.py                           1           0  2.99s           2026-03-02T13:42:17                      10
================================================================================
[2026-03-02T13:42:46.314+0000] {manager.py:821} INFO - Searching for files in /opt/airflow/dags
[2026-03-02T13:42:46.341+0000] {manager.py:824} INFO - There are 1 files in /opt/airflow/dags
[2026-03-02T13:43:08.306+0000] {manager.py:997} INFO - 
================================================================================
DAG File Processing Stats

File Path                                           PID    Runtime      # DAGs    # Errors  Last Runtime    Last Run               Last # of DB Queries
--------------------------------------------------  -----  ---------  --------  ----------  --------------  -------------------  ----------------------
/opt/airflow/dags/flight_fare_stages_2_to_7_dag.py                           1           0  3.74s           2026-03-02T13:42:51                      10
================================================================================
[2026-03-02T13:43:38.652+0000] {manager.py:997} INFO - 
================================================================================
DAG File Processing Stats

File Path                                           PID    Runtime      # DAGs    # Errors  Last Runtime    Last Run               Last # of DB Queries
--------------------------------------------------  -----  ---------  --------  ----------  --------------  -------------------  ----------------------
/opt/airflow/dags/flight_fare_stages_2_to_7_dag.py                           1           0  4.04s           2026-03-02T13:43:25                      10
================================================================================
[2026-03-02T13:44:08.777+0000] {manager.py:997} INFO - 
================================================================================
DAG File Processing Stats

File Path                                           PID    Runtime      # DAGs    # Errors  Last Runtime    Last Run               Last # of DB Queries
--------------------------------------------------  -----  ---------  --------  ----------  --------------  -------------------  ----------------------
/opt/airflow/dags/flight_fare_stages_2_to_7_dag.py                           1           0  3.88s           2026-03-02T13:43:59                      10
================================================================================
[2026-03-02T13:44:39.129+0000] {manager.py:997} INFO - 
================================================================================
DAG File Processing Stats

File Path                                           PID    Runtime      # DAGs    # Errors  Last Runtime    Last Run               Last # of DB Queries
--------------------------------------------------  -----  ---------  --------  ----------  --------------  -------------------  ----------------------
/opt/airflow/dags/flight_fare_stages_2_to_7_dag.py                           1           0  6.81s           2026-03-02T13:44:37                      10
================================================================================
[2026-03-02T13:45:09.453+0000] {manager.py:997} INFO - 
================================================================================
DAG File Processing Stats

File Path                                             PID  Runtime      # DAGs    # Errors  Last Runtime    Last Run               Last # of DB Queries
--------------------------------------------------  -----  ---------  --------  ----------  --------------  -------------------  ----------------------
/opt/airflow/dags/flight_fare_stages_2_to_7_dag.py   2649  2.06s             1           0  6.81s           2026-03-02T13:44:37                      10
================================================================================
[2026-03-02T13:45:39.630+0000] {manager.py:997} INFO - 
================================================================================
DAG File Processing Stats

File Path                                           PID    Runtime      # DAGs    # Errors  Last Runtime    Last Run               Last # of DB Queries
--------------------------------------------------  -----  ---------  --------  ----------  --------------  -------------------  ----------------------
/opt/airflow/dags/flight_fare_stages_2_to_7_dag.py                           1           0  5.00s           2026-03-02T13:45:12                      10
================================================================================
[2026-03-02T13:46:09.927+0000] {manager.py:997} INFO - 
================================================================================
DAG File Processing Stats

File Path                                           PID    Runtime      # DAGs    # Errors  Last Runtime    Last Run               Last # of DB Queries
--------------------------------------------------  -----  ---------  --------  ----------  --------------  -------------------  ----------------------
/opt/airflow/dags/flight_fare_stages_2_to_7_dag.py                           1           0  3.44s           2026-03-02T13:45:46                      10
================================================================================
[2026-03-02T13:46:40.614+0000] {manager.py:997} INFO - 
================================================================================
DAG File Processing Stats

File Path                                           PID    Runtime      # DAGs    # Errors  Last Runtime    Last Run               Last # of DB Queries
--------------------------------------------------  -----  ---------  --------  ----------  --------------  -------------------  ----------------------
/opt/airflow/dags/flight_fare_stages_2_to_7_dag.py                           1           0  4.33s           2026-03-02T13:46:20                      10
================================================================================
[2026-03-02T13:47:10.855+0000] {manager.py:997} INFO - 
================================================================================
DAG File Processing Stats

File Path                                           PID    Runtime      # DAGs    # Errors  Last Runtime    Last Run               Last # of DB Queries
--------------------------------------------------  -----  ---------  --------  ----------  --------------  -------------------  ----------------------
/opt/airflow/dags/flight_fare_stages_2_to_7_dag.py                           1           0  3.98s           2026-03-02T13:46:54                      10
================================================================================
[2026-03-02T13:47:41.137+0000] {manager.py:997} INFO - 
================================================================================
DAG File Processing Stats

File Path                                           PID    Runtime      # DAGs    # Errors  Last Runtime    Last Run               Last # of DB Queries
--------------------------------------------------  -----  ---------  --------  ----------  --------------  -------------------  ----------------------
/opt/airflow/dags/flight_fare_stages_2_to_7_dag.py                           1           0  2.99s           2026-03-02T13:47:27                      10
================================================================================
[2026-03-02T13:47:46.435+0000] {manager.py:821} INFO - Searching for files in /opt/airflow/dags
[2026-03-02T13:47:46.463+0000] {manager.py:824} INFO - There are 1 files in /opt/airflow/dags
[2026-03-02T13:48:11.172+0000] {manager.py:997} INFO - 
================================================================================
DAG File Processing Stats

File Path                                           PID    Runtime      # DAGs    # Errors  Last Runtime    Last Run               Last # of DB Queries
--------------------------------------------------  -----  ---------  --------  ----------  --------------  -------------------  ----------------------
/opt/airflow/dags/flight_fare_stages_2_to_7_dag.py                           1           0  4.74s           2026-03-02T13:48:03                      10
================================================================================
[2026-03-02T13:48:41.557+0000] {manager.py:997} INFO - 
================================================================================
DAG File Processing Stats

File Path                                           PID    Runtime      # DAGs    # Errors  Last Runtime    Last Run               Last # of DB Queries
--------------------------------------------------  -----  ---------  --------  ----------  --------------  -------------------  ----------------------
/opt/airflow/dags/flight_fare_stages_2_to_7_dag.py                           1           0  5.43s           2026-03-02T13:48:38                      10
================================================================================
[2026-03-02T13:49:11.872+0000] {manager.py:997} INFO - 
================================================================================
DAG File Processing Stats

File Path                                             PID  Runtime      # DAGs    # Errors  Last Runtime    Last Run               Last # of DB Queries
--------------------------------------------------  -----  ---------  --------  ----------  --------------  -------------------  ----------------------
/opt/airflow/dags/flight_fare_stages_2_to_7_dag.py   2747  2.66s             1           0  5.43s           2026-03-02T13:48:38                      10
================================================================================
[2026-03-02T13:49:42.165+0000] {manager.py:997} INFO - 
================================================================================
DAG File Processing Stats

File Path                                           PID    Runtime      # DAGs    # Errors  Last Runtime    Last Run               Last # of DB Queries
--------------------------------------------------  -----  ---------  --------  ----------  --------------  -------------------  ----------------------
/opt/airflow/dags/flight_fare_stages_2_to_7_dag.py                           1           0  5.73s           2026-03-02T13:49:14                      10
================================================================================
[2026-03-02T13:50:12.405+0000] {manager.py:997} INFO - 
================================================================================
DAG File Processing Stats

File Path                                           PID    Runtime      # DAGs    # Errors  Last Runtime    Last Run               Last # of DB Queries
--------------------------------------------------  -----  ---------  --------  ----------  --------------  -------------------  ----------------------
/opt/airflow/dags/flight_fare_stages_2_to_7_dag.py                           1           0  2.75s           2026-03-02T13:49:47                      10
================================================================================
[2026-03-02T13:50:42.835+0000] {manager.py:997} INFO - 
================================================================================
DAG File Processing Stats

File Path                                           PID    Runtime      # DAGs    # Errors  Last Runtime    Last Run               Last # of DB Queries
--------------------------------------------------  -----  ---------  --------  ----------  --------------  -------------------  ----------------------
/opt/airflow/dags/flight_fare_stages_2_to_7_dag.py                           1           0  3.28s           2026-03-02T13:50:21                      10
================================================================================
[2026-03-02T13:51:13.171+0000] {manager.py:997} INFO - 
================================================================================
DAG File Processing Stats

File Path                                           PID    Runtime      # DAGs    # Errors  Last Runtime    Last Run               Last # of DB Queries
--------------------------------------------------  -----  ---------  --------  ----------  --------------  -------------------  ----------------------
/opt/airflow/dags/flight_fare_stages_2_to_7_dag.py                           1           0  2.76s           2026-03-02T13:50:54                      10
================================================================================
[2026-03-02T13:51:43.590+0000] {manager.py:997} INFO - 
================================================================================
DAG File Processing Stats

File Path                                           PID    Runtime      # DAGs    # Errors  Last Runtime    Last Run               Last # of DB Queries
--------------------------------------------------  -----  ---------  --------  ----------  --------------  -------------------  ----------------------
/opt/airflow/dags/flight_fare_stages_2_to_7_dag.py                           1           0  3.41s           2026-03-02T13:51:28                      10
================================================================================
[2026-03-02T13:52:13.846+0000] {manager.py:997} INFO - 
================================================================================
DAG File Processing Stats

File Path                                             PID  Runtime      # DAGs    # Errors  Last Runtime    Last Run               Last # of DB Queries
--------------------------------------------------  -----  ---------  --------  ----------  --------------  -------------------  ----------------------
/opt/airflow/dags/flight_fare_stages_2_to_7_dag.py   2817  14.62s            1           0  3.41s           2026-03-02T13:51:28                      10
================================================================================
[2026-03-02T13:52:44.298+0000] {manager.py:997} INFO - 
================================================================================
DAG File Processing Stats

File Path                                           PID    Runtime      # DAGs    # Errors  Last Runtime    Last Run               Last # of DB Queries
--------------------------------------------------  -----  ---------  --------  ----------  --------------  -------------------  ----------------------
/opt/airflow/dags/flight_fare_stages_2_to_7_dag.py                           1           0  21.21s          2026-03-02T13:52:20                      10
================================================================================
[2026-03-02T13:52:46.699+0000] {manager.py:821} INFO - Searching for files in /opt/airflow/dags
[2026-03-02T13:52:46.741+0000] {manager.py:824} INFO - There are 1 files in /opt/airflow/dags
[2026-03-02T13:53:15.168+0000] {manager.py:997} INFO - 
================================================================================
DAG File Processing Stats

File Path                                           PID    Runtime      # DAGs    # Errors  Last Runtime    Last Run               Last # of DB Queries
--------------------------------------------------  -----  ---------  --------  ----------  --------------  -------------------  ----------------------
/opt/airflow/dags/flight_fare_stages_2_to_7_dag.py                           1           0  7.26s           2026-03-02T13:52:58                      10
================================================================================
[2026-03-02T13:53:45.569+0000] {manager.py:997} INFO - 
================================================================================
DAG File Processing Stats

File Path                                           PID    Runtime      # DAGs    # Errors  Last Runtime    Last Run               Last # of DB Queries
--------------------------------------------------  -----  ---------  --------  ----------  --------------  -------------------  ----------------------
/opt/airflow/dags/flight_fare_stages_2_to_7_dag.py                           1           0  3.08s           2026-03-02T13:53:31                      10
================================================================================
[2026-03-02T13:54:15.820+0000] {manager.py:997} INFO - 
================================================================================
DAG File Processing Stats

File Path                                           PID    Runtime      # DAGs    # Errors  Last Runtime    Last Run               Last # of DB Queries
--------------------------------------------------  -----  ---------  --------  ----------  --------------  -------------------  ----------------------
/opt/airflow/dags/flight_fare_stages_2_to_7_dag.py                           1           0  3.00s           2026-03-02T13:54:04                      10
================================================================================
[2026-03-02T13:54:46.137+0000] {manager.py:997} INFO - 
================================================================================
DAG File Processing Stats

File Path                                           PID    Runtime      # DAGs    # Errors  Last Runtime    Last Run               Last # of DB Queries
--------------------------------------------------  -----  ---------  --------  ----------  --------------  -------------------  ----------------------
/opt/airflow/dags/flight_fare_stages_2_to_7_dag.py                           1           0  3.19s           2026-03-02T13:54:38                      10
================================================================================
[2026-03-02T13:55:16.428+0000] {manager.py:997} INFO - 
================================================================================
DAG File Processing Stats

File Path                                           PID    Runtime      # DAGs    # Errors  Last Runtime    Last Run               Last # of DB Queries
--------------------------------------------------  -----  ---------  --------  ----------  --------------  -------------------  ----------------------
/opt/airflow/dags/flight_fare_stages_2_to_7_dag.py                           1           0  3.07s           2026-03-02T13:55:11                      10
================================================================================
[2026-03-02T13:55:46.428+0000] {manager.py:997} INFO - 
================================================================================
DAG File Processing Stats

File Path                                           PID    Runtime      # DAGs    # Errors  Last Runtime    Last Run               Last # of DB Queries
--------------------------------------------------  -----  ---------  --------  ----------  --------------  -------------------  ----------------------
/opt/airflow/dags/flight_fare_stages_2_to_7_dag.py                           1           0  2.71s           2026-03-02T13:55:44                      10
================================================================================
[2026-03-02T13:56:16.741+0000] {manager.py:997} INFO - 
================================================================================
DAG File Processing Stats

File Path                                             PID  Runtime      # DAGs    # Errors  Last Runtime    Last Run               Last # of DB Queries
--------------------------------------------------  -----  ---------  --------  ----------  --------------  -------------------  ----------------------
/opt/airflow/dags/flight_fare_stages_2_to_7_dag.py   2915  2.05s             1           0  2.71s           2026-03-02T13:55:44                      10
================================================================================
[2026-03-02T13:56:47.004+0000] {manager.py:997} INFO - 
================================================================================
DAG File Processing Stats

File Path                                           PID    Runtime      # DAGs    # Errors  Last Runtime    Last Run               Last # of DB Queries
--------------------------------------------------  -----  ---------  --------  ----------  --------------  -------------------  ----------------------
/opt/airflow/dags/flight_fare_stages_2_to_7_dag.py                           1           0  4.23s           2026-03-02T13:56:18                      10
================================================================================
[2026-03-02T13:57:17.410+0000] {manager.py:997} INFO - 
================================================================================
DAG File Processing Stats

File Path                                           PID    Runtime      # DAGs    # Errors  Last Runtime    Last Run               Last # of DB Queries
--------------------------------------------------  -----  ---------  --------  ----------  --------------  -------------------  ----------------------
/opt/airflow/dags/flight_fare_stages_2_to_7_dag.py                           1           0  3.20s           2026-03-02T13:56:52                      10
================================================================================
[2026-03-02T13:57:47.093+0000] {manager.py:821} INFO - Searching for files in /opt/airflow/dags
[2026-03-02T13:57:47.158+0000] {manager.py:824} INFO - There are 1 files in /opt/airflow/dags
[2026-03-02T13:57:47.704+0000] {manager.py:997} INFO - 
================================================================================
DAG File Processing Stats

File Path                                           PID    Runtime      # DAGs    # Errors  Last Runtime    Last Run               Last # of DB Queries
--------------------------------------------------  -----  ---------  --------  ----------  --------------  -------------------  ----------------------
/opt/airflow/dags/flight_fare_stages_2_to_7_dag.py                           1           0  3.45s           2026-03-02T13:57:25                      10
================================================================================
[2026-03-02T13:58:18.345+0000] {manager.py:997} INFO - 
================================================================================
DAG File Processing Stats

File Path                                             PID  Runtime      # DAGs    # Errors  Last Runtime    Last Run               Last # of DB Queries
--------------------------------------------------  -----  ---------  --------  ----------  --------------  -------------------  ----------------------
/opt/airflow/dags/flight_fare_stages_2_to_7_dag.py   2957  21.08s            1           0  3.45s           2026-03-02T13:57:25                      10
================================================================================
[2026-03-02T13:58:48.684+0000] {manager.py:997} INFO - 
================================================================================
DAG File Processing Stats

File Path                                           PID    Runtime      # DAGs    # Errors  Last Runtime    Last Run               Last # of DB Queries
--------------------------------------------------  -----  ---------  --------  ----------  --------------  -------------------  ----------------------
/opt/airflow/dags/flight_fare_stages_2_to_7_dag.py                           1           0  24.29s          2026-03-02T13:58:21                      10
================================================================================
[2026-03-02T13:59:18.957+0000] {manager.py:997} INFO - 
================================================================================
DAG File Processing Stats

File Path                                           PID    Runtime      # DAGs    # Errors  Last Runtime    Last Run               Last # of DB Queries
--------------------------------------------------  -----  ---------  --------  ----------  --------------  -------------------  ----------------------
/opt/airflow/dags/flight_fare_stages_2_to_7_dag.py                           1           0  9.02s           2026-03-02T13:59:00                      10
================================================================================
[2026-03-02T13:59:49.540+0000] {manager.py:997} INFO - 
================================================================================
DAG File Processing Stats

File Path                                           PID    Runtime      # DAGs    # Errors  Last Runtime    Last Run               Last # of DB Queries
--------------------------------------------------  -----  ---------  --------  ----------  --------------  -------------------  ----------------------
/opt/airflow/dags/flight_fare_stages_2_to_7_dag.py                           1           0  10.33s          2026-03-02T13:59:41                      10
================================================================================
[2026-03-02T14:00:20.556+0000] {manager.py:997} INFO - 
================================================================================
DAG File Processing Stats

File Path                                             PID  Runtime      # DAGs    # Errors  Last Runtime    Last Run               Last # of DB Queries
--------------------------------------------------  -----  ---------  --------  ----------  --------------  -------------------  ----------------------
/opt/airflow/dags/flight_fare_stages_2_to_7_dag.py   2999  8.34s             1           0  10.33s          2026-03-02T13:59:41                      10
================================================================================
[2026-03-02T14:00:50.887+0000] {manager.py:997} INFO - 
================================================================================
DAG File Processing Stats

File Path                                           PID    Runtime      # DAGs    # Errors  Last Runtime    Last Run               Last # of DB Queries
--------------------------------------------------  -----  ---------  --------  ----------  --------------  -------------------  ----------------------
/opt/airflow/dags/flight_fare_stages_2_to_7_dag.py                           1           0  10.68s          2026-03-02T14:00:22                      10
================================================================================
[2026-03-02T14:01:21.648+0000] {manager.py:997} INFO - 
================================================================================
DAG File Processing Stats

File Path                                           PID    Runtime      # DAGs    # Errors  Last Runtime    Last Run               Last # of DB Queries
--------------------------------------------------  -----  ---------  --------  ----------  --------------  -------------------  ----------------------
/opt/airflow/dags/flight_fare_stages_2_to_7_dag.py                           1           0  23.64s          2026-03-02T14:01:16                      10
================================================================================
[2026-03-02T14:01:52.393+0000] {manager.py:997} INFO - 
================================================================================
DAG File Processing Stats

File Path                                             PID  Runtime      # DAGs    # Errors  Last Runtime    Last Run               Last # of DB Queries
--------------------------------------------------  -----  ---------  --------  ----------  --------------  -------------------  ----------------------
/opt/airflow/dags/flight_fare_stages_2_to_7_dag.py   3027  5.36s             1           0  23.64s          2026-03-02T14:01:16                      10
================================================================================
[2026-03-02T14:02:22.720+0000] {manager.py:997} INFO - 
================================================================================
DAG File Processing Stats

File Path                                           PID    Runtime      # DAGs    # Errors  Last Runtime    Last Run               Last # of DB Queries
--------------------------------------------------  -----  ---------  --------  ----------  --------------  -------------------  ----------------------
/opt/airflow/dags/flight_fare_stages_2_to_7_dag.py                           1           0  11.73s          2026-03-02T14:01:58                      10
================================================================================
[2026-03-02T14:02:47.208+0000] {manager.py:821} INFO - Searching for files in /opt/airflow/dags
[2026-03-02T14:02:47.242+0000] {manager.py:824} INFO - There are 1 files in /opt/airflow/dags
[2026-03-02T14:02:53.335+0000] {manager.py:997} INFO - 
================================================================================
DAG File Processing Stats

File Path                                           PID    Runtime      # DAGs    # Errors  Last Runtime    Last Run               Last # of DB Queries
--------------------------------------------------  -----  ---------  --------  ----------  --------------  -------------------  ----------------------
/opt/airflow/dags/flight_fare_stages_2_to_7_dag.py                           1           0  6.91s           2026-03-02T14:02:36                      10
================================================================================
[2026-03-02T14:03:23.625+0000] {manager.py:997} INFO - 
================================================================================
DAG File Processing Stats

File Path                                           PID    Runtime      # DAGs    # Errors  Last Runtime    Last Run               Last # of DB Queries
--------------------------------------------------  -----  ---------  --------  ----------  --------------  -------------------  ----------------------
/opt/airflow/dags/flight_fare_stages_2_to_7_dag.py                           1           0  3.04s           2026-03-02T14:03:09                      10
================================================================================
[2026-03-02T14:03:53.777+0000] {manager.py:997} INFO - 
================================================================================
DAG File Processing Stats

File Path                                           PID    Runtime      # DAGs    # Errors  Last Runtime    Last Run               Last # of DB Queries
--------------------------------------------------  -----  ---------  --------  ----------  --------------  -------------------  ----------------------
/opt/airflow/dags/flight_fare_stages_2_to_7_dag.py                           1           0  2.91s           2026-03-02T14:03:42                      10
================================================================================
[2026-03-02T14:04:23.945+0000] {manager.py:997} INFO - 
================================================================================
DAG File Processing Stats

File Path                                           PID    Runtime      # DAGs    # Errors  Last Runtime    Last Run               Last # of DB Queries
--------------------------------------------------  -----  ---------  --------  ----------  --------------  -------------------  ----------------------
/opt/airflow/dags/flight_fare_stages_2_to_7_dag.py                           1           0  4.88s           2026-03-02T14:04:17                      10
================================================================================
[2026-03-02T14:04:54.175+0000] {manager.py:997} INFO - 
================================================================================
DAG File Processing Stats

File Path                                           PID    Runtime      # DAGs    # Errors  Last Runtime    Last Run               Last # of DB Queries
--------------------------------------------------  -----  ---------  --------  ----------  --------------  -------------------  ----------------------
/opt/airflow/dags/flight_fare_stages_2_to_7_dag.py                           1           0  3.86s           2026-03-02T14:04:52                      10
================================================================================
[2026-03-02T14:05:24.486+0000] {manager.py:997} INFO - 
================================================================================
DAG File Processing Stats

File Path                                             PID  Runtime      # DAGs    # Errors  Last Runtime    Last Run               Last # of DB Queries
--------------------------------------------------  -----  ---------  --------  ----------  --------------  -------------------  ----------------------
/opt/airflow/dags/flight_fare_stages_2_to_7_dag.py   3111  2.04s             1           0  3.86s           2026-03-02T14:04:52                      10
================================================================================
[2026-03-02T14:05:55.110+0000] {manager.py:997} INFO - 
================================================================================
DAG File Processing Stats

File Path                                           PID    Runtime      # DAGs    # Errors  Last Runtime    Last Run               Last # of DB Queries
--------------------------------------------------  -----  ---------  --------  ----------  --------------  -------------------  ----------------------
/opt/airflow/dags/flight_fare_stages_2_to_7_dag.py                           1           0  9.75s           2026-03-02T14:05:32                      10
================================================================================
[2026-03-02T14:06:25.640+0000] {manager.py:997} INFO - 
================================================================================
DAG File Processing Stats

File Path                                           PID    Runtime      # DAGs    # Errors  Last Runtime    Last Run               Last # of DB Queries
--------------------------------------------------  -----  ---------  --------  ----------  --------------  -------------------  ----------------------
/opt/airflow/dags/flight_fare_stages_2_to_7_dag.py                           1           0  4.04s           2026-03-02T14:06:06                      10
================================================================================
[2026-03-02T14:06:56.527+0000] {manager.py:997} INFO - 
================================================================================
DAG File Processing Stats

File Path                                           PID    Runtime      # DAGs    # Errors  Last Runtime    Last Run               Last # of DB Queries
--------------------------------------------------  -----  ---------  --------  ----------  --------------  -------------------  ----------------------
/opt/airflow/dags/flight_fare_stages_2_to_7_dag.py                           1           0  5.43s           2026-03-02T14:06:42                      10
================================================================================
[2026-03-02T14:07:27.345+0000] {manager.py:997} INFO - 
================================================================================
DAG File Processing Stats

File Path                                           PID    Runtime      # DAGs    # Errors  Last Runtime    Last Run               Last # of DB Queries
--------------------------------------------------  -----  ---------  --------  ----------  --------------  -------------------  ----------------------
/opt/airflow/dags/flight_fare_stages_2_to_7_dag.py                           1           0  12.72s          2026-03-02T14:07:25                      10
================================================================================
[2026-03-02T14:07:47.506+0000] {manager.py:821} INFO - Searching for files in /opt/airflow/dags
[2026-03-02T14:07:47.550+0000] {manager.py:824} INFO - There are 1 files in /opt/airflow/dags
[2026-03-02T14:07:57.692+0000] {manager.py:997} INFO - 
================================================================================
DAG File Processing Stats

File Path                                             PID  Runtime      # DAGs    # Errors  Last Runtime    Last Run               Last # of DB Queries
--------------------------------------------------  -----  ---------  --------  ----------  --------------  -------------------  ----------------------
/opt/airflow/dags/flight_fare_stages_2_to_7_dag.py   3167  1.70s             1           0  12.72s          2026-03-02T14:07:25                      10
================================================================================
[2026-03-02T14:08:27.875+0000] {manager.py:997} INFO - 
================================================================================
DAG File Processing Stats

File Path                                           PID    Runtime      # DAGs    # Errors  Last Runtime    Last Run               Last # of DB Queries
--------------------------------------------------  -----  ---------  --------  ----------  --------------  -------------------  ----------------------
/opt/airflow/dags/flight_fare_stages_2_to_7_dag.py                           1           0  3.98s           2026-03-02T14:07:59                      10
================================================================================
[2026-03-02T14:08:58.115+0000] {manager.py:997} INFO - 
================================================================================
DAG File Processing Stats

File Path                                           PID    Runtime      # DAGs    # Errors  Last Runtime    Last Run               Last # of DB Queries
--------------------------------------------------  -----  ---------  --------  ----------  --------------  -------------------  ----------------------
/opt/airflow/dags/flight_fare_stages_2_to_7_dag.py                           1           0  13.00s          2026-03-02T14:08:43                      10
================================================================================
[2026-03-02T14:09:28.234+0000] {manager.py:997} INFO - 
================================================================================
DAG File Processing Stats

File Path                                           PID    Runtime      # DAGs    # Errors  Last Runtime    Last Run               Last # of DB Queries
--------------------------------------------------  -----  ---------  --------  ----------  --------------  -------------------  ----------------------
/opt/airflow/dags/flight_fare_stages_2_to_7_dag.py                           1           0  5.49s           2026-03-02T14:09:19                      10
================================================================================
[2026-03-02T14:09:58.858+0000] {manager.py:997} INFO - 
================================================================================
DAG File Processing Stats

File Path                                             PID  Runtime      # DAGs    # Errors  Last Runtime    Last Run               Last # of DB Queries
--------------------------------------------------  -----  ---------  --------  ----------  --------------  -------------------  ----------------------
/opt/airflow/dags/flight_fare_stages_2_to_7_dag.py   3209  9.23s             1           0  5.49s           2026-03-02T14:09:19                      10
================================================================================
[2026-03-02T14:10:28.886+0000] {manager.py:997} INFO - 
================================================================================
DAG File Processing Stats

File Path                                           PID    Runtime      # DAGs    # Errors  Last Runtime    Last Run               Last # of DB Queries
--------------------------------------------------  -----  ---------  --------  ----------  --------------  -------------------  ----------------------
/opt/airflow/dags/flight_fare_stages_2_to_7_dag.py                           1           0  13.80s          2026-03-02T14:10:03                      10
================================================================================
[2026-03-02T14:10:59.085+0000] {manager.py:997} INFO - 
================================================================================
DAG File Processing Stats

File Path                                           PID    Runtime      # DAGs    # Errors  Last Runtime    Last Run               Last # of DB Queries
--------------------------------------------------  -----  ---------  --------  ----------  --------------  -------------------  ----------------------
/opt/airflow/dags/flight_fare_stages_2_to_7_dag.py                           1           0  15.13s          2026-03-02T14:10:49                      10
================================================================================
[2026-03-02T14:11:29.855+0000] {manager.py:997} INFO - 
================================================================================
DAG File Processing Stats

File Path                                             PID  Runtime      # DAGs    # Errors  Last Runtime    Last Run               Last # of DB Queries
--------------------------------------------------  -----  ---------  --------  ----------  --------------  -------------------  ----------------------
/opt/airflow/dags/flight_fare_stages_2_to_7_dag.py   3237  9.31s             1           0  15.13s          2026-03-02T14:10:49                      10
================================================================================
[2026-03-02T14:12:00.167+0000] {manager.py:997} INFO - 
================================================================================
DAG File Processing Stats

File Path                                           PID    Runtime      # DAGs    # Errors  Last Runtime    Last Run               Last # of DB Queries
--------------------------------------------------  -----  ---------  --------  ----------  --------------  -------------------  ----------------------
/opt/airflow/dags/flight_fare_stages_2_to_7_dag.py                           1           0  14.46s          2026-03-02T14:11:35                      10
================================================================================
[2026-03-02T14:12:30.466+0000] {manager.py:997} INFO - 
================================================================================
DAG File Processing Stats

File Path                                           PID    Runtime      # DAGs    # Errors  Last Runtime    Last Run               Last # of DB Queries
--------------------------------------------------  -----  ---------  --------  ----------  --------------  -------------------  ----------------------
/opt/airflow/dags/flight_fare_stages_2_to_7_dag.py                           1           0  3.51s           2026-03-02T14:12:08                      10
================================================================================
[2026-03-02T14:12:47.606+0000] {manager.py:821} INFO - Searching for files in /opt/airflow/dags
[2026-03-02T14:12:47.641+0000] {manager.py:824} INFO - There are 1 files in /opt/airflow/dags
[2026-03-02T14:13:00.772+0000] {manager.py:997} INFO - 
================================================================================
DAG File Processing Stats

File Path                                           PID    Runtime      # DAGs    # Errors  Last Runtime    Last Run               Last # of DB Queries
--------------------------------------------------  -----  ---------  --------  ----------  --------------  -------------------  ----------------------
/opt/airflow/dags/flight_fare_stages_2_to_7_dag.py                           1           0  2.88s           2026-03-02T14:12:41                      10
================================================================================
[2026-03-02T14:13:31.140+0000] {manager.py:997} INFO - 
================================================================================
DAG File Processing Stats

File Path                                           PID    Runtime      # DAGs    # Errors  Last Runtime    Last Run               Last # of DB Queries
--------------------------------------------------  -----  ---------  --------  ----------  --------------  -------------------  ----------------------
/opt/airflow/dags/flight_fare_stages_2_to_7_dag.py                           1           0  8.00s           2026-03-02T14:13:20                      10
================================================================================
[2026-03-02T14:14:01.695+0000] {manager.py:997} INFO - 
================================================================================
DAG File Processing Stats

File Path                                           PID    Runtime      # DAGs    # Errors  Last Runtime    Last Run               Last # of DB Queries
--------------------------------------------------  -----  ---------  --------  ----------  --------------  -------------------  ----------------------
/opt/airflow/dags/flight_fare_stages_2_to_7_dag.py                           1           0  2.66s           2026-03-02T14:13:53                      10
================================================================================
[2026-03-02T14:14:31.995+0000] {manager.py:997} INFO - 
================================================================================
DAG File Processing Stats

File Path                                           PID    Runtime      # DAGs    # Errors  Last Runtime    Last Run               Last # of DB Queries
--------------------------------------------------  -----  ---------  --------  ----------  --------------  -------------------  ----------------------
/opt/airflow/dags/flight_fare_stages_2_to_7_dag.py                           1           0  3.82s           2026-03-02T14:14:27                      10
================================================================================
[2026-03-02T14:15:02.171+0000] {manager.py:997} INFO - 
================================================================================
DAG File Processing Stats

File Path                                           PID    Runtime      # DAGs    # Errors  Last Runtime    Last Run               Last # of DB Queries
--------------------------------------------------  -----  ---------  --------  ----------  --------------  -------------------  ----------------------
/opt/airflow/dags/flight_fare_stages_2_to_7_dag.py                           1           0  2.89s           2026-03-02T14:15:00                      10
================================================================================
[2026-03-02T14:15:32.538+0000] {manager.py:997} INFO - 
================================================================================
DAG File Processing Stats

File Path                                             PID  Runtime      # DAGs    # Errors  Last Runtime    Last Run               Last # of DB Queries
--------------------------------------------------  -----  ---------  --------  ----------  --------------  -------------------  ----------------------
/opt/airflow/dags/flight_fare_stages_2_to_7_dag.py   3335  2.09s             1           0  2.89s           2026-03-02T14:15:00                      10
================================================================================
[2026-03-02T14:16:02.722+0000] {manager.py:997} INFO - 
================================================================================
DAG File Processing Stats

File Path                                           PID    Runtime      # DAGs    # Errors  Last Runtime    Last Run               Last # of DB Queries
--------------------------------------------------  -----  ---------  --------  ----------  --------------  -------------------  ----------------------
/opt/airflow/dags/flight_fare_stages_2_to_7_dag.py                           1           0  10.09s          2026-03-02T14:15:40                      10
================================================================================
[2026-03-02T14:16:32.862+0000] {manager.py:997} INFO - 
================================================================================
DAG File Processing Stats

File Path                                           PID    Runtime      # DAGs    # Errors  Last Runtime    Last Run               Last # of DB Queries
--------------------------------------------------  -----  ---------  --------  ----------  --------------  -------------------  ----------------------
/opt/airflow/dags/flight_fare_stages_2_to_7_dag.py                           1           0  2.86s           2026-03-02T14:16:13                      10
================================================================================
[2026-03-02T14:17:03.177+0000] {manager.py:997} INFO - 
================================================================================
DAG File Processing Stats

File Path                                           PID    Runtime      # DAGs    # Errors  Last Runtime    Last Run               Last # of DB Queries
--------------------------------------------------  -----  ---------  --------  ----------  --------------  -------------------  ----------------------
/opt/airflow/dags/flight_fare_stages_2_to_7_dag.py                           1           0  3.28s           2026-03-02T14:16:47                      10
================================================================================
[2026-03-02T14:17:33.315+0000] {manager.py:997} INFO - 
================================================================================
DAG File Processing Stats

File Path                                           PID    Runtime      # DAGs    # Errors  Last Runtime    Last Run               Last # of DB Queries
--------------------------------------------------  -----  ---------  --------  ----------  --------------  -------------------  ----------------------
/opt/airflow/dags/flight_fare_stages_2_to_7_dag.py                           1           0  2.84s           2026-03-02T14:17:20                      10
================================================================================
[2026-03-02T14:17:47.821+0000] {manager.py:821} INFO - Searching for files in /opt/airflow/dags
[2026-03-02T14:17:47.918+0000] {manager.py:824} INFO - There are 1 files in /opt/airflow/dags
[2026-03-02T14:18:03.395+0000] {manager.py:997} INFO - 
================================================================================
DAG File Processing Stats

File Path                                           PID    Runtime      # DAGs    # Errors  Last Runtime    Last Run               Last # of DB Queries
--------------------------------------------------  -----  ---------  --------  ----------  --------------  -------------------  ----------------------
/opt/airflow/dags/flight_fare_stages_2_to_7_dag.py                           1           0  2.78s           2026-03-02T14:17:53                      10
================================================================================
[2026-03-02T14:18:33.440+0000] {manager.py:997} INFO - 
================================================================================
DAG File Processing Stats

File Path                                           PID    Runtime      # DAGs    # Errors  Last Runtime    Last Run               Last # of DB Queries
--------------------------------------------------  -----  ---------  --------  ----------  --------------  -------------------  ----------------------
/opt/airflow/dags/flight_fare_stages_2_to_7_dag.py                           1           0  3.16s           2026-03-02T14:18:26                      10
================================================================================
[2026-03-02T14:19:03.611+0000] {manager.py:997} INFO - 
================================================================================
DAG File Processing Stats

File Path                                           PID    Runtime      # DAGs    # Errors  Last Runtime    Last Run               Last # of DB Queries
--------------------------------------------------  -----  ---------  --------  ----------  --------------  -------------------  ----------------------
/opt/airflow/dags/flight_fare_stages_2_to_7_dag.py                           1           0  2.89s           2026-03-02T14:18:59                      10
================================================================================
[2026-03-02T14:19:33.760+0000] {manager.py:997} INFO - 
================================================================================
DAG File Processing Stats

File Path                                           PID    Runtime      # DAGs    # Errors  Last Runtime    Last Run               Last # of DB Queries
--------------------------------------------------  -----  ---------  --------  ----------  --------------  -------------------  ----------------------
/opt/airflow/dags/flight_fare_stages_2_to_7_dag.py                           1           0  2.85s           2026-03-02T14:19:32                      10
================================================================================
[2026-03-02T14:20:04.174+0000] {manager.py:997} INFO - 
================================================================================
DAG File Processing Stats

File Path                                             PID  Runtime      # DAGs    # Errors  Last Runtime    Last Run               Last # of DB Queries
--------------------------------------------------  -----  ---------  --------  ----------  --------------  -------------------  ----------------------
/opt/airflow/dags/flight_fare_stages_2_to_7_dag.py   3447  1.02s             1           0  2.85s           2026-03-02T14:19:32                      10
================================================================================
[2026-03-02T14:20:34.712+0000] {manager.py:997} INFO - 
================================================================================
DAG File Processing Stats

File Path                                           PID    Runtime      # DAGs    # Errors  Last Runtime    Last Run               Last # of DB Queries
--------------------------------------------------  -----  ---------  --------  ----------  --------------  -------------------  ----------------------
/opt/airflow/dags/flight_fare_stages_2_to_7_dag.py                           1           0  2.75s           2026-03-02T14:20:05                      10
================================================================================
[2026-03-02T14:21:04.971+0000] {manager.py:997} INFO - 
================================================================================
DAG File Processing Stats

File Path                                           PID    Runtime      # DAGs    # Errors  Last Runtime    Last Run               Last # of DB Queries
--------------------------------------------------  -----  ---------  --------  ----------  --------------  -------------------  ----------------------
/opt/airflow/dags/flight_fare_stages_2_to_7_dag.py                           1           0  3.65s           2026-03-02T14:20:39                      10
================================================================================
[2026-03-02T14:21:35.272+0000] {manager.py:997} INFO - 
================================================================================
DAG File Processing Stats

File Path                                           PID    Runtime      # DAGs    # Errors  Last Runtime    Last Run               Last # of DB Queries
--------------------------------------------------  -----  ---------  --------  ----------  --------------  -------------------  ----------------------
/opt/airflow/dags/flight_fare_stages_2_to_7_dag.py                           1           0  2.21s           2026-03-02T14:21:12                      10
================================================================================
[2026-03-02T14:22:05.799+0000] {manager.py:997} INFO - 
================================================================================
DAG File Processing Stats

File Path                                           PID    Runtime      # DAGs    # Errors  Last Runtime    Last Run               Last # of DB Queries
--------------------------------------------------  -----  ---------  --------  ----------  --------------  -------------------  ----------------------
/opt/airflow/dags/flight_fare_stages_2_to_7_dag.py                           1           0  2.43s           2026-03-02T14:21:44                      10
================================================================================
[2026-03-02T14:22:36.059+0000] {manager.py:997} INFO - 
================================================================================
DAG File Processing Stats

File Path                                           PID    Runtime      # DAGs    # Errors  Last Runtime    Last Run               Last # of DB Queries
--------------------------------------------------  -----  ---------  --------  ----------  --------------  -------------------  ----------------------
/opt/airflow/dags/flight_fare_stages_2_to_7_dag.py                           1           0  3.23s           2026-03-02T14:22:18                      10
================================================================================
[2026-03-02T14:22:48.165+0000] {manager.py:821} INFO - Searching for files in /opt/airflow/dags
[2026-03-02T14:22:48.278+0000] {manager.py:824} INFO - There are 1 files in /opt/airflow/dags
[2026-03-02T14:23:06.685+0000] {manager.py:997} INFO - 
================================================================================
DAG File Processing Stats

File Path                                           PID    Runtime      # DAGs    # Errors  Last Runtime    Last Run               Last # of DB Queries
--------------------------------------------------  -----  ---------  --------  ----------  --------------  -------------------  ----------------------
/opt/airflow/dags/flight_fare_stages_2_to_7_dag.py                           1           0  2.38s           2026-03-02T14:22:50                      10
================================================================================
[2026-03-02T14:23:36.768+0000] {manager.py:997} INFO - 
================================================================================
DAG File Processing Stats

File Path                                           PID    Runtime      # DAGs    # Errors  Last Runtime    Last Run               Last # of DB Queries
--------------------------------------------------  -----  ---------  --------  ----------  --------------  -------------------  ----------------------
/opt/airflow/dags/flight_fare_stages_2_to_7_dag.py                           1           0  2.52s           2026-03-02T14:23:23                      10
================================================================================
[2026-03-02T14:24:06.951+0000] {manager.py:997} INFO - 
================================================================================
DAG File Processing Stats

File Path                                           PID    Runtime      # DAGs    # Errors  Last Runtime    Last Run               Last # of DB Queries
--------------------------------------------------  -----  ---------  --------  ----------  --------------  -------------------  ----------------------
/opt/airflow/dags/flight_fare_stages_2_to_7_dag.py                           1           0  2.93s           2026-03-02T14:23:56                      10
================================================================================
[2026-03-02T14:24:37.364+0000] {manager.py:997} INFO - 
================================================================================
DAG File Processing Stats

File Path                                           PID    Runtime      # DAGs    # Errors  Last Runtime    Last Run               Last # of DB Queries
--------------------------------------------------  -----  ---------  --------  ----------  --------------  -------------------  ----------------------
/opt/airflow/dags/flight_fare_stages_2_to_7_dag.py                           1           0  3.40s           2026-03-02T14:24:30                      10
================================================================================
[2026-03-02T14:25:07.539+0000] {manager.py:997} INFO - 
================================================================================
DAG File Processing Stats

File Path                                           PID    Runtime      # DAGs    # Errors  Last Runtime    Last Run               Last # of DB Queries
--------------------------------------------------  -----  ---------  --------  ----------  --------------  -------------------  ----------------------
/opt/airflow/dags/flight_fare_stages_2_to_7_dag.py                           1           0  4.86s           2026-03-02T14:25:05                      10
================================================================================
[2026-03-02T14:25:37.814+0000] {manager.py:997} INFO - 
================================================================================
DAG File Processing Stats

File Path                                             PID  Runtime      # DAGs    # Errors  Last Runtime    Last Run               Last # of DB Queries
--------------------------------------------------  -----  ---------  --------  ----------  --------------  -------------------  ----------------------
/opt/airflow/dags/flight_fare_stages_2_to_7_dag.py   3587  2.03s             1           0  4.86s           2026-03-02T14:25:05                      10
================================================================================
[2026-03-02T14:26:08.399+0000] {manager.py:997} INFO - 
================================================================================
DAG File Processing Stats

File Path                                           PID    Runtime      # DAGs    # Errors  Last Runtime    Last Run               Last # of DB Queries
--------------------------------------------------  -----  ---------  --------  ----------  --------------  -------------------  ----------------------
/opt/airflow/dags/flight_fare_stages_2_to_7_dag.py                           1           0  3.58s           2026-03-02T14:25:39                      10
================================================================================
[2026-03-02T14:26:38.819+0000] {manager.py:997} INFO - 
================================================================================
DAG File Processing Stats

File Path                                           PID    Runtime      # DAGs    # Errors  Last Runtime    Last Run               Last # of DB Queries
--------------------------------------------------  -----  ---------  --------  ----------  --------------  -------------------  ----------------------
/opt/airflow/dags/flight_fare_stages_2_to_7_dag.py                           1           0  2.46s           2026-03-02T14:26:11                      10
================================================================================
[2026-03-02T14:27:09.327+0000] {manager.py:997} INFO - 
================================================================================
DAG File Processing Stats

File Path                                           PID    Runtime      # DAGs    # Errors  Last Runtime    Last Run               Last # of DB Queries
--------------------------------------------------  -----  ---------  --------  ----------  --------------  -------------------  ----------------------
/opt/airflow/dags/flight_fare_stages_2_to_7_dag.py                           1           0  2.25s           2026-03-02T14:26:44                      10
================================================================================
[2026-03-02T14:27:39.798+0000] {manager.py:997} INFO - 
================================================================================
DAG File Processing Stats

File Path                                           PID    Runtime      # DAGs    # Errors  Last Runtime    Last Run               Last # of DB Queries
--------------------------------------------------  -----  ---------  --------  ----------  --------------  -------------------  ----------------------
/opt/airflow/dags/flight_fare_stages_2_to_7_dag.py                           1           0  2.58s           2026-03-02T14:27:16                      10
================================================================================
[2026-03-02T14:27:48.239+0000] {manager.py:821} INFO - Searching for files in /opt/airflow/dags
[2026-03-02T14:27:48.272+0000] {manager.py:824} INFO - There are 1 files in /opt/airflow/dags
[2026-03-02T14:28:09.820+0000] {manager.py:997} INFO - 
================================================================================
DAG File Processing Stats

File Path                                           PID    Runtime      # DAGs    # Errors  Last Runtime    Last Run               Last # of DB Queries
--------------------------------------------------  -----  ---------  --------  ----------  --------------  -------------------  ----------------------
/opt/airflow/dags/flight_fare_stages_2_to_7_dag.py                           1           0  3.45s           2026-03-02T14:27:50                      10
================================================================================
[2026-03-02T14:28:40.009+0000] {manager.py:997} INFO - 
================================================================================
DAG File Processing Stats

File Path                                           PID    Runtime      # DAGs    # Errors  Last Runtime    Last Run               Last # of DB Queries
--------------------------------------------------  -----  ---------  --------  ----------  --------------  -------------------  ----------------------
/opt/airflow/dags/flight_fare_stages_2_to_7_dag.py                           1           0  2.96s           2026-03-02T14:28:23                      10
================================================================================
[2026-03-02T14:29:10.317+0000] {manager.py:997} INFO - 
================================================================================
DAG File Processing Stats

File Path                                           PID    Runtime      # DAGs    # Errors  Last Runtime    Last Run               Last # of DB Queries
--------------------------------------------------  -----  ---------  --------  ----------  --------------  -------------------  ----------------------
/opt/airflow/dags/flight_fare_stages_2_to_7_dag.py                           1           0  3.12s           2026-03-02T14:28:57                      10
================================================================================
[2026-03-02T14:29:40.609+0000] {manager.py:997} INFO - 
================================================================================
DAG File Processing Stats

File Path                                           PID    Runtime      # DAGs    # Errors  Last Runtime    Last Run               Last # of DB Queries
--------------------------------------------------  -----  ---------  --------  ----------  --------------  -------------------  ----------------------
/opt/airflow/dags/flight_fare_stages_2_to_7_dag.py                           1           0  2.24s           2026-03-02T14:29:29                      10
================================================================================
[2026-03-02T14:30:11.037+0000] {manager.py:997} INFO - 
================================================================================
DAG File Processing Stats

File Path                                           PID    Runtime      # DAGs    # Errors  Last Runtime    Last Run               Last # of DB Queries
--------------------------------------------------  -----  ---------  --------  ----------  --------------  -------------------  ----------------------
/opt/airflow/dags/flight_fare_stages_2_to_7_dag.py                           1           0  2.68s           2026-03-02T14:30:02                      10
================================================================================
[2026-03-02T14:30:41.288+0000] {manager.py:997} INFO - 
================================================================================
DAG File Processing Stats

File Path                                           PID    Runtime      # DAGs    # Errors  Last Runtime    Last Run               Last # of DB Queries
--------------------------------------------------  -----  ---------  --------  ----------  --------------  -------------------  ----------------------
/opt/airflow/dags/flight_fare_stages_2_to_7_dag.py                           1           0  2.98s           2026-03-02T14:30:35                      10
================================================================================
[2026-03-02T14:31:11.522+0000] {manager.py:997} INFO - 
================================================================================
DAG File Processing Stats

File Path                                           PID    Runtime      # DAGs    # Errors  Last Runtime    Last Run               Last # of DB Queries
--------------------------------------------------  -----  ---------  --------  ----------  --------------  -------------------  ----------------------
/opt/airflow/dags/flight_fare_stages_2_to_7_dag.py                           1           0  2.91s           2026-03-02T14:31:08                      10
================================================================================
[2026-03-02T14:31:41.806+0000] {manager.py:997} INFO - 
================================================================================
DAG File Processing Stats

File Path                                             PID  Runtime      # DAGs    # Errors  Last Runtime    Last Run               Last # of DB Queries
--------------------------------------------------  -----  ---------  --------  ----------  --------------  -------------------  ----------------------
/opt/airflow/dags/flight_fare_stages_2_to_7_dag.py   3741  2.67s             1           0  2.91s           2026-03-02T14:31:08                      10
================================================================================
[2026-03-02T14:32:12.188+0000] {manager.py:997} INFO - 
================================================================================
DAG File Processing Stats

File Path                                             PID  Runtime      # DAGs    # Errors  Last Runtime    Last Run               Last # of DB Queries
--------------------------------------------------  -----  ---------  --------  ----------  --------------  -------------------  ----------------------
/opt/airflow/dags/flight_fare_stages_2_to_7_dag.py   3755  0.01s             1           0  2.68s           2026-03-02T14:31:41                      10
================================================================================
[2026-03-02T14:32:42.447+0000] {manager.py:997} INFO - 
================================================================================
DAG File Processing Stats

File Path                                           PID    Runtime      # DAGs    # Errors  Last Runtime    Last Run               Last # of DB Queries
--------------------------------------------------  -----  ---------  --------  ----------  --------------  -------------------  ----------------------
/opt/airflow/dags/flight_fare_stages_2_to_7_dag.py                           1           0  3.03s           2026-03-02T14:32:15                      10
================================================================================
[2026-03-02T14:32:48.518+0000] {manager.py:821} INFO - Searching for files in /opt/airflow/dags
[2026-03-02T14:32:48.550+0000] {manager.py:824} INFO - There are 1 files in /opt/airflow/dags
[2026-03-02T14:33:12.794+0000] {manager.py:997} INFO - 
================================================================================
DAG File Processing Stats

File Path                                           PID    Runtime      # DAGs    # Errors  Last Runtime    Last Run               Last # of DB Queries
--------------------------------------------------  -----  ---------  --------  ----------  --------------  -------------------  ----------------------
/opt/airflow/dags/flight_fare_stages_2_to_7_dag.py                           1           0  3.31s           2026-03-02T14:32:48                      10
================================================================================
[2026-03-02T14:33:42.949+0000] {manager.py:997} INFO - 
================================================================================
DAG File Processing Stats

File Path                                           PID    Runtime      # DAGs    # Errors  Last Runtime    Last Run               Last # of DB Queries
--------------------------------------------------  -----  ---------  --------  ----------  --------------  -------------------  ----------------------
/opt/airflow/dags/flight_fare_stages_2_to_7_dag.py                           1           0  2.90s           2026-03-02T14:33:21                      10
================================================================================
[2026-03-02T14:34:13.224+0000] {manager.py:997} INFO - 
================================================================================
DAG File Processing Stats

File Path                                           PID    Runtime      # DAGs    # Errors  Last Runtime    Last Run               Last # of DB Queries
--------------------------------------------------  -----  ---------  --------  ----------  --------------  -------------------  ----------------------
/opt/airflow/dags/flight_fare_stages_2_to_7_dag.py                           1           0  3.05s           2026-03-02T14:33:55                      10
================================================================================
[2026-03-02T14:34:43.362+0000] {manager.py:997} INFO - 
================================================================================
DAG File Processing Stats

File Path                                           PID    Runtime      # DAGs    # Errors  Last Runtime    Last Run               Last # of DB Queries
--------------------------------------------------  -----  ---------  --------  ----------  --------------  -------------------  ----------------------
/opt/airflow/dags/flight_fare_stages_2_to_7_dag.py                           1           0  3.82s           2026-03-02T14:34:29                      10
================================================================================
[2026-03-02T14:35:14.045+0000] {manager.py:997} INFO - 
================================================================================
DAG File Processing Stats

File Path                                           PID    Runtime      # DAGs    # Errors  Last Runtime    Last Run               Last # of DB Queries
--------------------------------------------------  -----  ---------  --------  ----------  --------------  -------------------  ----------------------
/opt/airflow/dags/flight_fare_stages_2_to_7_dag.py                           1           0  6.54s           2026-03-02T14:35:06                      10
================================================================================
[2026-03-02T14:35:44.547+0000] {manager.py:997} INFO - 
================================================================================
DAG File Processing Stats

File Path                                             PID  Runtime      # DAGs    # Errors  Last Runtime    Last Run               Last # of DB Queries
--------------------------------------------------  -----  ---------  --------  ----------  --------------  -------------------  ----------------------
/opt/airflow/dags/flight_fare_stages_2_to_7_dag.py   3839  8.28s             1           0  6.54s           2026-03-02T14:35:06                      10
================================================================================
[2026-03-02T14:36:14.599+0000] {manager.py:997} INFO - 
================================================================================
DAG File Processing Stats

File Path                                           PID    Runtime      # DAGs    # Errors  Last Runtime    Last Run               Last # of DB Queries
--------------------------------------------------  -----  ---------  --------  ----------  --------------  -------------------  ----------------------
/opt/airflow/dags/flight_fare_stages_2_to_7_dag.py                           1           0  10.90s          2026-03-02T14:35:47                      10
================================================================================
[2026-03-02T14:36:44.832+0000] {manager.py:997} INFO - 
================================================================================
DAG File Processing Stats

File Path                                           PID    Runtime      # DAGs    # Errors  Last Runtime    Last Run               Last # of DB Queries
--------------------------------------------------  -----  ---------  --------  ----------  --------------  -------------------  ----------------------
/opt/airflow/dags/flight_fare_stages_2_to_7_dag.py                           1           0  4.00s           2026-03-02T14:36:21                      10
================================================================================
[2026-03-02T14:37:15.235+0000] {manager.py:997} INFO - 
================================================================================
DAG File Processing Stats

File Path                                           PID    Runtime      # DAGs    # Errors  Last Runtime    Last Run               Last # of DB Queries
--------------------------------------------------  -----  ---------  --------  ----------  --------------  -------------------  ----------------------
/opt/airflow/dags/flight_fare_stages_2_to_7_dag.py                           1           0  6.39s           2026-03-02T14:36:58                      10
================================================================================
[2026-03-02T14:37:45.695+0000] {manager.py:997} INFO - 
================================================================================
DAG File Processing Stats

File Path                                           PID    Runtime      # DAGs    # Errors  Last Runtime    Last Run               Last # of DB Queries
--------------------------------------------------  -----  ---------  --------  ----------  --------------  -------------------  ----------------------
/opt/airflow/dags/flight_fare_stages_2_to_7_dag.py                           1           0  2.68s           2026-03-02T14:37:31                      10
================================================================================
[2026-03-02T14:37:48.718+0000] {manager.py:821} INFO - Searching for files in /opt/airflow/dags
[2026-03-02T14:37:48.743+0000] {manager.py:824} INFO - There are 1 files in /opt/airflow/dags
[2026-03-02T14:38:16.442+0000] {manager.py:997} INFO - 
================================================================================
DAG File Processing Stats

File Path                                           PID    Runtime      # DAGs    # Errors  Last Runtime    Last Run               Last # of DB Queries
--------------------------------------------------  -----  ---------  --------  ----------  --------------  -------------------  ----------------------
/opt/airflow/dags/flight_fare_stages_2_to_7_dag.py                           1           0  3.08s           2026-03-02T14:38:04                      10
================================================================================
[2026-03-02T14:38:46.562+0000] {manager.py:997} INFO - 
================================================================================
DAG File Processing Stats

File Path                                           PID    Runtime      # DAGs    # Errors  Last Runtime    Last Run               Last # of DB Queries
--------------------------------------------------  -----  ---------  --------  ----------  --------------  -------------------  ----------------------
/opt/airflow/dags/flight_fare_stages_2_to_7_dag.py                           1           0  2.90s           2026-03-02T14:38:37                      10
================================================================================
[2026-03-02T14:39:16.755+0000] {manager.py:997} INFO - 
================================================================================
DAG File Processing Stats

File Path                                           PID    Runtime      # DAGs    # Errors  Last Runtime    Last Run               Last # of DB Queries
--------------------------------------------------  -----  ---------  --------  ----------  --------------  -------------------  ----------------------
/opt/airflow/dags/flight_fare_stages_2_to_7_dag.py                           1           0  2.95s           2026-03-02T14:39:10                      10
================================================================================
[2026-03-02T14:39:47.227+0000] {manager.py:997} INFO - 
================================================================================
DAG File Processing Stats

File Path                                           PID    Runtime      # DAGs    # Errors  Last Runtime    Last Run               Last # of DB Queries
--------------------------------------------------  -----  ---------  --------  ----------  --------------  -------------------  ----------------------
/opt/airflow/dags/flight_fare_stages_2_to_7_dag.py                           1           0  5.32s           2026-03-02T14:39:46                      10
================================================================================
[2026-03-02T14:40:17.675+0000] {manager.py:997} INFO - 
================================================================================
DAG File Processing Stats

File Path                                             PID  Runtime      # DAGs    # Errors  Last Runtime    Last Run               Last # of DB Queries
--------------------------------------------------  -----  ---------  --------  ----------  --------------  -------------------  ----------------------
/opt/airflow/dags/flight_fare_stages_2_to_7_dag.py   3951  1.12s             1           0  5.32s           2026-03-02T14:39:46                      10
================================================================================
[2026-03-02T14:40:48.101+0000] {manager.py:997} INFO - 
================================================================================
DAG File Processing Stats

File Path                                           PID    Runtime      # DAGs    # Errors  Last Runtime    Last Run               Last # of DB Queries
--------------------------------------------------  -----  ---------  --------  ----------  --------------  -------------------  ----------------------
/opt/airflow/dags/flight_fare_stages_2_to_7_dag.py                           1           0  16.71s          2026-03-02T14:40:33                      10
================================================================================
[2026-03-02T14:41:18.851+0000] {manager.py:997} INFO - 
================================================================================
DAG File Processing Stats

File Path                                           PID    Runtime      # DAGs    # Errors  Last Runtime    Last Run               Last # of DB Queries
--------------------------------------------------  -----  ---------  --------  ----------  --------------  -------------------  ----------------------
/opt/airflow/dags/flight_fare_stages_2_to_7_dag.py                           1           0  4.16s           2026-03-02T14:41:07                      10
================================================================================
[2026-03-02T14:41:49.240+0000] {manager.py:997} INFO - 
================================================================================
DAG File Processing Stats

File Path                                           PID    Runtime      # DAGs    # Errors  Last Runtime    Last Run               Last # of DB Queries
--------------------------------------------------  -----  ---------  --------  ----------  --------------  -------------------  ----------------------
/opt/airflow/dags/flight_fare_stages_2_to_7_dag.py                           1           0  3.41s           2026-03-02T14:41:41                      10
================================================================================
[2026-03-02T14:42:20.027+0000] {manager.py:997} INFO - 
================================================================================
DAG File Processing Stats

File Path                                           PID    Runtime      # DAGs    # Errors  Last Runtime    Last Run               Last # of DB Queries
--------------------------------------------------  -----  ---------  --------  ----------  --------------  -------------------  ----------------------
/opt/airflow/dags/flight_fare_stages_2_to_7_dag.py                           1           0  3.45s           2026-03-02T14:42:15                      10
================================================================================
[2026-03-02T14:42:49.349+0000] {manager.py:821} INFO - Searching for files in /opt/airflow/dags
[2026-03-02T14:42:49.374+0000] {manager.py:824} INFO - There are 1 files in /opt/airflow/dags
[2026-03-02T14:42:50.404+0000] {manager.py:997} INFO - 
================================================================================
DAG File Processing Stats

File Path                                           PID    Runtime      # DAGs    # Errors  Last Runtime    Last Run               Last # of DB Queries
--------------------------------------------------  -----  ---------  --------  ----------  --------------  -------------------  ----------------------
/opt/airflow/dags/flight_fare_stages_2_to_7_dag.py                           1           0  3.18s           2026-03-02T14:42:48                      10
================================================================================
[2026-03-02T14:43:20.717+0000] {manager.py:997} INFO - 
================================================================================
DAG File Processing Stats

File Path                                             PID  Runtime      # DAGs    # Errors  Last Runtime    Last Run               Last # of DB Queries
--------------------------------------------------  -----  ---------  --------  ----------  --------------  -------------------  ----------------------
/opt/airflow/dags/flight_fare_stages_2_to_7_dag.py   4021  2.03s             1           0  3.18s           2026-03-02T14:42:48                      10
================================================================================
[2026-03-02T14:43:50.737+0000] {manager.py:997} INFO - 
================================================================================
DAG File Processing Stats

File Path                                           PID    Runtime      # DAGs    # Errors  Last Runtime    Last Run               Last # of DB Queries
--------------------------------------------------  -----  ---------  --------  ----------  --------------  -------------------  ----------------------
/opt/airflow/dags/flight_fare_stages_2_to_7_dag.py                           1           0  2.81s           2026-03-02T14:43:21                      10
================================================================================
[2026-03-02T14:44:20.868+0000] {manager.py:997} INFO - 
================================================================================
DAG File Processing Stats

File Path                                           PID    Runtime      # DAGs    # Errors  Last Runtime    Last Run               Last # of DB Queries
--------------------------------------------------  -----  ---------  --------  ----------  --------------  -------------------  ----------------------
/opt/airflow/dags/flight_fare_stages_2_to_7_dag.py                           1           0  2.89s           2026-03-02T14:43:54                      10
================================================================================
[2026-03-02T14:44:50.953+0000] {manager.py:997} INFO - 
================================================================================
DAG File Processing Stats

File Path                                           PID    Runtime      # DAGs    # Errors  Last Runtime    Last Run               Last # of DB Queries
--------------------------------------------------  -----  ---------  --------  ----------  --------------  -------------------  ----------------------
/opt/airflow/dags/flight_fare_stages_2_to_7_dag.py                           1           0  3.70s           2026-03-02T14:44:28                      10
================================================================================
[2026-03-02T14:45:21.173+0000] {manager.py:997} INFO - 
================================================================================
DAG File Processing Stats

File Path                                           PID    Runtime      # DAGs    # Errors  Last Runtime    Last Run               Last # of DB Queries
--------------------------------------------------  -----  ---------  --------  ----------  --------------  -------------------  ----------------------
/opt/airflow/dags/flight_fare_stages_2_to_7_dag.py                           1           0  3.97s           2026-03-02T14:45:02                      10
================================================================================
[2026-03-02T14:45:51.756+0000] {manager.py:997} INFO - 
================================================================================
DAG File Processing Stats

File Path                                           PID    Runtime      # DAGs    # Errors  Last Runtime    Last Run               Last # of DB Queries
--------------------------------------------------  -----  ---------  --------  ----------  --------------  -------------------  ----------------------
/opt/airflow/dags/flight_fare_stages_2_to_7_dag.py                           1           0  6.17s           2026-03-02T14:45:39                      10
================================================================================
[2026-03-02T14:46:22.005+0000] {manager.py:997} INFO - 
================================================================================
DAG File Processing Stats

File Path                                           PID    Runtime      # DAGs    # Errors  Last Runtime    Last Run               Last # of DB Queries
--------------------------------------------------  -----  ---------  --------  ----------  --------------  -------------------  ----------------------
/opt/airflow/dags/flight_fare_stages_2_to_7_dag.py                           1           0  3.01s           2026-03-02T14:46:12                      10
================================================================================
[2026-03-02T14:46:52.024+0000] {manager.py:997} INFO - 
================================================================================
DAG File Processing Stats

File Path                                           PID    Runtime      # DAGs    # Errors  Last Runtime    Last Run               Last # of DB Queries
--------------------------------------------------  -----  ---------  --------  ----------  --------------  -------------------  ----------------------
/opt/airflow/dags/flight_fare_stages_2_to_7_dag.py                           1           0  3.78s           2026-03-02T14:46:46                      10
================================================================================
[2026-03-02T14:47:22.668+0000] {manager.py:997} INFO - 
================================================================================
DAG File Processing Stats

File Path                                           PID    Runtime      # DAGs    # Errors  Last Runtime    Last Run               Last # of DB Queries
--------------------------------------------------  -----  ---------  --------  ----------  --------------  -------------------  ----------------------
/opt/airflow/dags/flight_fare_stages_2_to_7_dag.py                           1           0  2.71s           2026-03-02T14:47:19                      10
================================================================================
[2026-03-02T14:47:49.415+0000] {manager.py:821} INFO - Searching for files in /opt/airflow/dags
[2026-03-02T14:47:49.462+0000] {manager.py:824} INFO - There are 1 files in /opt/airflow/dags
[2026-03-02T14:47:52.746+0000] {manager.py:997} INFO - 
================================================================================
DAG File Processing Stats

File Path                                             PID  Runtime      # DAGs    # Errors  Last Runtime    Last Run               Last # of DB Queries
--------------------------------------------------  -----  ---------  --------  ----------  --------------  -------------------  ----------------------
/opt/airflow/dags/flight_fare_stages_2_to_7_dag.py   4133  2.20s             1           0  2.71s           2026-03-02T14:47:19                      10
================================================================================
[2026-03-02T14:48:23.202+0000] {manager.py:997} INFO - 
================================================================================
DAG File Processing Stats

File Path                                           PID    Runtime      # DAGs    # Errors  Last Runtime    Last Run               Last # of DB Queries
--------------------------------------------------  -----  ---------  --------  ----------  --------------  -------------------  ----------------------
/opt/airflow/dags/flight_fare_stages_2_to_7_dag.py                           1           0  5.62s           2026-03-02T14:47:56                      10
================================================================================
[2026-03-02T14:48:53.256+0000] {manager.py:997} INFO - 
================================================================================
DAG File Processing Stats

File Path                                           PID    Runtime      # DAGs    # Errors  Last Runtime    Last Run               Last # of DB Queries
--------------------------------------------------  -----  ---------  --------  ----------  --------------  -------------------  ----------------------
/opt/airflow/dags/flight_fare_stages_2_to_7_dag.py                           1           0  3.80s           2026-03-02T14:48:30                      10
================================================================================
[2026-03-02T14:49:23.515+0000] {manager.py:997} INFO - 
================================================================================
DAG File Processing Stats

File Path                                           PID    Runtime      # DAGs    # Errors  Last Runtime    Last Run               Last # of DB Queries
--------------------------------------------------  -----  ---------  --------  ----------  --------------  -------------------  ----------------------
/opt/airflow/dags/flight_fare_stages_2_to_7_dag.py                           1           0  3.20s           2026-03-02T14:49:03                      10
================================================================================
[2026-03-02T14:49:53.551+0000] {manager.py:997} INFO - 
================================================================================
DAG File Processing Stats

File Path                                           PID    Runtime      # DAGs    # Errors  Last Runtime    Last Run               Last # of DB Queries
--------------------------------------------------  -----  ---------  --------  ----------  --------------  -------------------  ----------------------
/opt/airflow/dags/flight_fare_stages_2_to_7_dag.py                           1           0  3.80s           2026-03-02T14:49:37                      10
================================================================================
[2026-03-02T14:50:23.806+0000] {manager.py:997} INFO - 
================================================================================
DAG File Processing Stats

File Path                                           PID    Runtime      # DAGs    # Errors  Last Runtime    Last Run               Last # of DB Queries
--------------------------------------------------  -----  ---------  --------  ----------  --------------  -------------------  ----------------------
/opt/airflow/dags/flight_fare_stages_2_to_7_dag.py                           1           0  3.01s           2026-03-02T14:50:10                      10
================================================================================
[2026-03-02T14:50:53.957+0000] {manager.py:997} INFO - 
================================================================================
DAG File Processing Stats

File Path                                           PID    Runtime      # DAGs    # Errors  Last Runtime    Last Run               Last # of DB Queries
--------------------------------------------------  -----  ---------  --------  ----------  --------------  -------------------  ----------------------
/opt/airflow/dags/flight_fare_stages_2_to_7_dag.py                           1           0  2.92s           2026-03-02T14:50:43                      10
================================================================================
[2026-03-02T14:51:24.012+0000] {manager.py:997} INFO - 
================================================================================
DAG File Processing Stats

File Path                                           PID    Runtime      # DAGs    # Errors  Last Runtime    Last Run               Last # of DB Queries
--------------------------------------------------  -----  ---------  --------  ----------  --------------  -------------------  ----------------------
/opt/airflow/dags/flight_fare_stages_2_to_7_dag.py                           1           0  2.83s           2026-03-02T14:51:16                      10
================================================================================
[2026-03-02T14:51:54.030+0000] {manager.py:997} INFO - 
================================================================================
DAG File Processing Stats

File Path                                             PID  Runtime      # DAGs    # Errors  Last Runtime    Last Run               Last # of DB Queries
--------------------------------------------------  -----  ---------  --------  ----------  --------------  -------------------  ----------------------
/opt/airflow/dags/flight_fare_stages_2_to_7_dag.py   4231  6.83s             1           0  2.83s           2026-03-02T14:51:16                      10
================================================================================
[2026-03-02T14:52:24.322+0000] {manager.py:997} INFO - 
================================================================================
DAG File Processing Stats

File Path                                           PID    Runtime      # DAGs    # Errors  Last Runtime    Last Run               Last # of DB Queries
--------------------------------------------------  -----  ---------  --------  ----------  --------------  -------------------  ----------------------
/opt/airflow/dags/flight_fare_stages_2_to_7_dag.py                           1           0  8.82s           2026-03-02T14:51:56                      10
================================================================================
[2026-03-02T14:52:49.664+0000] {manager.py:821} INFO - Searching for files in /opt/airflow/dags
[2026-03-02T14:52:49.697+0000] {manager.py:824} INFO - There are 1 files in /opt/airflow/dags
[2026-03-02T14:52:54.766+0000] {manager.py:997} INFO - 
================================================================================
DAG File Processing Stats

File Path                                           PID    Runtime      # DAGs    # Errors  Last Runtime    Last Run               Last # of DB Queries
--------------------------------------------------  -----  ---------  --------  ----------  --------------  -------------------  ----------------------
/opt/airflow/dags/flight_fare_stages_2_to_7_dag.py                           1           0  19.22s          2026-03-02T14:52:45                      10
================================================================================
[2026-03-02T14:53:25.326+0000] {manager.py:997} INFO - 
================================================================================
DAG File Processing Stats

File Path                                           PID    Runtime      # DAGs    # Errors  Last Runtime    Last Run               Last # of DB Queries
--------------------------------------------------  -----  ---------  --------  ----------  --------------  -------------------  ----------------------
/opt/airflow/dags/flight_fare_stages_2_to_7_dag.py                           1           0  2.72s           2026-03-02T14:53:18                      10
================================================================================
[2026-03-02T14:53:55.589+0000] {manager.py:997} INFO - 
================================================================================
DAG File Processing Stats

File Path                                           PID    Runtime      # DAGs    # Errors  Last Runtime    Last Run               Last # of DB Queries
--------------------------------------------------  -----  ---------  --------  ----------  --------------  -------------------  ----------------------
/opt/airflow/dags/flight_fare_stages_2_to_7_dag.py                           1           0  3.82s           2026-03-02T14:53:52                      10
================================================================================
[2026-03-02T14:54:25.899+0000] {manager.py:997} INFO - 
================================================================================
DAG File Processing Stats

File Path                                             PID  Runtime      # DAGs    # Errors  Last Runtime    Last Run               Last # of DB Queries
--------------------------------------------------  -----  ---------  --------  ----------  --------------  -------------------  ----------------------
/opt/airflow/dags/flight_fare_stages_2_to_7_dag.py   4287  3.06s             1           0  3.82s           2026-03-02T14:53:52                      10
================================================================================
[2026-03-02T14:54:56.224+0000] {manager.py:997} INFO - 
================================================================================
DAG File Processing Stats

File Path                                           PID    Runtime      # DAGs    # Errors  Last Runtime    Last Run               Last # of DB Queries
--------------------------------------------------  -----  ---------  --------  ----------  --------------  -------------------  ----------------------
/opt/airflow/dags/flight_fare_stages_2_to_7_dag.py                           1           0  3.95s           2026-03-02T14:54:26                      10
================================================================================
[2026-03-02T14:55:26.921+0000] {manager.py:997} INFO - 
================================================================================
DAG File Processing Stats

File Path                                           PID    Runtime      # DAGs    # Errors  Last Runtime    Last Run               Last # of DB Queries
--------------------------------------------------  -----  ---------  --------  ----------  --------------  -------------------  ----------------------
/opt/airflow/dags/flight_fare_stages_2_to_7_dag.py                           1           0  4.92s           2026-03-02T14:55:02                      10
================================================================================
[2026-03-02T14:55:57.077+0000] {manager.py:997} INFO - 
================================================================================
DAG File Processing Stats

File Path                                           PID    Runtime      # DAGs    # Errors  Last Runtime    Last Run               Last # of DB Queries
--------------------------------------------------  -----  ---------  --------  ----------  --------------  -------------------  ----------------------
/opt/airflow/dags/flight_fare_stages_2_to_7_dag.py                           1           0  2.92s           2026-03-02T14:55:35                      10
================================================================================
[2026-03-02T14:56:27.783+0000] {manager.py:997} INFO - 
================================================================================
DAG File Processing Stats

File Path                                           PID    Runtime      # DAGs    # Errors  Last Runtime    Last Run               Last # of DB Queries
--------------------------------------------------  -----  ---------  --------  ----------  --------------  -------------------  ----------------------
/opt/airflow/dags/flight_fare_stages_2_to_7_dag.py                           1           0  4.62s           2026-03-02T14:56:10                      10
================================================================================
[2026-03-02T14:56:58.178+0000] {manager.py:997} INFO - 
================================================================================
DAG File Processing Stats

File Path                                           PID    Runtime      # DAGs    # Errors  Last Runtime    Last Run               Last # of DB Queries
--------------------------------------------------  -----  ---------  --------  ----------  --------------  -------------------  ----------------------
/opt/airflow/dags/flight_fare_stages_2_to_7_dag.py                           1           0  2.62s           2026-03-02T14:56:43                      10
================================================================================
[2026-03-02T14:57:28.598+0000] {manager.py:997} INFO - 
================================================================================
DAG File Processing Stats

File Path                                           PID    Runtime      # DAGs    # Errors  Last Runtime    Last Run               Last # of DB Queries
--------------------------------------------------  -----  ---------  --------  ----------  --------------  -------------------  ----------------------
/opt/airflow/dags/flight_fare_stages_2_to_7_dag.py                           1           0  6.37s           2026-03-02T14:57:20                      10
================================================================================
[2026-03-02T14:57:50.070+0000] {manager.py:821} INFO - Searching for files in /opt/airflow/dags
[2026-03-02T14:57:50.125+0000] {manager.py:824} INFO - There are 1 files in /opt/airflow/dags
[2026-03-02T14:57:58.933+0000] {manager.py:997} INFO - 
================================================================================
DAG File Processing Stats

File Path                                             PID  Runtime      # DAGs    # Errors  Last Runtime    Last Run               Last # of DB Queries
--------------------------------------------------  -----  ---------  --------  ----------  --------------  -------------------  ----------------------
/opt/airflow/dags/flight_fare_stages_2_to_7_dag.py   4371  8.40s             1           0  6.37s           2026-03-02T14:57:20                      10
================================================================================
[2026-03-02T14:58:29.203+0000] {manager.py:997} INFO - 
================================================================================
DAG File Processing Stats

File Path                                           PID    Runtime      # DAGs    # Errors  Last Runtime    Last Run               Last # of DB Queries
--------------------------------------------------  -----  ---------  --------  ----------  --------------  -------------------  ----------------------
/opt/airflow/dags/flight_fare_stages_2_to_7_dag.py                           1           0  12.52s          2026-03-02T14:58:03                      10
================================================================================
[2026-03-02T14:58:59.236+0000] {manager.py:997} INFO - 
================================================================================
DAG File Processing Stats

File Path                                           PID    Runtime      # DAGs    # Errors  Last Runtime    Last Run               Last # of DB Queries
--------------------------------------------------  -----  ---------  --------  ----------  --------------  -------------------  ----------------------
/opt/airflow/dags/flight_fare_stages_2_to_7_dag.py                           1           0  3.79s           2026-03-02T14:58:37                      10
================================================================================
[2026-03-02T14:59:29.773+0000] {manager.py:997} INFO - 
================================================================================
DAG File Processing Stats

File Path                                           PID    Runtime      # DAGs    # Errors  Last Runtime    Last Run               Last # of DB Queries
--------------------------------------------------  -----  ---------  --------  ----------  --------------  -------------------  ----------------------
/opt/airflow/dags/flight_fare_stages_2_to_7_dag.py                           1           0  3.61s           2026-03-02T14:59:10                      10
================================================================================
[2026-03-02T15:00:00.036+0000] {manager.py:997} INFO - 
================================================================================
DAG File Processing Stats

File Path                                           PID    Runtime      # DAGs    # Errors  Last Runtime    Last Run               Last # of DB Queries
--------------------------------------------------  -----  ---------  --------  ----------  --------------  -------------------  ----------------------
/opt/airflow/dags/flight_fare_stages_2_to_7_dag.py                           1           0  2.88s           2026-03-02T14:59:44                      10
================================================================================
[2026-03-02T15:00:30.252+0000] {manager.py:997} INFO - 
================================================================================
DAG File Processing Stats

File Path                                           PID    Runtime      # DAGs    # Errors  Last Runtime    Last Run               Last # of DB Queries
--------------------------------------------------  -----  ---------  --------  ----------  --------------  -------------------  ----------------------
/opt/airflow/dags/flight_fare_stages_2_to_7_dag.py                           1           0  3.95s           2026-03-02T15:00:18                      10
================================================================================
[2026-03-02T15:01:00.281+0000] {manager.py:997} INFO - 
================================================================================
DAG File Processing Stats

File Path                                           PID    Runtime      # DAGs    # Errors  Last Runtime    Last Run               Last # of DB Queries
--------------------------------------------------  -----  ---------  --------  ----------  --------------  -------------------  ----------------------
/opt/airflow/dags/flight_fare_stages_2_to_7_dag.py                           1           0  3.73s           2026-03-02T15:00:52                      10
================================================================================
[2026-03-02T15:01:30.560+0000] {manager.py:997} INFO - 
================================================================================
DAG File Processing Stats

File Path                                             PID  Runtime      # DAGs    # Errors  Last Runtime    Last Run               Last # of DB Queries
--------------------------------------------------  -----  ---------  --------  ----------  --------------  -------------------  ----------------------
/opt/airflow/dags/flight_fare_stages_2_to_7_dag.py   4455  8.24s             1           0  3.73s           2026-03-02T15:00:52                      10
================================================================================
[2026-03-02T15:02:00.999+0000] {manager.py:997} INFO - 
================================================================================
DAG File Processing Stats

File Path                                           PID    Runtime      # DAGs    # Errors  Last Runtime    Last Run               Last # of DB Queries
--------------------------------------------------  -----  ---------  --------  ----------  --------------  -------------------  ----------------------
/opt/airflow/dags/flight_fare_stages_2_to_7_dag.py                           1           0  14.44s          2026-03-02T15:01:36                      10
================================================================================
[2026-03-02T15:02:31.095+0000] {manager.py:997} INFO - 
================================================================================
DAG File Processing Stats

File Path                                           PID    Runtime      # DAGs    # Errors  Last Runtime    Last Run               Last # of DB Queries
--------------------------------------------------  -----  ---------  --------  ----------  --------------  -------------------  ----------------------
/opt/airflow/dags/flight_fare_stages_2_to_7_dag.py                           1           0  3.84s           2026-03-02T15:02:10                      10
================================================================================
[2026-03-02T15:02:50.178+0000] {manager.py:821} INFO - Searching for files in /opt/airflow/dags
[2026-03-02T15:02:50.205+0000] {manager.py:824} INFO - There are 1 files in /opt/airflow/dags
[2026-03-02T15:03:01.317+0000] {manager.py:997} INFO - 
================================================================================
DAG File Processing Stats

File Path                                           PID    Runtime      # DAGs    # Errors  Last Runtime    Last Run               Last # of DB Queries
--------------------------------------------------  -----  ---------  --------  ----------  --------------  -------------------  ----------------------
/opt/airflow/dags/flight_fare_stages_2_to_7_dag.py                           1           0  2.93s           2026-03-02T15:02:44                      10
================================================================================
[2026-03-02T15:03:31.789+0000] {manager.py:997} INFO - 
================================================================================
DAG File Processing Stats

File Path                                           PID    Runtime      # DAGs    # Errors  Last Runtime    Last Run               Last # of DB Queries
--------------------------------------------------  -----  ---------  --------  ----------  --------------  -------------------  ----------------------
/opt/airflow/dags/flight_fare_stages_2_to_7_dag.py                           1           0  2.68s           2026-03-02T15:03:17                      10
================================================================================
[2026-03-02T15:04:02.038+0000] {manager.py:997} INFO - 
================================================================================
DAG File Processing Stats

File Path                                           PID    Runtime      # DAGs    # Errors  Last Runtime    Last Run               Last # of DB Queries
--------------------------------------------------  -----  ---------  --------  ----------  --------------  -------------------  ----------------------
/opt/airflow/dags/flight_fare_stages_2_to_7_dag.py                           1           0  2.81s           2026-03-02T15:03:50                      10
================================================================================
[2026-03-02T15:04:32.399+0000] {manager.py:997} INFO - 
================================================================================
DAG File Processing Stats

File Path                                           PID    Runtime      # DAGs    # Errors  Last Runtime    Last Run               Last # of DB Queries
--------------------------------------------------  -----  ---------  --------  ----------  --------------  -------------------  ----------------------
/opt/airflow/dags/flight_fare_stages_2_to_7_dag.py                           1           0  2.72s           2026-03-02T15:04:23                      10
================================================================================
[2026-03-02T15:05:02.545+0000] {manager.py:997} INFO - 
================================================================================
DAG File Processing Stats

File Path                                           PID    Runtime      # DAGs    # Errors  Last Runtime    Last Run               Last # of DB Queries
--------------------------------------------------  -----  ---------  --------  ----------  --------------  -------------------  ----------------------
/opt/airflow/dags/flight_fare_stages_2_to_7_dag.py                           1           0  4.90s           2026-03-02T15:04:58                      10
================================================================================
[2026-03-02T15:05:32.573+0000] {manager.py:997} INFO - 
================================================================================
DAG File Processing Stats

File Path                                           PID    Runtime      # DAGs    # Errors  Last Runtime    Last Run               Last # of DB Queries
--------------------------------------------------  -----  ---------  --------  ----------  --------------  -------------------  ----------------------
/opt/airflow/dags/flight_fare_stages_2_to_7_dag.py                           1           0  2.73s           2026-03-02T15:05:31                      10
================================================================================
[2026-03-02T15:06:02.849+0000] {manager.py:997} INFO - 
================================================================================
DAG File Processing Stats

File Path                                             PID  Runtime      # DAGs    # Errors  Last Runtime    Last Run               Last # of DB Queries
--------------------------------------------------  -----  ---------  --------  ----------  --------------  -------------------  ----------------------
/opt/airflow/dags/flight_fare_stages_2_to_7_dag.py   4567  1.03s             1           0  2.73s           2026-03-02T15:05:31                      10
================================================================================
[2026-03-02T15:06:33.016+0000] {manager.py:997} INFO - 
================================================================================
DAG File Processing Stats

File Path                                           PID    Runtime      # DAGs    # Errors  Last Runtime    Last Run               Last # of DB Queries
--------------------------------------------------  -----  ---------  --------  ----------  --------------  -------------------  ----------------------
/opt/airflow/dags/flight_fare_stages_2_to_7_dag.py                           1           0  2.96s           2026-03-02T15:06:04                      10
================================================================================
[2026-03-02T15:07:03.298+0000] {manager.py:997} INFO - 
================================================================================
DAG File Processing Stats

File Path                                           PID    Runtime      # DAGs    # Errors  Last Runtime    Last Run               Last # of DB Queries
--------------------------------------------------  -----  ---------  --------  ----------  --------------  -------------------  ----------------------
/opt/airflow/dags/flight_fare_stages_2_to_7_dag.py                           1           0  3.08s           2026-03-02T15:06:38                      10
================================================================================
[2026-03-02T15:07:33.635+0000] {manager.py:997} INFO - 
================================================================================
DAG File Processing Stats

File Path                                           PID    Runtime      # DAGs    # Errors  Last Runtime    Last Run               Last # of DB Queries
--------------------------------------------------  -----  ---------  --------  ----------  --------------  -------------------  ----------------------
/opt/airflow/dags/flight_fare_stages_2_to_7_dag.py                           1           0  4.18s           2026-03-02T15:07:12                      10
================================================================================
[2026-03-02T15:07:50.319+0000] {manager.py:821} INFO - Searching for files in /opt/airflow/dags
[2026-03-02T15:07:50.351+0000] {manager.py:824} INFO - There are 1 files in /opt/airflow/dags
[2026-03-02T15:08:04.039+0000] {manager.py:997} INFO - 
================================================================================
DAG File Processing Stats

File Path                                           PID    Runtime      # DAGs    # Errors  Last Runtime    Last Run               Last # of DB Queries
--------------------------------------------------  -----  ---------  --------  ----------  --------------  -------------------  ----------------------
/opt/airflow/dags/flight_fare_stages_2_to_7_dag.py                           1           0  3.54s           2026-03-02T15:07:46                      10
================================================================================
[2026-03-02T15:08:34.607+0000] {manager.py:997} INFO - 
================================================================================
DAG File Processing Stats

File Path                                           PID    Runtime      # DAGs    # Errors  Last Runtime    Last Run               Last # of DB Queries
--------------------------------------------------  -----  ---------  --------  ----------  --------------  -------------------  ----------------------
/opt/airflow/dags/flight_fare_stages_2_to_7_dag.py                           1           0  4.86s           2026-03-02T15:08:21                      10
================================================================================
[2026-03-02T15:09:05.465+0000] {manager.py:997} INFO - 
================================================================================
DAG File Processing Stats

File Path                                           PID    Runtime      # DAGs    # Errors  Last Runtime    Last Run               Last # of DB Queries
--------------------------------------------------  -----  ---------  --------  ----------  --------------  -------------------  ----------------------
/opt/airflow/dags/flight_fare_stages_2_to_7_dag.py                           1           0  6.23s           2026-03-02T15:08:58                      10
================================================================================
[2026-03-02T15:09:35.775+0000] {manager.py:997} INFO - 
================================================================================
DAG File Processing Stats

File Path                                           PID    Runtime      # DAGs    # Errors  Last Runtime    Last Run               Last # of DB Queries
--------------------------------------------------  -----  ---------  --------  ----------  --------------  -------------------  ----------------------
/opt/airflow/dags/flight_fare_stages_2_to_7_dag.py                           1           0  3.15s           2026-03-02T15:09:31                      10
================================================================================
[2026-03-02T15:10:06.106+0000] {manager.py:997} INFO - 
================================================================================
DAG File Processing Stats

File Path                                           PID    Runtime      # DAGs    # Errors  Last Runtime    Last Run               Last # of DB Queries
--------------------------------------------------  -----  ---------  --------  ----------  --------------  -------------------  ----------------------
/opt/airflow/dags/flight_fare_stages_2_to_7_dag.py                           1           0  3.43s           2026-03-02T15:10:05                      10
================================================================================
[2026-03-02T15:10:36.368+0000] {manager.py:997} INFO - 
================================================================================
DAG File Processing Stats

File Path                                             PID  Runtime      # DAGs    # Errors  Last Runtime    Last Run               Last # of DB Queries
--------------------------------------------------  -----  ---------  --------  ----------  --------------  -------------------  ----------------------
/opt/airflow/dags/flight_fare_stages_2_to_7_dag.py   4679  0.64s             1           0  3.43s           2026-03-02T15:10:05                      10
================================================================================
[2026-03-02T15:11:07.008+0000] {manager.py:997} INFO - 
================================================================================
DAG File Processing Stats

File Path                                           PID    Runtime      # DAGs    # Errors  Last Runtime    Last Run               Last # of DB Queries
--------------------------------------------------  -----  ---------  --------  ----------  --------------  -------------------  ----------------------
/opt/airflow/dags/flight_fare_stages_2_to_7_dag.py                           1           0  4.11s           2026-03-02T15:10:39                      10
================================================================================
[2026-03-02T15:11:37.356+0000] {manager.py:997} INFO - 
================================================================================
DAG File Processing Stats

File Path                                           PID    Runtime      # DAGs    # Errors  Last Runtime    Last Run               Last # of DB Queries
--------------------------------------------------  -----  ---------  --------  ----------  --------------  -------------------  ----------------------
/opt/airflow/dags/flight_fare_stages_2_to_7_dag.py                           1           0  4.13s           2026-03-02T15:11:14                      10
================================================================================
[2026-03-02T15:12:07.510+0000] {manager.py:997} INFO - 
================================================================================
DAG File Processing Stats

File Path                                           PID    Runtime      # DAGs    # Errors  Last Runtime    Last Run               Last # of DB Queries
--------------------------------------------------  -----  ---------  --------  ----------  --------------  -------------------  ----------------------
/opt/airflow/dags/flight_fare_stages_2_to_7_dag.py                           1           0  2.75s           2026-03-02T15:11:47                      10
================================================================================
[2026-03-02T15:12:38.022+0000] {manager.py:997} INFO - 
================================================================================
DAG File Processing Stats

File Path                                           PID    Runtime      # DAGs    # Errors  Last Runtime    Last Run               Last # of DB Queries
--------------------------------------------------  -----  ---------  --------  ----------  --------------  -------------------  ----------------------
/opt/airflow/dags/flight_fare_stages_2_to_7_dag.py                           1           0  9.29s           2026-03-02T15:12:26                      10
================================================================================
[2026-03-02T15:12:51.144+0000] {manager.py:821} INFO - Searching for files in /opt/airflow/dags
[2026-03-02T15:12:51.175+0000] {manager.py:824} INFO - There are 1 files in /opt/airflow/dags
[2026-03-02T15:13:08.385+0000] {manager.py:997} INFO - 
================================================================================
DAG File Processing Stats

File Path                                           PID    Runtime      # DAGs    # Errors  Last Runtime    Last Run               Last # of DB Queries
--------------------------------------------------  -----  ---------  --------  ----------  --------------  -------------------  ----------------------
/opt/airflow/dags/flight_fare_stages_2_to_7_dag.py                           1           0  4.04s           2026-03-02T15:13:01                      10
================================================================================
[2026-03-02T15:13:38.660+0000] {manager.py:997} INFO - 
================================================================================
DAG File Processing Stats

File Path                                           PID    Runtime      # DAGs    # Errors  Last Runtime    Last Run               Last # of DB Queries
--------------------------------------------------  -----  ---------  --------  ----------  --------------  -------------------  ----------------------
/opt/airflow/dags/flight_fare_stages_2_to_7_dag.py                           1           0  2.69s           2026-03-02T15:13:34                      10
================================================================================
[2026-03-02T15:14:08.900+0000] {manager.py:997} INFO - 
================================================================================
DAG File Processing Stats

File Path                                           PID    Runtime      # DAGs    # Errors  Last Runtime    Last Run               Last # of DB Queries
--------------------------------------------------  -----  ---------  --------  ----------  --------------  -------------------  ----------------------
/opt/airflow/dags/flight_fare_stages_2_to_7_dag.py                           1           0  2.88s           2026-03-02T15:14:07                      10
================================================================================
[2026-03-02T15:14:39.157+0000] {manager.py:997} INFO - 
================================================================================
DAG File Processing Stats

File Path                                             PID  Runtime      # DAGs    # Errors  Last Runtime    Last Run               Last # of DB Queries
--------------------------------------------------  -----  ---------  --------  ----------  --------------  -------------------  ----------------------
/opt/airflow/dags/flight_fare_stages_2_to_7_dag.py   4777  1.49s             1           0  2.88s           2026-03-02T15:14:07                      10
================================================================================
[2026-03-02T15:15:09.168+0000] {manager.py:997} INFO - 
================================================================================
DAG File Processing Stats

File Path                                           PID    Runtime      # DAGs    # Errors  Last Runtime    Last Run               Last # of DB Queries
--------------------------------------------------  -----  ---------  --------  ----------  --------------  -------------------  ----------------------
/opt/airflow/dags/flight_fare_stages_2_to_7_dag.py                           1           0  3.26s           2026-03-02T15:14:40                      10
================================================================================
[2026-03-02T15:15:39.413+0000] {manager.py:997} INFO - 
================================================================================
DAG File Processing Stats

File Path                                           PID    Runtime      # DAGs    # Errors  Last Runtime    Last Run               Last # of DB Queries
--------------------------------------------------  -----  ---------  --------  ----------  --------------  -------------------  ----------------------
/opt/airflow/dags/flight_fare_stages_2_to_7_dag.py                           1           0  2.65s           2026-03-02T15:15:13                      10
================================================================================
[2026-03-02T15:16:10.079+0000] {manager.py:997} INFO - 
================================================================================
DAG File Processing Stats

File Path                                           PID    Runtime      # DAGs    # Errors  Last Runtime    Last Run               Last # of DB Queries
--------------------------------------------------  -----  ---------  --------  ----------  --------------  -------------------  ----------------------
/opt/airflow/dags/flight_fare_stages_2_to_7_dag.py                           1           0  3.74s           2026-03-02T15:15:47                      10
================================================================================
[2026-03-02T15:16:40.518+0000] {manager.py:997} INFO - 
================================================================================
DAG File Processing Stats

File Path                                           PID    Runtime      # DAGs    # Errors  Last Runtime    Last Run               Last # of DB Queries
--------------------------------------------------  -----  ---------  --------  ----------  --------------  -------------------  ----------------------
/opt/airflow/dags/flight_fare_stages_2_to_7_dag.py                           1           0  4.98s           2026-03-02T15:16:23                      10
================================================================================
[2026-03-02T15:17:11.200+0000] {manager.py:997} INFO - 
================================================================================
DAG File Processing Stats

File Path                                             PID  Runtime      # DAGs    # Errors  Last Runtime    Last Run               Last # of DB Queries
--------------------------------------------------  -----  ---------  --------  ----------  --------------  -------------------  ----------------------
/opt/airflow/dags/flight_fare_stages_2_to_7_dag.py   4833  17.49s            1           0  4.98s           2026-03-02T15:16:23                      10
================================================================================
[2026-03-02T15:17:41.727+0000] {manager.py:997} INFO - 
================================================================================
DAG File Processing Stats

File Path                                             PID  Runtime      # DAGs    # Errors  Last Runtime    Last Run               Last # of DB Queries
--------------------------------------------------  -----  ---------  --------  ----------  --------------  -------------------  ----------------------
/opt/airflow/dags/flight_fare_stages_2_to_7_dag.py   4847  0.15s             1           0  17.65s          2026-03-02T15:17:11                      10
================================================================================
[2026-03-02T15:17:51.889+0000] {manager.py:821} INFO - Searching for files in /opt/airflow/dags
[2026-03-02T15:17:51.957+0000] {manager.py:824} INFO - There are 1 files in /opt/airflow/dags
[2026-03-02T15:18:12.682+0000] {manager.py:997} INFO - 
================================================================================
DAG File Processing Stats

File Path                                           PID    Runtime      # DAGs    # Errors  Last Runtime    Last Run               Last # of DB Queries
--------------------------------------------------  -----  ---------  --------  ----------  --------------  -------------------  ----------------------
/opt/airflow/dags/flight_fare_stages_2_to_7_dag.py                           1           0  10.60s          2026-03-02T15:17:52                      10
================================================================================
[2026-03-02T15:18:43.980+0000] {manager.py:997} INFO - 
================================================================================
DAG File Processing Stats

File Path                                           PID    Runtime      # DAGs    # Errors  Last Runtime    Last Run               Last # of DB Queries
--------------------------------------------------  -----  ---------  --------  ----------  --------------  -------------------  ----------------------
/opt/airflow/dags/flight_fare_stages_2_to_7_dag.py                           1           0  18.54s          2026-03-02T15:18:41                      10
================================================================================
[2026-03-02T15:19:14.270+0000] {manager.py:997} INFO - 
================================================================================
DAG File Processing Stats

File Path                                             PID  Runtime      # DAGs    # Errors  Last Runtime    Last Run               Last # of DB Queries
--------------------------------------------------  -----  ---------  --------  ----------  --------------  -------------------  ----------------------
/opt/airflow/dags/flight_fare_stages_2_to_7_dag.py   4875  3.06s             1           0  18.54s          2026-03-02T15:18:41                      10
================================================================================
[2026-03-02T15:19:44.843+0000] {manager.py:997} INFO - 
================================================================================
DAG File Processing Stats

File Path                                           PID    Runtime      # DAGs    # Errors  Last Runtime    Last Run               Last # of DB Queries
--------------------------------------------------  -----  ---------  --------  ----------  --------------  -------------------  ----------------------
/opt/airflow/dags/flight_fare_stages_2_to_7_dag.py                           1           0  5.28s           2026-03-02T15:19:16                      10
================================================================================
[2026-03-02T15:20:15.186+0000] {manager.py:997} INFO - 
================================================================================
DAG File Processing Stats

File Path                                           PID    Runtime      # DAGs    # Errors  Last Runtime    Last Run               Last # of DB Queries
--------------------------------------------------  -----  ---------  --------  ----------  --------------  -------------------  ----------------------
/opt/airflow/dags/flight_fare_stages_2_to_7_dag.py                           1           0  4.20s           2026-03-02T15:19:51                      10
================================================================================
[2026-03-02T15:20:45.356+0000] {manager.py:997} INFO - 
================================================================================
DAG File Processing Stats

File Path                                           PID    Runtime      # DAGs    # Errors  Last Runtime    Last Run               Last # of DB Queries
--------------------------------------------------  -----  ---------  --------  ----------  --------------  -------------------  ----------------------
/opt/airflow/dags/flight_fare_stages_2_to_7_dag.py                           1           0  2.93s           2026-03-02T15:20:24                      10
================================================================================
[2026-03-02T15:21:15.632+0000] {manager.py:997} INFO - 
================================================================================
DAG File Processing Stats

File Path                                           PID    Runtime      # DAGs    # Errors  Last Runtime    Last Run               Last # of DB Queries
--------------------------------------------------  -----  ---------  --------  ----------  --------------  -------------------  ----------------------
/opt/airflow/dags/flight_fare_stages_2_to_7_dag.py                           1           0  3.03s           2026-03-02T15:20:57                      10
================================================================================
[2026-03-02T15:21:46.115+0000] {manager.py:997} INFO - 
================================================================================
DAG File Processing Stats

File Path                                           PID    Runtime      # DAGs    # Errors  Last Runtime    Last Run               Last # of DB Queries
--------------------------------------------------  -----  ---------  --------  ----------  --------------  -------------------  ----------------------
/opt/airflow/dags/flight_fare_stages_2_to_7_dag.py                           1           0  4.14s           2026-03-02T15:21:31                      10
================================================================================
[2026-03-02T15:22:16.711+0000] {manager.py:997} INFO - 
================================================================================
DAG File Processing Stats

File Path                                           PID    Runtime      # DAGs    # Errors  Last Runtime    Last Run               Last # of DB Queries
--------------------------------------------------  -----  ---------  --------  ----------  --------------  -------------------  ----------------------
/opt/airflow/dags/flight_fare_stages_2_to_7_dag.py                           1           0  3.17s           2026-03-02T15:22:05                      10
================================================================================
[2026-03-02T15:22:47.000+0000] {manager.py:997} INFO - 
================================================================================
DAG File Processing Stats

File Path                                           PID    Runtime      # DAGs    # Errors  Last Runtime    Last Run               Last # of DB Queries
--------------------------------------------------  -----  ---------  --------  ----------  --------------  -------------------  ----------------------
/opt/airflow/dags/flight_fare_stages_2_to_7_dag.py                           1           0  2.93s           2026-03-02T15:22:38                      10
================================================================================
[2026-03-02T15:22:52.044+0000] {manager.py:821} INFO - Searching for files in /opt/airflow/dags
[2026-03-02T15:22:52.082+0000] {manager.py:824} INFO - There are 1 files in /opt/airflow/dags
[2026-03-02T15:23:17.402+0000] {manager.py:997} INFO - 
================================================================================
DAG File Processing Stats

File Path                                           PID    Runtime      # DAGs    # Errors  Last Runtime    Last Run               Last # of DB Queries
--------------------------------------------------  -----  ---------  --------  ----------  --------------  -------------------  ----------------------
/opt/airflow/dags/flight_fare_stages_2_to_7_dag.py                           1           0  3.26s           2026-03-02T15:23:12                      10
================================================================================
[2026-03-02T15:23:47.701+0000] {manager.py:997} INFO - 
================================================================================
DAG File Processing Stats

File Path                                           PID    Runtime      # DAGs    # Errors  Last Runtime    Last Run               Last # of DB Queries
--------------------------------------------------  -----  ---------  --------  ----------  --------------  -------------------  ----------------------
/opt/airflow/dags/flight_fare_stages_2_to_7_dag.py                           1           0  3.16s           2026-03-02T15:23:45                      10
================================================================================
[2026-03-02T15:24:18.009+0000] {manager.py:997} INFO - 
================================================================================
DAG File Processing Stats

File Path                                             PID  Runtime      # DAGs    # Errors  Last Runtime    Last Run               Last # of DB Queries
--------------------------------------------------  -----  ---------  --------  ----------  --------------  -------------------  ----------------------
/opt/airflow/dags/flight_fare_stages_2_to_7_dag.py   5001  2.04s             1           0  3.16s           2026-03-02T15:23:45                      10
================================================================================
[2026-03-02T15:24:48.293+0000] {manager.py:997} INFO - 
================================================================================
DAG File Processing Stats

File Path                                           PID    Runtime      # DAGs    # Errors  Last Runtime    Last Run               Last # of DB Queries
--------------------------------------------------  -----  ---------  --------  ----------  --------------  -------------------  ----------------------
/opt/airflow/dags/flight_fare_stages_2_to_7_dag.py                           1           0  9.85s           2026-03-02T15:24:25                      10
================================================================================
[2026-03-02T15:25:18.618+0000] {manager.py:997} INFO - 
================================================================================
DAG File Processing Stats

File Path                                           PID    Runtime      # DAGs    # Errors  Last Runtime    Last Run               Last # of DB Queries
--------------------------------------------------  -----  ---------  --------  ----------  --------------  -------------------  ----------------------
/opt/airflow/dags/flight_fare_stages_2_to_7_dag.py                           1           0  22.56s          2026-03-02T15:25:18                      10
================================================================================
[2026-03-02T15:26:00.961+0000] {manager.py:997} INFO - 
================================================================================
DAG File Processing Stats

File Path                                             PID  Runtime      # DAGs    # Errors  Last Runtime    Last Run               Last # of DB Queries
--------------------------------------------------  -----  ---------  --------  ----------  --------------  -------------------  ----------------------
/opt/airflow/dags/flight_fare_stages_2_to_7_dag.py   5029  9.06s             1           0  22.56s          2026-03-02T15:25:18                      10
================================================================================
[2026-03-02T15:26:34.187+0000] {manager.py:997} INFO - 
================================================================================
DAG File Processing Stats

File Path                                             PID  Runtime      # DAGs    # Errors  Last Runtime    Last Run               Last # of DB Queries
--------------------------------------------------  -----  ---------  --------  ----------  --------------  -------------------  ----------------------
/opt/airflow/dags/flight_fare_stages_2_to_7_dag.py   5029  43.06s            1           0  22.56s          2026-03-02T15:25:18                      10
================================================================================
[2026-03-02T15:26:41.581+0000] {manager.py:1366} ERROR - Processor for /opt/airflow/dags/flight_fare_stages_2_to_7_dag.py with PID 5029 started at 2026-03-02T15:25:51.126802+00:00 has timed out, killing it.
[2026-03-02T15:27:03.179+0000] {manager.py:997} INFO - 
================================================================================
DAG File Processing Stats

File Path                                           PID    Runtime      # DAGs    # Errors  Last Runtime    Last Run               Last # of DB Queries
--------------------------------------------------  -----  ---------  --------  ----------  --------------  -------------------  ----------------------
/opt/airflow/dags/flight_fare_stages_2_to_7_dag.py                           0           1  50.45s          2026-03-02T15:26:41                       0
================================================================================
[2026-03-02T15:27:33.093+0000] {manager.py:997} INFO - 
================================================================================
DAG File Processing Stats

File Path                                             PID  Runtime      # DAGs    # Errors  Last Runtime    Last Run               Last # of DB Queries
--------------------------------------------------  -----  ---------  --------  ----------  --------------  -------------------  ----------------------
/opt/airflow/dags/flight_fare_stages_2_to_7_dag.py   5033  21.13s            0           1  50.45s          2026-03-02T15:26:41                       0
================================================================================
[2026-03-02T15:27:52.690+0000] {manager.py:821} INFO - Searching for files in /opt/airflow/dags
[2026-03-02T15:27:53.803+0000] {manager.py:824} INFO - There are 1 files in /opt/airflow/dags
[2026-03-02T15:28:02.603+0000] {manager.py:997} INFO - 
================================================================================
DAG File Processing Stats

File Path                                           PID    Runtime      # DAGs    # Errors  Last Runtime    Last Run               Last # of DB Queries
--------------------------------------------------  -----  ---------  --------  ----------  --------------  -------------------  ----------------------
/opt/airflow/dags/flight_fare_stages_2_to_7_dag.py                           0           1  36.70s          2026-03-02T15:27:48                       3
================================================================================
[2026-03-02T15:28:33.011+0000] {manager.py:997} INFO - 
================================================================================
DAG File Processing Stats

File Path                                             PID  Runtime      # DAGs    # Errors  Last Runtime    Last Run               Last # of DB Queries
--------------------------------------------------  -----  ---------  --------  ----------  --------------  -------------------  ----------------------
/opt/airflow/dags/flight_fare_stages_2_to_7_dag.py   5047  11.05s            0           1  36.70s          2026-03-02T15:27:48                       3
================================================================================
[2026-03-02T15:29:03.692+0000] {manager.py:997} INFO - 
================================================================================
DAG File Processing Stats

File Path                                             PID  Runtime      # DAGs    # Errors  Last Runtime    Last Run               Last # of DB Queries
--------------------------------------------------  -----  ---------  --------  ----------  --------------  -------------------  ----------------------
/opt/airflow/dags/flight_fare_stages_2_to_7_dag.py   5047  41.92s            0           1  36.70s          2026-03-02T15:27:48                       3
================================================================================
[2026-03-02T15:29:34.524+0000] {manager.py:997} INFO - 
================================================================================
DAG File Processing Stats

File Path                                           PID    Runtime      # DAGs    # Errors  Last Runtime    Last Run               Last # of DB Queries
--------------------------------------------------  -----  ---------  --------  ----------  --------------  -------------------  ----------------------
/opt/airflow/dags/flight_fare_stages_2_to_7_dag.py                           0           1  50.08s          2026-03-02T15:29:11                       5
================================================================================
[2026-03-02T15:30:04.712+0000] {manager.py:997} INFO - 
================================================================================
DAG File Processing Stats

File Path                                             PID  Runtime      # DAGs    # Errors  Last Runtime    Last Run               Last # of DB Queries
--------------------------------------------------  -----  ---------  --------  ----------  --------------  -------------------  ----------------------
/opt/airflow/dags/flight_fare_stages_2_to_7_dag.py   5053  21.77s            0           1  50.08s          2026-03-02T15:29:11                       5
================================================================================
[2026-03-02T15:30:33.289+0000] {manager.py:1366} ERROR - Processor for /opt/airflow/dags/flight_fare_stages_2_to_7_dag.py with PID 5053 started at 2026-03-02T15:29:42.939180+00:00 has timed out, killing it.
[2026-03-02T15:30:35.483+0000] {manager.py:997} INFO - 
================================================================================
DAG File Processing Stats

File Path                                           PID    Runtime      # DAGs    # Errors  Last Runtime    Last Run               Last # of DB Queries
--------------------------------------------------  -----  ---------  --------  ----------  --------------  -------------------  ----------------------
/opt/airflow/dags/flight_fare_stages_2_to_7_dag.py                           0           1  50.33s          2026-03-02T15:30:33                       0
================================================================================
[2026-03-02T15:31:06.907+0000] {manager.py:997} INFO - 
================================================================================
DAG File Processing Stats

File Path                                             PID  Runtime      # DAGs    # Errors  Last Runtime    Last Run               Last # of DB Queries
--------------------------------------------------  -----  ---------  --------  ----------  --------------  -------------------  ----------------------
/opt/airflow/dags/flight_fare_stages_2_to_7_dag.py   5065  1.58s             0           1  50.33s          2026-03-02T15:30:33                       0
================================================================================
[2026-03-02T15:31:36.378+0000] {manager.py:997} INFO - 
================================================================================
DAG File Processing Stats

File Path                                             PID  Runtime      # DAGs    # Errors  Last Runtime    Last Run               Last # of DB Queries
--------------------------------------------------  -----  ---------  --------  ----------  --------------  -------------------  ----------------------
/opt/airflow/dags/flight_fare_stages_2_to_7_dag.py   5065  30.95s            0           1  50.33s          2026-03-02T15:30:33                       0
================================================================================
[2026-03-02T15:31:56.005+0000] {manager.py:1366} ERROR - Processor for /opt/airflow/dags/flight_fare_stages_2_to_7_dag.py with PID 5065 started at 2026-03-02T15:31:05.022008+00:00 has timed out, killing it.
[2026-03-02T15:32:09.896+0000] {manager.py:997} INFO - 
================================================================================
DAG File Processing Stats

File Path                                           PID    Runtime      # DAGs    # Errors  Last Runtime    Last Run               Last # of DB Queries
--------------------------------------------------  -----  ---------  --------  ----------  --------------  -------------------  ----------------------
/opt/airflow/dags/flight_fare_stages_2_to_7_dag.py                           0           1  50.97s          2026-03-02T15:31:55                       0
================================================================================
[2026-03-02T15:32:41.046+0000] {manager.py:997} INFO - 
================================================================================
DAG File Processing Stats

File Path                                             PID  Runtime      # DAGs    # Errors  Last Runtime    Last Run               Last # of DB Queries
--------------------------------------------------  -----  ---------  --------  ----------  --------------  -------------------  ----------------------
/opt/airflow/dags/flight_fare_stages_2_to_7_dag.py   5069  13.21s            0           1  50.97s          2026-03-02T15:31:55                       0
================================================================================
[2026-03-02T15:32:53.409+0000] {manager.py:821} INFO - Searching for files in /opt/airflow/dags
[2026-03-02T15:32:53.822+0000] {manager.py:824} INFO - There are 1 files in /opt/airflow/dags
[2026-03-02T15:33:11.204+0000] {manager.py:997} INFO - 
================================================================================
DAG File Processing Stats

File Path                                             PID  Runtime      # DAGs    # Errors  Last Runtime    Last Run               Last # of DB Queries
--------------------------------------------------  -----  ---------  --------  ----------  --------------  -------------------  ----------------------
/opt/airflow/dags/flight_fare_stages_2_to_7_dag.py   5069  43.34s            0           1  50.97s          2026-03-02T15:31:55                       0
================================================================================
[2026-03-02T15:33:18.803+0000] {manager.py:1366} ERROR - Processor for /opt/airflow/dags/flight_fare_stages_2_to_7_dag.py with PID 5069 started at 2026-03-02T15:32:27.805770+00:00 has timed out, killing it.
[2026-03-02T15:33:41.852+0000] {manager.py:997} INFO - 
================================================================================
DAG File Processing Stats

File Path                                           PID    Runtime      # DAGs    # Errors  Last Runtime    Last Run               Last # of DB Queries
--------------------------------------------------  -----  ---------  --------  ----------  --------------  -------------------  ----------------------
/opt/airflow/dags/flight_fare_stages_2_to_7_dag.py                           0           1  50.97s          2026-03-02T15:33:18                       0
================================================================================
[2026-03-02T15:34:12.500+0000] {manager.py:997} INFO - 
================================================================================
DAG File Processing Stats

File Path                                             PID  Runtime      # DAGs    # Errors  Last Runtime    Last Run               Last # of DB Queries
--------------------------------------------------  -----  ---------  --------  ----------  --------------  -------------------  ----------------------
/opt/airflow/dags/flight_fare_stages_2_to_7_dag.py   5073  22.22s            0           1  50.97s          2026-03-02T15:33:18                       0
================================================================================
[2026-03-02T15:34:40.328+0000] {manager.py:1366} ERROR - Processor for /opt/airflow/dags/flight_fare_stages_2_to_7_dag.py with PID 5073 started at 2026-03-02T15:33:50.246750+00:00 has timed out, killing it.
[2026-03-02T15:34:43.237+0000] {manager.py:997} INFO - 
================================================================================
DAG File Processing Stats

File Path                                           PID    Runtime      # DAGs    # Errors  Last Runtime    Last Run               Last # of DB Queries
--------------------------------------------------  -----  ---------  --------  ----------  --------------  -------------------  ----------------------
/opt/airflow/dags/flight_fare_stages_2_to_7_dag.py                           0           1  50.07s          2026-03-02T15:34:40                       0
================================================================================
[2026-03-02T15:35:14.021+0000] {manager.py:997} INFO - 
================================================================================
DAG File Processing Stats

File Path                                             PID  Runtime      # DAGs    # Errors  Last Runtime    Last Run               Last # of DB Queries
--------------------------------------------------  -----  ---------  --------  ----------  --------------  -------------------  ----------------------
/opt/airflow/dags/flight_fare_stages_2_to_7_dag.py   5078  3.16s             0           1  50.07s          2026-03-02T15:34:40                       0
================================================================================
[2026-03-02T15:35:45.041+0000] {manager.py:997} INFO - 
================================================================================
DAG File Processing Stats

File Path                                             PID  Runtime      # DAGs    # Errors  Last Runtime    Last Run               Last # of DB Queries
--------------------------------------------------  -----  ---------  --------  ----------  --------------  -------------------  ----------------------
/opt/airflow/dags/flight_fare_stages_2_to_7_dag.py   5078  34.08s            0           1  50.07s          2026-03-02T15:34:40                       0
================================================================================
[2026-03-02T15:36:15.163+0000] {manager.py:997} INFO - 
================================================================================
DAG File Processing Stats

File Path                                           PID    Runtime      # DAGs    # Errors  Last Runtime    Last Run               Last # of DB Queries
--------------------------------------------------  -----  ---------  --------  ----------  --------------  -------------------  ----------------------
/opt/airflow/dags/flight_fare_stages_2_to_7_dag.py                           0           1  34.29s          2026-03-02T15:35:45                       5
================================================================================
[2026-03-02T15:36:45.633+0000] {manager.py:997} INFO - 
================================================================================
DAG File Processing Stats

File Path                                             PID  Runtime      # DAGs    # Errors  Last Runtime    Last Run               Last # of DB Queries
--------------------------------------------------  -----  ---------  --------  ----------  --------------  -------------------  ----------------------
/opt/airflow/dags/flight_fare_stages_2_to_7_dag.py   5092  30.16s            0           1  34.29s          2026-03-02T15:35:45                       5
================================================================================
[2026-03-02T15:37:16.669+0000] {manager.py:997} INFO - 
================================================================================
DAG File Processing Stats

File Path                                           PID    Runtime      # DAGs    # Errors  Last Runtime    Last Run               Last # of DB Queries
--------------------------------------------------  -----  ---------  --------  ----------  --------------  -------------------  ----------------------
/opt/airflow/dags/flight_fare_stages_2_to_7_dag.py                           0           1  38.70s          2026-03-02T15:36:54                       5
================================================================================
[2026-03-02T15:37:47.661+0000] {manager.py:997} INFO - 
================================================================================
DAG File Processing Stats

File Path                                             PID  Runtime      # DAGs    # Errors  Last Runtime    Last Run               Last # of DB Queries
--------------------------------------------------  -----  ---------  --------  ----------  --------------  -------------------  ----------------------
/opt/airflow/dags/flight_fare_stages_2_to_7_dag.py   5106  22.55s            0           1  38.70s          2026-03-02T15:36:54                       5
================================================================================
[2026-03-02T15:37:53.773+0000] {manager.py:821} INFO - Searching for files in /opt/airflow/dags
[2026-03-02T15:37:54.091+0000] {manager.py:824} INFO - There are 1 files in /opt/airflow/dags
[2026-03-02T15:38:17.949+0000] {manager.py:997} INFO - 
================================================================================
DAG File Processing Stats

File Path                                           PID    Runtime      # DAGs    # Errors  Last Runtime    Last Run               Last # of DB Queries
--------------------------------------------------  -----  ---------  --------  ----------  --------------  -------------------  ----------------------
/opt/airflow/dags/flight_fare_stages_2_to_7_dag.py                           0           1  32.12s          2026-03-02T15:37:57                       5
================================================================================
[2026-03-02T15:38:48.652+0000] {manager.py:997} INFO - 
================================================================================
DAG File Processing Stats

File Path                                             PID  Runtime      # DAGs    # Errors  Last Runtime    Last Run               Last # of DB Queries
--------------------------------------------------  -----  ---------  --------  ----------  --------------  -------------------  ----------------------
/opt/airflow/dags/flight_fare_stages_2_to_7_dag.py   5120  20.41s            0           1  32.12s          2026-03-02T15:37:57                       5
================================================================================
[2026-03-02T15:39:19.073+0000] {manager.py:997} INFO - 
================================================================================
DAG File Processing Stats

File Path                                           PID    Runtime      # DAGs    # Errors  Last Runtime    Last Run               Last # of DB Queries
--------------------------------------------------  -----  ---------  --------  ----------  --------------  -------------------  ----------------------
/opt/airflow/dags/flight_fare_stages_2_to_7_dag.py                           1           0  24.65s          2026-03-02T15:38:52                      32
================================================================================
[2026-03-02T15:39:49.244+0000] {manager.py:997} INFO - 
================================================================================
DAG File Processing Stats

File Path                                           PID    Runtime      # DAGs    # Errors  Last Runtime    Last Run               Last # of DB Queries
--------------------------------------------------  -----  ---------  --------  ----------  --------------  -------------------  ----------------------
/opt/airflow/dags/flight_fare_stages_2_to_7_dag.py                           1           0  3.91s           2026-03-02T15:39:27                      10
================================================================================
[2026-03-02T15:40:19.650+0000] {manager.py:997} INFO - 
================================================================================
DAG File Processing Stats

File Path                                           PID    Runtime      # DAGs    # Errors  Last Runtime    Last Run               Last # of DB Queries
--------------------------------------------------  -----  ---------  --------  ----------  --------------  -------------------  ----------------------
/opt/airflow/dags/flight_fare_stages_2_to_7_dag.py                           1           0  6.74s           2026-03-02T15:40:04                      10
================================================================================
[2026-03-02T15:40:49.899+0000] {manager.py:997} INFO - 
================================================================================
DAG File Processing Stats

File Path                                           PID    Runtime      # DAGs    # Errors  Last Runtime    Last Run               Last # of DB Queries
--------------------------------------------------  -----  ---------  --------  ----------  --------------  -------------------  ----------------------
/opt/airflow/dags/flight_fare_stages_2_to_7_dag.py                           1           0  3.00s           2026-03-02T15:40:37                      10
================================================================================
[2026-03-02T15:41:20.292+0000] {manager.py:997} INFO - 
================================================================================
DAG File Processing Stats

File Path                                           PID    Runtime      # DAGs    # Errors  Last Runtime    Last Run               Last # of DB Queries
--------------------------------------------------  -----  ---------  --------  ----------  --------------  -------------------  ----------------------
/opt/airflow/dags/flight_fare_stages_2_to_7_dag.py                           1           0  3.41s           2026-03-02T15:41:11                      10
================================================================================
[2026-03-02T15:41:50.729+0000] {manager.py:997} INFO - 
================================================================================
DAG File Processing Stats

File Path                                           PID    Runtime      # DAGs    # Errors  Last Runtime    Last Run               Last # of DB Queries
--------------------------------------------------  -----  ---------  --------  ----------  --------------  -------------------  ----------------------
/opt/airflow/dags/flight_fare_stages_2_to_7_dag.py                           1           0  3.00s           2026-03-02T15:41:44                      10
================================================================================
[2026-03-02T15:42:21.263+0000] {manager.py:997} INFO - 
================================================================================
DAG File Processing Stats

File Path                                             PID  Runtime      # DAGs    # Errors  Last Runtime    Last Run               Last # of DB Queries
--------------------------------------------------  -----  ---------  --------  ----------  --------------  -------------------  ----------------------
/opt/airflow/dags/flight_fare_stages_2_to_7_dag.py   5204  6.18s             1           0  3.00s           2026-03-02T15:41:44                      10
================================================================================
[2026-03-02T15:42:51.384+0000] {manager.py:997} INFO - 
================================================================================
DAG File Processing Stats

File Path                                           PID    Runtime      # DAGs    # Errors  Last Runtime    Last Run               Last # of DB Queries
--------------------------------------------------  -----  ---------  --------  ----------  --------------  -------------------  ----------------------
/opt/airflow/dags/flight_fare_stages_2_to_7_dag.py                           1           0  9.83s           2026-03-02T15:42:24                      10
================================================================================
[2026-03-02T15:42:54.425+0000] {manager.py:821} INFO - Searching for files in /opt/airflow/dags
[2026-03-02T15:42:54.484+0000] {manager.py:824} INFO - There are 1 files in /opt/airflow/dags
[2026-03-02T15:43:22.018+0000] {manager.py:997} INFO - 
================================================================================
DAG File Processing Stats

File Path                                           PID    Runtime      # DAGs    # Errors  Last Runtime    Last Run               Last # of DB Queries
--------------------------------------------------  -----  ---------  --------  ----------  --------------  -------------------  ----------------------
/opt/airflow/dags/flight_fare_stages_2_to_7_dag.py                           1           0  6.46s           2026-03-02T15:43:02                      10
================================================================================
[2026-03-02T15:43:52.345+0000] {manager.py:997} INFO - 
================================================================================
DAG File Processing Stats

File Path                                           PID    Runtime      # DAGs    # Errors  Last Runtime    Last Run               Last # of DB Queries
--------------------------------------------------  -----  ---------  --------  ----------  --------------  -------------------  ----------------------
/opt/airflow/dags/flight_fare_stages_2_to_7_dag.py                           1           0  3.09s           2026-03-02T15:43:35                      10
================================================================================
[2026-03-02T15:44:23.137+0000] {manager.py:997} INFO - 
================================================================================
DAG File Processing Stats

File Path                                           PID    Runtime      # DAGs    # Errors  Last Runtime    Last Run               Last # of DB Queries
--------------------------------------------------  -----  ---------  --------  ----------  --------------  -------------------  ----------------------
/opt/airflow/dags/flight_fare_stages_2_to_7_dag.py                           1           0  5.83s           2026-03-02T15:44:11                      10
================================================================================
[2026-03-02T15:44:53.582+0000] {manager.py:997} INFO - 
================================================================================
DAG File Processing Stats

File Path                                             PID  Runtime      # DAGs    # Errors  Last Runtime    Last Run               Last # of DB Queries
--------------------------------------------------  -----  ---------  --------  ----------  --------------  -------------------  ----------------------
/opt/airflow/dags/flight_fare_stages_2_to_7_dag.py   5260  8.76s             1           0  5.83s           2026-03-02T15:44:11                      10
================================================================================
[2026-03-02T15:45:23.715+0000] {manager.py:997} INFO - 
================================================================================
DAG File Processing Stats

File Path                                           PID    Runtime      # DAGs    # Errors  Last Runtime    Last Run               Last # of DB Queries
--------------------------------------------------  -----  ---------  --------  ----------  --------------  -------------------  ----------------------
/opt/airflow/dags/flight_fare_stages_2_to_7_dag.py                           0           1  35.90s          2026-03-02T15:45:20                       3
================================================================================
[2026-03-03T10:31:18.130+0000] {manager.py:483} INFO - Processing files using up to 2 processes at a time 
[2026-03-03T10:31:18.132+0000] {manager.py:484} INFO - Process each file at most once every 30 seconds
[2026-03-03T10:31:18.135+0000] {manager.py:485} INFO - Checking for new files in /opt/airflow/dags every 300 seconds
[2026-03-03T10:31:18.137+0000] {manager.py:821} INFO - Searching for files in /opt/airflow/dags
[2026-03-03T10:31:18.295+0000] {manager.py:824} INFO - There are 1 files in /opt/airflow/dags
[2026-03-03T10:31:18.478+0000] {manager.py:997} INFO - 
================================================================================
DAG File Processing Stats

File Path                                             PID  Runtime      # DAGs    # Errors  Last Runtime    Last Run      Last # of DB Queries
--------------------------------------------------  -----  ---------  --------  ----------  --------------  ----------  ----------------------
/opt/airflow/dags/flight_fare_stages_2_to_7_dag.py    167  0.06s             0           0                                                   0
================================================================================
[2026-03-03T10:31:48.753+0000] {manager.py:997} INFO - 
================================================================================
DAG File Processing Stats

File Path                                           PID    Runtime      # DAGs    # Errors  Last Runtime    Last Run               Last # of DB Queries
--------------------------------------------------  -----  ---------  --------  ----------  --------------  -------------------  ----------------------
/opt/airflow/dags/flight_fare_stages_2_to_7_dag.py                           1           0  11.29s          2026-03-03T10:31:29                      32
================================================================================
[2026-03-03T10:32:19.102+0000] {manager.py:997} INFO - 
================================================================================
DAG File Processing Stats

File Path                                           PID    Runtime      # DAGs    # Errors  Last Runtime    Last Run               Last # of DB Queries
--------------------------------------------------  -----  ---------  --------  ----------  --------------  -------------------  ----------------------
/opt/airflow/dags/flight_fare_stages_2_to_7_dag.py                           1           0  3.24s           2026-03-03T10:32:03                      10
================================================================================
[2026-03-03T10:32:49.469+0000] {manager.py:997} INFO - 
================================================================================
DAG File Processing Stats

File Path                                           PID    Runtime      # DAGs    # Errors  Last Runtime    Last Run               Last # of DB Queries
--------------------------------------------------  -----  ---------  --------  ----------  --------------  -------------------  ----------------------
/opt/airflow/dags/flight_fare_stages_2_to_7_dag.py                           1           0  4.35s           2026-03-03T10:32:37                      10
================================================================================
[2026-03-03T10:33:19.471+0000] {manager.py:997} INFO - 
================================================================================
DAG File Processing Stats

File Path                                           PID    Runtime      # DAGs    # Errors  Last Runtime    Last Run               Last # of DB Queries
--------------------------------------------------  -----  ---------  --------  ----------  --------------  -------------------  ----------------------
/opt/airflow/dags/flight_fare_stages_2_to_7_dag.py                           1           0  2.65s           2026-03-03T10:33:10                      10
================================================================================
[2026-03-03T10:33:50.206+0000] {manager.py:997} INFO - 
================================================================================
DAG File Processing Stats

File Path                                           PID    Runtime      # DAGs    # Errors  Last Runtime    Last Run               Last # of DB Queries
--------------------------------------------------  -----  ---------  --------  ----------  --------------  -------------------  ----------------------
/opt/airflow/dags/flight_fare_stages_2_to_7_dag.py                           1           0  2.69s           2026-03-03T10:33:43                      10
================================================================================
[2026-03-03T10:34:20.522+0000] {manager.py:997} INFO - 
================================================================================
DAG File Processing Stats

File Path                                           PID    Runtime      # DAGs    # Errors  Last Runtime    Last Run               Last # of DB Queries
--------------------------------------------------  -----  ---------  --------  ----------  --------------  -------------------  ----------------------
/opt/airflow/dags/flight_fare_stages_2_to_7_dag.py                           1           0  4.13s           2026-03-03T10:34:17                      10
================================================================================
[2026-03-03T10:34:50.792+0000] {manager.py:997} INFO - 
================================================================================
DAG File Processing Stats

File Path                                             PID  Runtime      # DAGs    # Errors  Last Runtime    Last Run               Last # of DB Queries
--------------------------------------------------  -----  ---------  --------  ----------  --------------  -------------------  ----------------------
/opt/airflow/dags/flight_fare_stages_2_to_7_dag.py    251  3.05s             1           0  4.13s           2026-03-03T10:34:17                      10
================================================================================
[2026-03-03T10:35:21.081+0000] {manager.py:997} INFO - 
================================================================================
DAG File Processing Stats

File Path                                             PID  Runtime      # DAGs    # Errors  Last Runtime    Last Run               Last # of DB Queries
--------------------------------------------------  -----  ---------  --------  ----------  --------------  -------------------  ----------------------
/opt/airflow/dags/flight_fare_stages_2_to_7_dag.py    265  0.01s             1           0  3.14s           2026-03-03T10:34:50                      10
================================================================================
[2026-03-03T10:35:51.357+0000] {manager.py:997} INFO - 
================================================================================
DAG File Processing Stats

File Path                                           PID    Runtime      # DAGs    # Errors  Last Runtime    Last Run               Last # of DB Queries
--------------------------------------------------  -----  ---------  --------  ----------  --------------  -------------------  ----------------------
/opt/airflow/dags/flight_fare_stages_2_to_7_dag.py                           1           0  2.36s           2026-03-03T10:35:23                      10
================================================================================
[2026-03-03T10:36:18.282+0000] {manager.py:821} INFO - Searching for files in /opt/airflow/dags
[2026-03-03T10:36:18.314+0000] {manager.py:824} INFO - There are 1 files in /opt/airflow/dags
[2026-03-03T10:36:21.972+0000] {manager.py:997} INFO - 
================================================================================
DAG File Processing Stats

File Path                                           PID    Runtime      # DAGs    # Errors  Last Runtime    Last Run               Last # of DB Queries
--------------------------------------------------  -----  ---------  --------  ----------  --------------  -------------------  ----------------------
/opt/airflow/dags/flight_fare_stages_2_to_7_dag.py                           1           0  3.42s           2026-03-03T10:35:57                      10
================================================================================
[2026-03-03T10:36:52.587+0000] {manager.py:997} INFO - 
================================================================================
DAG File Processing Stats

File Path                                           PID    Runtime      # DAGs    # Errors  Last Runtime    Last Run               Last # of DB Queries
--------------------------------------------------  -----  ---------  --------  ----------  --------------  -------------------  ----------------------
/opt/airflow/dags/flight_fare_stages_2_to_7_dag.py                           1           0  2.83s           2026-03-03T10:36:30                      10
================================================================================
[2026-03-03T10:37:23.380+0000] {manager.py:997} INFO - 
================================================================================
DAG File Processing Stats

File Path                                           PID    Runtime      # DAGs    # Errors  Last Runtime    Last Run               Last # of DB Queries
--------------------------------------------------  -----  ---------  --------  ----------  --------------  -------------------  ----------------------
/opt/airflow/dags/flight_fare_stages_2_to_7_dag.py                           1           0  13.76s          2026-03-03T10:37:15                      10
================================================================================
[2026-03-03T10:37:53.872+0000] {manager.py:997} INFO - 
================================================================================
DAG File Processing Stats

File Path                                           PID    Runtime      # DAGs    # Errors  Last Runtime    Last Run               Last # of DB Queries
--------------------------------------------------  -----  ---------  --------  ----------  --------------  -------------------  ----------------------
/opt/airflow/dags/flight_fare_stages_2_to_7_dag.py                           1           0  3.26s           2026-03-03T10:37:49                      10
================================================================================
[2026-03-03T10:38:24.138+0000] {manager.py:997} INFO - 
================================================================================
DAG File Processing Stats

File Path                                           PID    Runtime      # DAGs    # Errors  Last Runtime    Last Run               Last # of DB Queries
--------------------------------------------------  -----  ---------  --------  ----------  --------------  -------------------  ----------------------
/opt/airflow/dags/flight_fare_stages_2_to_7_dag.py                           1           0  2.18s           2026-03-03T10:38:21                      10
================================================================================
[2026-03-03T10:38:54.549+0000] {manager.py:997} INFO - 
================================================================================
DAG File Processing Stats

File Path                                           PID    Runtime      # DAGs    # Errors  Last Runtime    Last Run               Last # of DB Queries
--------------------------------------------------  -----  ---------  --------  ----------  --------------  -------------------  ----------------------
/opt/airflow/dags/flight_fare_stages_2_to_7_dag.py                           1           0  2.52s           2026-03-03T10:38:53                      10
================================================================================
[2026-03-03T10:39:24.826+0000] {manager.py:997} INFO - 
================================================================================
DAG File Processing Stats

File Path                                             PID  Runtime      # DAGs    # Errors  Last Runtime    Last Run               Last # of DB Queries
--------------------------------------------------  -----  ---------  --------  ----------  --------------  -------------------  ----------------------
/opt/airflow/dags/flight_fare_stages_2_to_7_dag.py    363  0.68s             1           0  2.52s           2026-03-03T10:38:53                      10
================================================================================
[2026-03-03T10:39:54.985+0000] {manager.py:997} INFO - 
================================================================================
DAG File Processing Stats

File Path                                           PID    Runtime      # DAGs    # Errors  Last Runtime    Last Run               Last # of DB Queries
--------------------------------------------------  -----  ---------  --------  ----------  --------------  -------------------  ----------------------
/opt/airflow/dags/flight_fare_stages_2_to_7_dag.py                           1           0  2.56s           2026-03-03T10:39:26                      10
================================================================================
[2026-03-03T10:40:25.016+0000] {manager.py:997} INFO - 
================================================================================
DAG File Processing Stats

File Path                                           PID    Runtime      # DAGs    # Errors  Last Runtime    Last Run               Last # of DB Queries
--------------------------------------------------  -----  ---------  --------  ----------  --------------  -------------------  ----------------------
/opt/airflow/dags/flight_fare_stages_2_to_7_dag.py                           1           0  2.78s           2026-03-03T10:39:59                      10
================================================================================
[2026-03-03T10:40:55.351+0000] {manager.py:997} INFO - 
================================================================================
DAG File Processing Stats

File Path                                           PID    Runtime      # DAGs    # Errors  Last Runtime    Last Run               Last # of DB Queries
--------------------------------------------------  -----  ---------  --------  ----------  --------------  -------------------  ----------------------
/opt/airflow/dags/flight_fare_stages_2_to_7_dag.py                           1           0  3.78s           2026-03-03T10:40:33                      10
================================================================================
[2026-03-03T10:41:18.640+0000] {manager.py:821} INFO - Searching for files in /opt/airflow/dags
[2026-03-03T10:41:18.677+0000] {manager.py:824} INFO - There are 1 files in /opt/airflow/dags
[2026-03-03T10:41:25.787+0000] {manager.py:997} INFO - 
================================================================================
DAG File Processing Stats

File Path                                           PID    Runtime      # DAGs    # Errors  Last Runtime    Last Run               Last # of DB Queries
--------------------------------------------------  -----  ---------  --------  ----------  --------------  -------------------  ----------------------
/opt/airflow/dags/flight_fare_stages_2_to_7_dag.py                           1           0  2.81s           2026-03-03T10:41:06                      10
================================================================================
[2026-03-03T10:41:56.056+0000] {manager.py:997} INFO - 
================================================================================
DAG File Processing Stats

File Path                                           PID    Runtime      # DAGs    # Errors  Last Runtime    Last Run               Last # of DB Queries
--------------------------------------------------  -----  ---------  --------  ----------  --------------  -------------------  ----------------------
/opt/airflow/dags/flight_fare_stages_2_to_7_dag.py                           1           0  4.58s           2026-03-03T10:41:41                      10
================================================================================
[2026-03-03T10:42:26.441+0000] {manager.py:997} INFO - 
================================================================================
DAG File Processing Stats

File Path                                           PID    Runtime      # DAGs    # Errors  Last Runtime    Last Run               Last # of DB Queries
--------------------------------------------------  -----  ---------  --------  ----------  --------------  -------------------  ----------------------
/opt/airflow/dags/flight_fare_stages_2_to_7_dag.py                           1           0  7.19s           2026-03-03T10:42:19                      10
================================================================================
[2026-03-03T10:42:57.242+0000] {manager.py:997} INFO - 
================================================================================
DAG File Processing Stats

File Path                                             PID  Runtime      # DAGs    # Errors  Last Runtime    Last Run               Last # of DB Queries
--------------------------------------------------  -----  ---------  --------  ----------  --------------  -------------------  ----------------------
/opt/airflow/dags/flight_fare_stages_2_to_7_dag.py    447  7.36s             1           0  7.19s           2026-03-03T10:42:19                      10
================================================================================
[2026-03-03T10:43:27.697+0000] {manager.py:997} INFO - 
================================================================================
DAG File Processing Stats

File Path                                           PID    Runtime      # DAGs    # Errors  Last Runtime    Last Run               Last # of DB Queries
--------------------------------------------------  -----  ---------  --------  ----------  --------------  -------------------  ----------------------
/opt/airflow/dags/flight_fare_stages_2_to_7_dag.py                           1           0  13.01s          2026-03-03T10:43:02                      10
================================================================================
[2026-03-03T10:43:58.211+0000] {manager.py:997} INFO - 
================================================================================
DAG File Processing Stats

File Path                                           PID    Runtime      # DAGs    # Errors  Last Runtime    Last Run               Last # of DB Queries
--------------------------------------------------  -----  ---------  --------  ----------  --------------  -------------------  ----------------------
/opt/airflow/dags/flight_fare_stages_2_to_7_dag.py                           1           0  12.74s          2026-03-03T10:43:46                      10
================================================================================
[2026-03-03T10:44:28.571+0000] {manager.py:997} INFO - 
================================================================================
DAG File Processing Stats

File Path                                           PID    Runtime      # DAGs    # Errors  Last Runtime    Last Run               Last # of DB Queries
--------------------------------------------------  -----  ---------  --------  ----------  --------------  -------------------  ----------------------
/opt/airflow/dags/flight_fare_stages_2_to_7_dag.py                           1           0  6.85s           2026-03-03T10:44:23                      10
================================================================================
[2026-03-03T10:44:59.037+0000] {manager.py:997} INFO - 
================================================================================
DAG File Processing Stats

File Path                                           PID    Runtime      # DAGs    # Errors  Last Runtime    Last Run               Last # of DB Queries
--------------------------------------------------  -----  ---------  --------  ----------  --------------  -------------------  ----------------------
/opt/airflow/dags/flight_fare_stages_2_to_7_dag.py                           1           0  2.65s           2026-03-03T10:44:56                      10
================================================================================
[2026-03-03T10:45:29.313+0000] {manager.py:997} INFO - 
================================================================================
DAG File Processing Stats

File Path                                             PID  Runtime      # DAGs    # Errors  Last Runtime    Last Run               Last # of DB Queries
--------------------------------------------------  -----  ---------  --------  ----------  --------------  -------------------  ----------------------
/opt/airflow/dags/flight_fare_stages_2_to_7_dag.py    665  2.55s             1           0  2.65s           2026-03-03T10:44:56                      10
================================================================================
[2026-03-03T10:45:59.614+0000] {manager.py:997} INFO - 
================================================================================
DAG File Processing Stats

File Path                                             PID  Runtime      # DAGs    # Errors  Last Runtime    Last Run               Last # of DB Queries
--------------------------------------------------  -----  ---------  --------  ----------  --------------  -------------------  ----------------------
/opt/airflow/dags/flight_fare_stages_2_to_7_dag.py    679  0.00s             1           0  2.67s           2026-03-03T10:45:29                      10
================================================================================
[2026-03-03T10:46:18.869+0000] {manager.py:821} INFO - Searching for files in /opt/airflow/dags
[2026-03-03T10:46:18.897+0000] {manager.py:824} INFO - There are 1 files in /opt/airflow/dags
[2026-03-03T10:46:29.614+0000] {manager.py:997} INFO - 
================================================================================
DAG File Processing Stats

File Path                                           PID    Runtime      # DAGs    # Errors  Last Runtime    Last Run               Last # of DB Queries
--------------------------------------------------  -----  ---------  --------  ----------  --------------  -------------------  ----------------------
/opt/airflow/dags/flight_fare_stages_2_to_7_dag.py                           1           0  2.70s           2026-03-03T10:46:02                      10
================================================================================
[2026-03-03T10:47:00.240+0000] {manager.py:997} INFO - 
================================================================================
DAG File Processing Stats

File Path                                           PID    Runtime      # DAGs    # Errors  Last Runtime    Last Run               Last # of DB Queries
--------------------------------------------------  -----  ---------  --------  ----------  --------------  -------------------  ----------------------
/opt/airflow/dags/flight_fare_stages_2_to_7_dag.py                           1           0  2.58s           2026-03-03T10:46:35                      10
================================================================================
[2026-03-03T10:47:30.661+0000] {manager.py:997} INFO - 
================================================================================
DAG File Processing Stats

File Path                                           PID    Runtime      # DAGs    # Errors  Last Runtime    Last Run               Last # of DB Queries
--------------------------------------------------  -----  ---------  --------  ----------  --------------  -------------------  ----------------------
/opt/airflow/dags/flight_fare_stages_2_to_7_dag.py                           1           0  2.36s           2026-03-03T10:47:07                      10
================================================================================
[2026-03-03T10:48:01.048+0000] {manager.py:997} INFO - 
================================================================================
DAG File Processing Stats

File Path                                           PID    Runtime      # DAGs    # Errors  Last Runtime    Last Run               Last # of DB Queries
--------------------------------------------------  -----  ---------  --------  ----------  --------------  -------------------  ----------------------
/opt/airflow/dags/flight_fare_stages_2_to_7_dag.py                           1           0  2.39s           2026-03-03T10:47:40                      10
================================================================================
[2026-03-03T10:48:31.544+0000] {manager.py:997} INFO - 
================================================================================
DAG File Processing Stats

File Path                                           PID    Runtime      # DAGs    # Errors  Last Runtime    Last Run               Last # of DB Queries
--------------------------------------------------  -----  ---------  --------  ----------  --------------  -------------------  ----------------------
/opt/airflow/dags/flight_fare_stages_2_to_7_dag.py                           1           0  2.27s           2026-03-03T10:48:12                      10
================================================================================
[2026-03-03T10:49:02.024+0000] {manager.py:997} INFO - 
================================================================================
DAG File Processing Stats

File Path                                           PID    Runtime      # DAGs    # Errors  Last Runtime    Last Run               Last # of DB Queries
--------------------------------------------------  -----  ---------  --------  ----------  --------------  -------------------  ----------------------
/opt/airflow/dags/flight_fare_stages_2_to_7_dag.py                           1           0  2.49s           2026-03-03T10:48:45                      10
================================================================================
[2026-03-03T10:49:32.186+0000] {manager.py:997} INFO - 
================================================================================
DAG File Processing Stats

File Path                                           PID    Runtime      # DAGs    # Errors  Last Runtime    Last Run               Last # of DB Queries
--------------------------------------------------  -----  ---------  --------  ----------  --------------  -------------------  ----------------------
/opt/airflow/dags/flight_fare_stages_2_to_7_dag.py                           1           0  2.46s           2026-03-03T10:49:18                      10
================================================================================
[2026-03-03T10:50:02.426+0000] {manager.py:997} INFO - 
================================================================================
DAG File Processing Stats

File Path                                           PID    Runtime      # DAGs    # Errors  Last Runtime    Last Run               Last # of DB Queries
--------------------------------------------------  -----  ---------  --------  ----------  --------------  -------------------  ----------------------
/opt/airflow/dags/flight_fare_stages_2_to_7_dag.py                           1           0  2.57s           2026-03-03T10:49:50                      10
================================================================================
[2026-03-03T10:50:32.584+0000] {manager.py:997} INFO - 
================================================================================
DAG File Processing Stats

File Path                                           PID    Runtime      # DAGs    # Errors  Last Runtime    Last Run               Last # of DB Queries
--------------------------------------------------  -----  ---------  --------  ----------  --------------  -------------------  ----------------------
/opt/airflow/dags/flight_fare_stages_2_to_7_dag.py                           1           0  3.30s           2026-03-03T10:50:24                      10
================================================================================
[2026-03-03T10:51:02.821+0000] {manager.py:997} INFO - 
================================================================================
DAG File Processing Stats

File Path                                           PID    Runtime      # DAGs    # Errors  Last Runtime    Last Run               Last # of DB Queries
--------------------------------------------------  -----  ---------  --------  ----------  --------------  -------------------  ----------------------
/opt/airflow/dags/flight_fare_stages_2_to_7_dag.py                           1           0  2.86s           2026-03-03T10:50:57                      10
================================================================================
[2026-03-03T10:51:18.942+0000] {manager.py:821} INFO - Searching for files in /opt/airflow/dags
[2026-03-03T10:51:18.965+0000] {manager.py:824} INFO - There are 1 files in /opt/airflow/dags
[2026-03-03T10:51:33.072+0000] {manager.py:997} INFO - 
================================================================================
DAG File Processing Stats

File Path                                           PID    Runtime      # DAGs    # Errors  Last Runtime    Last Run               Last # of DB Queries
--------------------------------------------------  -----  ---------  --------  ----------  --------------  -------------------  ----------------------
/opt/airflow/dags/flight_fare_stages_2_to_7_dag.py                           1           0  2.43s           2026-03-03T10:51:30                      10
================================================================================
[2026-03-03T10:52:03.329+0000] {manager.py:997} INFO - 
================================================================================
DAG File Processing Stats

File Path                                           PID    Runtime      # DAGs    # Errors  Last Runtime    Last Run               Last # of DB Queries
--------------------------------------------------  -----  ---------  --------  ----------  --------------  -------------------  ----------------------
/opt/airflow/dags/flight_fare_stages_2_to_7_dag.py                           1           0  2.53s           2026-03-03T10:52:02                      10
================================================================================
[2026-03-03T10:52:33.571+0000] {manager.py:997} INFO - 
================================================================================
DAG File Processing Stats

File Path                                             PID  Runtime      # DAGs    # Errors  Last Runtime    Last Run               Last # of DB Queries
--------------------------------------------------  -----  ---------  --------  ----------  --------------  -------------------  ----------------------
/opt/airflow/dags/flight_fare_stages_2_to_7_dag.py    865  0.48s             1           0  2.53s           2026-03-03T10:52:02                      10
================================================================================
[2026-03-03T10:53:03.662+0000] {manager.py:997} INFO - 
================================================================================
DAG File Processing Stats

File Path                                           PID    Runtime      # DAGs    # Errors  Last Runtime    Last Run               Last # of DB Queries
--------------------------------------------------  -----  ---------  --------  ----------  --------------  -------------------  ----------------------
/opt/airflow/dags/flight_fare_stages_2_to_7_dag.py                           1           0  2.36s           2026-03-03T10:52:35                      10
================================================================================
[2026-03-03T10:53:33.922+0000] {manager.py:997} INFO - 
================================================================================
DAG File Processing Stats

File Path                                           PID    Runtime      # DAGs    # Errors  Last Runtime    Last Run               Last # of DB Queries
--------------------------------------------------  -----  ---------  --------  ----------  --------------  -------------------  ----------------------
/opt/airflow/dags/flight_fare_stages_2_to_7_dag.py                           1           0  2.30s           2026-03-03T10:53:07                      10
================================================================================
[2026-03-03T10:54:03.942+0000] {manager.py:997} INFO - 
================================================================================
DAG File Processing Stats

File Path                                           PID    Runtime      # DAGs    # Errors  Last Runtime    Last Run               Last # of DB Queries
--------------------------------------------------  -----  ---------  --------  ----------  --------------  -------------------  ----------------------
/opt/airflow/dags/flight_fare_stages_2_to_7_dag.py                           1           0  3.54s           2026-03-03T10:53:41                      10
================================================================================
[2026-03-03T10:54:34.682+0000] {manager.py:997} INFO - 
================================================================================
DAG File Processing Stats

File Path                                           PID    Runtime      # DAGs    # Errors  Last Runtime    Last Run               Last # of DB Queries
--------------------------------------------------  -----  ---------  --------  ----------  --------------  -------------------  ----------------------
/opt/airflow/dags/flight_fare_stages_2_to_7_dag.py                           1           0  2.52s           2026-03-03T10:54:14                      10
================================================================================
[2026-03-03T10:55:04.937+0000] {manager.py:997} INFO - 
================================================================================
DAG File Processing Stats

File Path                                           PID    Runtime      # DAGs    # Errors  Last Runtime    Last Run               Last # of DB Queries
--------------------------------------------------  -----  ---------  --------  ----------  --------------  -------------------  ----------------------
/opt/airflow/dags/flight_fare_stages_2_to_7_dag.py                           1           0  2.51s           2026-03-03T10:54:47                      10
================================================================================
[2026-03-03T10:55:35.686+0000] {manager.py:997} INFO - 
================================================================================
DAG File Processing Stats

File Path                                           PID    Runtime      # DAGs    # Errors  Last Runtime    Last Run               Last # of DB Queries
--------------------------------------------------  -----  ---------  --------  ----------  --------------  -------------------  ----------------------
/opt/airflow/dags/flight_fare_stages_2_to_7_dag.py                           1           0  2.24s           2026-03-03T10:55:19                      10
================================================================================
[2026-03-03T10:56:06.126+0000] {manager.py:997} INFO - 
================================================================================
DAG File Processing Stats

File Path                                           PID    Runtime      # DAGs    # Errors  Last Runtime    Last Run               Last # of DB Queries
--------------------------------------------------  -----  ---------  --------  ----------  --------------  -------------------  ----------------------
/opt/airflow/dags/flight_fare_stages_2_to_7_dag.py                           1           0  2.42s           2026-03-03T10:55:52                      10
================================================================================
[2026-03-03T10:56:19.323+0000] {manager.py:821} INFO - Searching for files in /opt/airflow/dags
[2026-03-03T10:56:19.370+0000] {manager.py:824} INFO - There are 1 files in /opt/airflow/dags
[2026-03-03T10:56:36.574+0000] {manager.py:997} INFO - 
================================================================================
DAG File Processing Stats

File Path                                           PID    Runtime      # DAGs    # Errors  Last Runtime    Last Run               Last # of DB Queries
--------------------------------------------------  -----  ---------  --------  ----------  --------------  -------------------  ----------------------
/opt/airflow/dags/flight_fare_stages_2_to_7_dag.py                           1           0  4.02s           2026-03-03T10:56:26                      10
================================================================================
[2026-03-03T10:57:07.028+0000] {manager.py:997} INFO - 
================================================================================
DAG File Processing Stats

File Path                                           PID    Runtime      # DAGs    # Errors  Last Runtime    Last Run               Last # of DB Queries
--------------------------------------------------  -----  ---------  --------  ----------  --------------  -------------------  ----------------------
/opt/airflow/dags/flight_fare_stages_2_to_7_dag.py                           1           0  2.25s           2026-03-03T10:56:59                      10
================================================================================
[2026-03-03T10:57:37.291+0000] {manager.py:997} INFO - 
================================================================================
DAG File Processing Stats

File Path                                           PID    Runtime      # DAGs    # Errors  Last Runtime    Last Run               Last # of DB Queries
--------------------------------------------------  -----  ---------  --------  ----------  --------------  -------------------  ----------------------
/opt/airflow/dags/flight_fare_stages_2_to_7_dag.py                           1           0  2.24s           2026-03-03T10:57:31                      10
================================================================================
[2026-03-03T10:58:07.543+0000] {manager.py:997} INFO - 
================================================================================
DAG File Processing Stats

File Path                                           PID    Runtime      # DAGs    # Errors  Last Runtime    Last Run               Last # of DB Queries
--------------------------------------------------  -----  ---------  --------  ----------  --------------  -------------------  ----------------------
/opt/airflow/dags/flight_fare_stages_2_to_7_dag.py                           1           0  2.18s           2026-03-03T10:58:03                      10
================================================================================
[2026-03-03T10:58:37.972+0000] {manager.py:997} INFO - 
================================================================================
DAG File Processing Stats

File Path                                           PID    Runtime      # DAGs    # Errors  Last Runtime    Last Run               Last # of DB Queries
--------------------------------------------------  -----  ---------  --------  ----------  --------------  -------------------  ----------------------
/opt/airflow/dags/flight_fare_stages_2_to_7_dag.py                           1           0  2.28s           2026-03-03T10:58:36                      10
================================================================================
[2026-03-03T10:58:48.154+0000] {manager.py:465} INFO - Exiting gracefully upon receiving signal 15
[2026-03-03T11:01:22.796+0000] {manager.py:483} INFO - Processing files using up to 2 processes at a time 
[2026-03-03T11:01:22.800+0000] {manager.py:484} INFO - Process each file at most once every 30 seconds
[2026-03-03T11:01:22.803+0000] {manager.py:485} INFO - Checking for new files in /opt/airflow/dags every 300 seconds
[2026-03-03T11:01:22.805+0000] {manager.py:821} INFO - Searching for files in /opt/airflow/dags
[2026-03-03T11:01:22.865+0000] {manager.py:824} INFO - There are 1 files in /opt/airflow/dags
[2026-03-03T11:01:23.271+0000] {manager.py:997} INFO - 
================================================================================
DAG File Processing Stats

File Path                                             PID  Runtime      # DAGs    # Errors  Last Runtime    Last Run      Last # of DB Queries
--------------------------------------------------  -----  ---------  --------  ----------  --------------  ----------  ----------------------
/opt/airflow/dags/flight_fare_stages_2_to_7_dag.py    167  0.13s             0           0                                                   0
================================================================================
[2026-03-03T11:01:53.508+0000] {manager.py:997} INFO - 
================================================================================
DAG File Processing Stats

File Path                                           PID    Runtime      # DAGs    # Errors  Last Runtime    Last Run               Last # of DB Queries
--------------------------------------------------  -----  ---------  --------  ----------  --------------  -------------------  ----------------------
/opt/airflow/dags/flight_fare_stages_2_to_7_dag.py                           1           0  23.31s          2026-03-03T11:01:46                      43
================================================================================
[2026-03-03T11:02:23.909+0000] {manager.py:997} INFO - 
================================================================================
DAG File Processing Stats

File Path                                             PID  Runtime      # DAGs    # Errors  Last Runtime    Last Run               Last # of DB Queries
--------------------------------------------------  -----  ---------  --------  ----------  --------------  -------------------  ----------------------
/opt/airflow/dags/flight_fare_stages_2_to_7_dag.py    183  7.12s             1           0  23.31s          2026-03-03T11:01:46                      43
================================================================================
[2026-03-03T11:02:54.193+0000] {manager.py:997} INFO - 
================================================================================
DAG File Processing Stats

File Path                                           PID    Runtime      # DAGs    # Errors  Last Runtime    Last Run               Last # of DB Queries
--------------------------------------------------  -----  ---------  --------  ----------  --------------  -------------------  ----------------------
/opt/airflow/dags/flight_fare_stages_2_to_7_dag.py                           1           0  10.24s          2026-03-03T11:02:27                      10
================================================================================
[2026-03-03T11:03:24.530+0000] {manager.py:997} INFO - 
================================================================================
DAG File Processing Stats

File Path                                           PID    Runtime      # DAGs    # Errors  Last Runtime    Last Run               Last # of DB Queries
--------------------------------------------------  -----  ---------  --------  ----------  --------------  -------------------  ----------------------
/opt/airflow/dags/flight_fare_stages_2_to_7_dag.py                           1           0  7.20s           2026-03-03T11:03:04                      10
================================================================================
[2026-03-03T11:03:54.938+0000] {manager.py:997} INFO - 
================================================================================
DAG File Processing Stats

File Path                                           PID    Runtime      # DAGs    # Errors  Last Runtime    Last Run               Last # of DB Queries
--------------------------------------------------  -----  ---------  --------  ----------  --------------  -------------------  ----------------------
/opt/airflow/dags/flight_fare_stages_2_to_7_dag.py                           1           0  5.52s           2026-03-03T11:03:40                      10
================================================================================
[2026-03-03T11:04:25.169+0000] {manager.py:997} INFO - 
================================================================================
DAG File Processing Stats

File Path                                           PID    Runtime      # DAGs    # Errors  Last Runtime    Last Run               Last # of DB Queries
--------------------------------------------------  -----  ---------  --------  ----------  --------------  -------------------  ----------------------
/opt/airflow/dags/flight_fare_stages_2_to_7_dag.py                           1           0  11.46s          2026-03-03T11:04:22                      10
================================================================================
[2026-03-03T11:04:55.241+0000] {manager.py:997} INFO - 
================================================================================
DAG File Processing Stats

File Path                                             PID  Runtime      # DAGs    # Errors  Last Runtime    Last Run               Last # of DB Queries
--------------------------------------------------  -----  ---------  --------  ----------  --------------  -------------------  ----------------------
/opt/airflow/dags/flight_fare_stages_2_to_7_dag.py    352  3.03s             1           0  11.46s          2026-03-03T11:04:22                      10
================================================================================
[2026-03-03T11:05:25.775+0000] {manager.py:997} INFO - 
================================================================================
DAG File Processing Stats

File Path                                             PID  Runtime      # DAGs    # Errors  Last Runtime    Last Run               Last # of DB Queries
--------------------------------------------------  -----  ---------  --------  ----------  --------------  -------------------  ----------------------
/opt/airflow/dags/flight_fare_stages_2_to_7_dag.py    415  0.01s             1           0  3.43s           2026-03-03T11:04:55                      10
================================================================================
[2026-03-03T11:05:55.800+0000] {manager.py:997} INFO - 
================================================================================
DAG File Processing Stats

File Path                                           PID    Runtime      # DAGs    # Errors  Last Runtime    Last Run               Last # of DB Queries
--------------------------------------------------  -----  ---------  --------  ----------  --------------  -------------------  ----------------------
/opt/airflow/dags/flight_fare_stages_2_to_7_dag.py                           1           0  2.77s           2026-03-03T11:05:28                      10
================================================================================
[2026-03-03T11:06:22.922+0000] {manager.py:821} INFO - Searching for files in /opt/airflow/dags
[2026-03-03T11:06:22.966+0000] {manager.py:824} INFO - There are 1 files in /opt/airflow/dags
[2026-03-03T11:06:26.060+0000] {manager.py:997} INFO - 
================================================================================
DAG File Processing Stats

File Path                                           PID    Runtime      # DAGs    # Errors  Last Runtime    Last Run               Last # of DB Queries
--------------------------------------------------  -----  ---------  --------  ----------  --------------  -------------------  ----------------------
/opt/airflow/dags/flight_fare_stages_2_to_7_dag.py                           1           0  3.91s           2026-03-03T11:06:02                      10
================================================================================
[2026-03-03T11:06:55.721+0000] {manager.py:997} INFO - 
================================================================================
DAG File Processing Stats

File Path                                             PID  Runtime      # DAGs    # Errors  Last Runtime    Last Run               Last # of DB Queries
--------------------------------------------------  -----  ---------  --------  ----------  --------------  -------------------  ----------------------
/opt/airflow/dags/flight_fare_stages_2_to_7_dag.py    443  25.67s            1           0  3.91s           2026-03-03T11:06:02                      10
================================================================================
[2026-03-03T11:07:25.676+0000] {manager.py:997} INFO - 
================================================================================
DAG File Processing Stats

File Path                                           PID    Runtime      # DAGs    # Errors  Last Runtime    Last Run               Last # of DB Queries
--------------------------------------------------  -----  ---------  --------  ----------  --------------  -------------------  ----------------------
/opt/airflow/dags/flight_fare_stages_2_to_7_dag.py                           1           0  26.76s          2026-03-03T11:06:56                      32
================================================================================
[2026-03-03T11:07:56.314+0000] {manager.py:997} INFO - 
================================================================================
DAG File Processing Stats

File Path                                           PID    Runtime      # DAGs    # Errors  Last Runtime    Last Run               Last # of DB Queries
--------------------------------------------------  -----  ---------  --------  ----------  --------------  -------------------  ----------------------
/opt/airflow/dags/flight_fare_stages_2_to_7_dag.py                           1           0  8.28s           2026-03-03T11:07:35                      10
================================================================================
[2026-03-03T11:08:26.610+0000] {manager.py:997} INFO - 
================================================================================
DAG File Processing Stats

File Path                                           PID    Runtime      # DAGs    # Errors  Last Runtime    Last Run               Last # of DB Queries
--------------------------------------------------  -----  ---------  --------  ----------  --------------  -------------------  ----------------------
/opt/airflow/dags/flight_fare_stages_2_to_7_dag.py                           1           0  6.15s           2026-03-03T11:08:11                      10
================================================================================
[2026-03-03T11:08:56.945+0000] {manager.py:997} INFO - 
================================================================================
DAG File Processing Stats

File Path                                           PID    Runtime      # DAGs    # Errors  Last Runtime    Last Run               Last # of DB Queries
--------------------------------------------------  -----  ---------  --------  ----------  --------------  -------------------  ----------------------
/opt/airflow/dags/flight_fare_stages_2_to_7_dag.py                           1           0  3.15s           2026-03-03T11:08:44                      32
================================================================================
[2026-03-03T11:09:27.301+0000] {manager.py:997} INFO - 
================================================================================
DAG File Processing Stats

File Path                                           PID    Runtime      # DAGs    # Errors  Last Runtime    Last Run               Last # of DB Queries
--------------------------------------------------  -----  ---------  --------  ----------  --------------  -------------------  ----------------------
/opt/airflow/dags/flight_fare_stages_2_to_7_dag.py                           1           0  2.36s           2026-03-03T11:09:17                      10
================================================================================
[2026-03-03T11:09:57.566+0000] {manager.py:997} INFO - 
================================================================================
DAG File Processing Stats

File Path                                           PID    Runtime      # DAGs    # Errors  Last Runtime    Last Run               Last # of DB Queries
--------------------------------------------------  -----  ---------  --------  ----------  --------------  -------------------  ----------------------
/opt/airflow/dags/flight_fare_stages_2_to_7_dag.py                           1           0  2.81s           2026-03-03T11:09:50                      10
================================================================================
[2026-03-03T11:10:28.594+0000] {manager.py:997} INFO - 
================================================================================
DAG File Processing Stats

File Path                                             PID  Runtime      # DAGs    # Errors  Last Runtime    Last Run               Last # of DB Queries
--------------------------------------------------  -----  ---------  --------  ----------  --------------  -------------------  ----------------------
/opt/airflow/dags/flight_fare_stages_2_to_7_dag.py    559  0.02s             1           0  2.95s           2026-03-03T11:10:23                      10
================================================================================
[2026-03-03T11:10:58.689+0000] {manager.py:997} INFO - 
================================================================================
DAG File Processing Stats

File Path                                           PID    Runtime      # DAGs    # Errors  Last Runtime    Last Run               Last # of DB Queries
--------------------------------------------------  -----  ---------  --------  ----------  --------------  -------------------  ----------------------
/opt/airflow/dags/flight_fare_stages_2_to_7_dag.py                           1           0  7.76s           2026-03-03T11:10:36                      32
================================================================================
[2026-03-03T11:11:23.568+0000] {manager.py:821} INFO - Searching for files in /opt/airflow/dags
[2026-03-03T11:11:23.656+0000] {manager.py:824} INFO - There are 1 files in /opt/airflow/dags
[2026-03-03T11:11:28.900+0000] {manager.py:997} INFO - 
================================================================================
DAG File Processing Stats

File Path                                             PID  Runtime      # DAGs    # Errors  Last Runtime    Last Run               Last # of DB Queries
--------------------------------------------------  -----  ---------  --------  ----------  --------------  -------------------  ----------------------
/opt/airflow/dags/flight_fare_stages_2_to_7_dag.py    573  21.81s            1           0  7.76s           2026-03-03T11:10:36                      32
================================================================================
[2026-03-03T11:12:01.093+0000] {manager.py:997} INFO - 
================================================================================
DAG File Processing Stats

File Path                                             PID  Runtime      # DAGs    # Errors  Last Runtime    Last Run               Last # of DB Queries
--------------------------------------------------  -----  ---------  --------  ----------  --------------  -------------------  ----------------------
/opt/airflow/dags/flight_fare_stages_2_to_7_dag.py    601  0.55s             1           0  23.83s          2026-03-03T11:11:30                      10
================================================================================
[2026-03-03T11:12:31.053+0000] {manager.py:997} INFO - 
================================================================================
DAG File Processing Stats

File Path                                             PID  Runtime      # DAGs    # Errors  Last Runtime    Last Run               Last # of DB Queries
--------------------------------------------------  -----  ---------  --------  ----------  --------------  -------------------  ----------------------
/opt/airflow/dags/flight_fare_stages_2_to_7_dag.py    601  30.99s            1           0  23.83s          2026-03-03T11:11:30                      10
================================================================================
[2026-03-03T11:12:50.132+0000] {manager.py:1366} ERROR - Processor for /opt/airflow/dags/flight_fare_stages_2_to_7_dag.py with PID 601 started at 2026-03-03T11:11:59.968017+00:00 has timed out, killing it.
[2026-03-03T11:13:01.811+0000] {manager.py:997} INFO - 
================================================================================
DAG File Processing Stats

File Path                                           PID    Runtime      # DAGs    # Errors  Last Runtime    Last Run               Last # of DB Queries
--------------------------------------------------  -----  ---------  --------  ----------  --------------  -------------------  ----------------------
/opt/airflow/dags/flight_fare_stages_2_to_7_dag.py                           0           1  50.13s          2026-03-03T11:12:50                       0
================================================================================
[2026-03-03T11:13:32.101+0000] {manager.py:997} INFO - 
================================================================================
DAG File Processing Stats

File Path                                             PID  Runtime      # DAGs    # Errors  Last Runtime    Last Run               Last # of DB Queries
--------------------------------------------------  -----  ---------  --------  ----------  --------------  -------------------  ----------------------
/opt/airflow/dags/flight_fare_stages_2_to_7_dag.py    622  10.75s            0           1  50.13s          2026-03-03T11:12:50                       0
================================================================================
[2026-03-03T11:14:02.770+0000] {manager.py:997} INFO - 
================================================================================
DAG File Processing Stats

File Path                                           PID    Runtime      # DAGs    # Errors  Last Runtime    Last Run               Last # of DB Queries
--------------------------------------------------  -----  ---------  --------  ----------  --------------  -------------------  ----------------------
/opt/airflow/dags/flight_fare_stages_2_to_7_dag.py                           0           1  41.13s          2026-03-03T11:14:02                       3
================================================================================
[2026-03-03T11:14:33.602+0000] {manager.py:997} INFO - 
================================================================================
DAG File Processing Stats

File Path                                             PID  Runtime      # DAGs    # Errors  Last Runtime    Last Run               Last # of DB Queries
--------------------------------------------------  -----  ---------  --------  ----------  --------------  -------------------  ----------------------
/opt/airflow/dags/flight_fare_stages_2_to_7_dag.py    636  0.06s             0           1  41.13s          2026-03-03T11:14:02                       3
================================================================================
[2026-03-03T11:15:03.880+0000] {manager.py:997} INFO - 
================================================================================
DAG File Processing Stats

File Path                                             PID  Runtime      # DAGs    # Errors  Last Runtime    Last Run               Last # of DB Queries
--------------------------------------------------  -----  ---------  --------  ----------  --------------  -------------------  ----------------------
/opt/airflow/dags/flight_fare_stages_2_to_7_dag.py    636  30.34s            0           1  41.13s          2026-03-03T11:14:02                       3
================================================================================
[2026-03-03T11:15:23.864+0000] {manager.py:1366} ERROR - Processor for /opt/airflow/dags/flight_fare_stages_2_to_7_dag.py with PID 636 started at 2026-03-03T11:14:33.537355+00:00 has timed out, killing it.
[2026-03-03T11:15:33.870+0000] {manager.py:997} INFO - 
================================================================================
DAG File Processing Stats

File Path                                           PID    Runtime      # DAGs    # Errors  Last Runtime    Last Run               Last # of DB Queries
--------------------------------------------------  -----  ---------  --------  ----------  --------------  -------------------  ----------------------
/opt/airflow/dags/flight_fare_stages_2_to_7_dag.py                           0           1  50.33s          2026-03-03T11:15:23                       0
================================================================================
[2026-03-03T11:16:04.169+0000] {manager.py:997} INFO - 
================================================================================
DAG File Processing Stats

File Path                                             PID  Runtime      # DAGs    # Errors  Last Runtime    Last Run               Last # of DB Queries
--------------------------------------------------  -----  ---------  --------  ----------  --------------  -------------------  ----------------------
/opt/airflow/dags/flight_fare_stages_2_to_7_dag.py    660  9.75s             0           1  50.33s          2026-03-03T11:15:23                       0
================================================================================
[2026-03-03T11:16:23.836+0000] {manager.py:821} INFO - Searching for files in /opt/airflow/dags
[2026-03-03T11:16:28.821+0000] {manager.py:824} INFO - There are 1 files in /opt/airflow/dags
[2026-03-03T11:16:34.730+0000] {manager.py:997} INFO - 
================================================================================
DAG File Processing Stats

File Path                                           PID    Runtime      # DAGs    # Errors  Last Runtime    Last Run               Last # of DB Queries
--------------------------------------------------  -----  ---------  --------  ----------  --------------  -------------------  ----------------------
/opt/airflow/dags/flight_fare_stages_2_to_7_dag.py                           1           0  36.43s          2026-03-03T11:16:30                      10
================================================================================
[2026-03-03T11:17:05.311+0000] {manager.py:997} INFO - 
================================================================================
DAG File Processing Stats

File Path                                             PID  Runtime      # DAGs    # Errors  Last Runtime    Last Run               Last # of DB Queries
--------------------------------------------------  -----  ---------  --------  ----------  --------------  -------------------  ----------------------
/opt/airflow/dags/flight_fare_stages_2_to_7_dag.py    689  3.47s             1           0  36.43s          2026-03-03T11:16:30                      10
================================================================================
[2026-03-03T11:17:35.532+0000] {manager.py:997} INFO - 
================================================================================
DAG File Processing Stats

File Path                                           PID    Runtime      # DAGs    # Errors  Last Runtime    Last Run               Last # of DB Queries
--------------------------------------------------  -----  ---------  --------  ----------  --------------  -------------------  ----------------------
/opt/airflow/dags/flight_fare_stages_2_to_7_dag.py                           0           1  33.77s          2026-03-03T11:17:35                       3
================================================================================
[2026-03-03T11:18:14.527+0000] {manager.py:997} INFO - 
================================================================================
DAG File Processing Stats

File Path                                             PID  Runtime      # DAGs    # Errors  Last Runtime    Last Run               Last # of DB Queries
--------------------------------------------------  -----  ---------  --------  ----------  --------------  -------------------  ----------------------
/opt/airflow/dags/flight_fare_stages_2_to_7_dag.py    706  3.73s             0           1  33.77s          2026-03-03T11:17:35                       3
================================================================================
[2026-03-03T11:18:44.295+0000] {manager.py:997} INFO - 
================================================================================
DAG File Processing Stats

File Path                                             PID  Runtime      # DAGs    # Errors  Last Runtime    Last Run               Last # of DB Queries
--------------------------------------------------  -----  ---------  --------  ----------  --------------  -------------------  ----------------------
/opt/airflow/dags/flight_fare_stages_2_to_7_dag.py    706  34.08s            0           1  33.77s          2026-03-03T11:17:35                       3
================================================================================
[2026-03-03T11:19:14.892+0000] {manager.py:997} INFO - 
================================================================================
DAG File Processing Stats

File Path                                           PID    Runtime      # DAGs    # Errors  Last Runtime    Last Run               Last # of DB Queries
--------------------------------------------------  -----  ---------  --------  ----------  --------------  -------------------  ----------------------
/opt/airflow/dags/flight_fare_stages_2_to_7_dag.py                           1           0  48.41s          2026-03-03T11:18:58                      32
================================================================================
[2026-03-03T11:19:45.103+0000] {manager.py:997} INFO - 
================================================================================
DAG File Processing Stats

File Path                                             PID  Runtime      # DAGs    # Errors  Last Runtime    Last Run               Last # of DB Queries
--------------------------------------------------  -----  ---------  --------  ----------  --------------  -------------------  ----------------------
/opt/airflow/dags/flight_fare_stages_2_to_7_dag.py    767  12.35s            1           0  48.41s          2026-03-03T11:18:58                      32
================================================================================
[2026-03-03T11:20:15.352+0000] {manager.py:997} INFO - 
================================================================================
DAG File Processing Stats

File Path                                           PID    Runtime      # DAGs    # Errors  Last Runtime    Last Run               Last # of DB Queries
--------------------------------------------------  -----  ---------  --------  ----------  --------------  -------------------  ----------------------
/opt/airflow/dags/flight_fare_stages_2_to_7_dag.py                           1           0  30.57s          2026-03-03T11:20:03                      10
================================================================================
[2026-03-03T11:20:45.460+0000] {manager.py:997} INFO - 
================================================================================
DAG File Processing Stats

File Path                                             PID  Runtime      # DAGs    # Errors  Last Runtime    Last Run               Last # of DB Queries
--------------------------------------------------  -----  ---------  --------  ----------  --------------  -------------------  ----------------------
/opt/airflow/dags/flight_fare_stages_2_to_7_dag.py    832  9.70s             1           0  30.57s          2026-03-03T11:20:03                      10
================================================================================
[2026-03-03T11:21:15.838+0000] {manager.py:997} INFO - 
================================================================================
DAG File Processing Stats

File Path                                           PID    Runtime      # DAGs    # Errors  Last Runtime    Last Run               Last # of DB Queries
--------------------------------------------------  -----  ---------  --------  ----------  --------------  -------------------  ----------------------
/opt/airflow/dags/flight_fare_stages_2_to_7_dag.py                           1           0  20.95s          2026-03-03T11:20:56                      10
================================================================================
[2026-03-03T11:21:24.254+0000] {manager.py:821} INFO - Searching for files in /opt/airflow/dags
[2026-03-03T11:21:28.401+0000] {manager.py:824} INFO - There are 1 files in /opt/airflow/dags
[2026-03-03T11:21:46.402+0000] {manager.py:997} INFO - 
================================================================================
DAG File Processing Stats

File Path                                             PID  Runtime      # DAGs    # Errors  Last Runtime    Last Run               Last # of DB Queries
--------------------------------------------------  -----  ---------  --------  ----------  --------------  -------------------  ----------------------
/opt/airflow/dags/flight_fare_stages_2_to_7_dag.py    865  14.11s            1           0  20.95s          2026-03-03T11:20:56                      10
================================================================================
[2026-03-03T11:22:16.825+0000] {manager.py:997} INFO - 
================================================================================
DAG File Processing Stats

File Path                                           PID    Runtime      # DAGs    # Errors  Last Runtime    Last Run               Last # of DB Queries
--------------------------------------------------  -----  ---------  --------  ----------  --------------  -------------------  ----------------------
/opt/airflow/dags/flight_fare_stages_2_to_7_dag.py                           1           0  16.24s          2026-03-03T11:21:48                      10
================================================================================
[2026-03-03T11:22:47.946+0000] {manager.py:997} INFO - 
================================================================================
DAG File Processing Stats

File Path                                           PID    Runtime      # DAGs    # Errors  Last Runtime    Last Run               Last # of DB Queries
--------------------------------------------------  -----  ---------  --------  ----------  --------------  -------------------  ----------------------
/opt/airflow/dags/flight_fare_stages_2_to_7_dag.py                           1           0  17.48s          2026-03-03T11:22:36                      10
================================================================================
[2026-03-03T11:23:18.416+0000] {manager.py:997} INFO - 
================================================================================
DAG File Processing Stats

File Path                                             PID  Runtime      # DAGs    # Errors  Last Runtime    Last Run               Last # of DB Queries
--------------------------------------------------  -----  ---------  --------  ----------  --------------  -------------------  ----------------------
/opt/airflow/dags/flight_fare_stages_2_to_7_dag.py    893  7.24s             1           0  17.48s          2026-03-03T11:22:36                      10
================================================================================
[2026-03-03T11:23:49.024+0000] {manager.py:997} INFO - 
================================================================================
DAG File Processing Stats

File Path                                             PID  Runtime      # DAGs    # Errors  Last Runtime    Last Run               Last # of DB Queries
--------------------------------------------------  -----  ---------  --------  ----------  --------------  -------------------  ----------------------
/opt/airflow/dags/flight_fare_stages_2_to_7_dag.py    893  37.62s            1           0  17.48s          2026-03-03T11:22:36                      10
================================================================================
[2026-03-03T11:24:25.020+0000] {manager.py:997} INFO - 
================================================================================
DAG File Processing Stats

File Path                                             PID  Runtime      # DAGs    # Errors  Last Runtime    Last Run               Last # of DB Queries
--------------------------------------------------  -----  ---------  --------  ----------  --------------  -------------------  ----------------------
/opt/airflow/dags/flight_fare_stages_2_to_7_dag.py    907  1.46s             0           1  38.67s          2026-03-03T11:23:49                       3
================================================================================
[2026-03-03T11:24:55.905+0000] {manager.py:997} INFO - 
================================================================================
DAG File Processing Stats

File Path                                           PID    Runtime      # DAGs    # Errors  Last Runtime    Last Run               Last # of DB Queries
--------------------------------------------------  -----  ---------  --------  ----------  --------------  -------------------  ----------------------
/opt/airflow/dags/flight_fare_stages_2_to_7_dag.py                           1           0  31.32s          2026-03-03T11:24:54                      32
================================================================================
[2026-03-03T11:25:26.912+0000] {manager.py:997} INFO - 
================================================================================
DAG File Processing Stats

File Path                                             PID  Runtime      # DAGs    # Errors  Last Runtime    Last Run               Last # of DB Queries
--------------------------------------------------  -----  ---------  --------  ----------  --------------  -------------------  ----------------------
/opt/airflow/dags/flight_fare_stages_2_to_7_dag.py    921  0.22s             1           0  31.32s          2026-03-03T11:24:54                      32
================================================================================
[2026-03-03T11:25:57.666+0000] {manager.py:997} INFO - 
================================================================================
DAG File Processing Stats

File Path                                             PID  Runtime      # DAGs    # Errors  Last Runtime    Last Run               Last # of DB Queries
--------------------------------------------------  -----  ---------  --------  ----------  --------------  -------------------  ----------------------
/opt/airflow/dags/flight_fare_stages_2_to_7_dag.py    921  30.81s            1           0  31.32s          2026-03-03T11:24:54                      32
================================================================================
[2026-03-03T11:26:24.300+0000] {manager.py:821} INFO - Searching for files in /opt/airflow/dags
[2026-03-03T11:26:25.593+0000] {manager.py:824} INFO - There are 1 files in /opt/airflow/dags
[2026-03-03T11:26:28.484+0000] {manager.py:997} INFO - 
================================================================================
DAG File Processing Stats

File Path                                           PID    Runtime      # DAGs    # Errors  Last Runtime    Last Run               Last # of DB Queries
--------------------------------------------------  -----  ---------  --------  ----------  --------------  -------------------  ----------------------
/opt/airflow/dags/flight_fare_stages_2_to_7_dag.py                           0           1  33.63s          2026-03-03T11:26:00                       3
================================================================================
[2026-03-03T11:26:58.959+0000] {manager.py:997} INFO - 
================================================================================
DAG File Processing Stats

File Path                                             PID  Runtime      # DAGs    # Errors  Last Runtime    Last Run               Last # of DB Queries
--------------------------------------------------  -----  ---------  --------  ----------  --------------  -------------------  ----------------------
/opt/airflow/dags/flight_fare_stages_2_to_7_dag.py    927  22.15s            0           1  33.63s          2026-03-03T11:26:00                       3
================================================================================
[2026-03-03T11:27:27.454+0000] {manager.py:1366} ERROR - Processor for /opt/airflow/dags/flight_fare_stages_2_to_7_dag.py with PID 927 started at 2026-03-03T11:26:36.751225+00:00 has timed out, killing it.
[2026-03-03T11:27:33.104+0000] {manager.py:997} INFO - 
================================================================================
DAG File Processing Stats

File Path                                           PID    Runtime      # DAGs    # Errors  Last Runtime    Last Run               Last # of DB Queries
--------------------------------------------------  -----  ---------  --------  ----------  --------------  -------------------  ----------------------
/opt/airflow/dags/flight_fare_stages_2_to_7_dag.py                           0           1  50.70s          2026-03-03T11:27:27                       0
================================================================================
[2026-03-03T11:28:03.866+0000] {manager.py:997} INFO - 
================================================================================
DAG File Processing Stats

File Path                                             PID  Runtime      # DAGs    # Errors  Last Runtime    Last Run               Last # of DB Queries
--------------------------------------------------  -----  ---------  --------  ----------  --------------  -------------------  ----------------------
/opt/airflow/dags/flight_fare_stages_2_to_7_dag.py    939  5.31s             0           1  50.70s          2026-03-03T11:27:27                       0
================================================================================
[2026-03-03T11:28:34.207+0000] {manager.py:997} INFO - 
================================================================================
DAG File Processing Stats

File Path                                           PID    Runtime      # DAGs    # Errors  Last Runtime    Last Run               Last # of DB Queries
--------------------------------------------------  -----  ---------  --------  ----------  --------------  -------------------  ----------------------
/opt/airflow/dags/flight_fare_stages_2_to_7_dag.py                           0           1  31.53s          2026-03-03T11:28:30                       5
================================================================================
[2026-03-03T11:29:04.772+0000] {manager.py:997} INFO - 
================================================================================
DAG File Processing Stats

File Path                                             PID  Runtime      # DAGs    # Errors  Last Runtime    Last Run               Last # of DB Queries
--------------------------------------------------  -----  ---------  --------  ----------  --------------  -------------------  ----------------------
/opt/airflow/dags/flight_fare_stages_2_to_7_dag.py    953  2.41s             0           1  31.53s          2026-03-03T11:28:30                       5
================================================================================
[2026-03-03T11:29:34.926+0000] {manager.py:997} INFO - 
================================================================================
DAG File Processing Stats

File Path                                           PID    Runtime      # DAGs    # Errors  Last Runtime    Last Run               Last # of DB Queries
--------------------------------------------------  -----  ---------  --------  ----------  --------------  -------------------  ----------------------
/opt/airflow/dags/flight_fare_stages_2_to_7_dag.py                           1           0  30.48s          2026-03-03T11:29:32                      32
================================================================================
[2026-03-03T11:30:09.272+0000] {manager.py:997} INFO - 
================================================================================
DAG File Processing Stats

File Path                                             PID  Runtime      # DAGs    # Errors  Last Runtime    Last Run               Last # of DB Queries
--------------------------------------------------  -----  ---------  --------  ----------  --------------  -------------------  ----------------------
/opt/airflow/dags/flight_fare_stages_2_to_7_dag.py    967  4.53s             1           0  30.48s          2026-03-03T11:29:32                      32
================================================================================
[2026-03-03T11:30:39.960+0000] {manager.py:997} INFO - 
================================================================================
DAG File Processing Stats

File Path                                             PID  Runtime      # DAGs    # Errors  Last Runtime    Last Run               Last # of DB Queries
--------------------------------------------------  -----  ---------  --------  ----------  --------------  -------------------  ----------------------
/opt/airflow/dags/flight_fare_stages_2_to_7_dag.py    967  35.40s            1           0  30.48s          2026-03-03T11:29:32                      32
================================================================================
[2026-03-03T11:31:10.415+0000] {manager.py:997} INFO - 
================================================================================
DAG File Processing Stats

File Path                                           PID    Runtime      # DAGs    # Errors  Last Runtime    Last Run               Last # of DB Queries
--------------------------------------------------  -----  ---------  --------  ----------  --------------  -------------------  ----------------------
/opt/airflow/dags/flight_fare_stages_2_to_7_dag.py                           0           1  36.97s          2026-03-03T11:30:41                       3
================================================================================
[2026-03-03T11:31:24.463+0000] {manager.py:821} INFO - Searching for files in /opt/airflow/dags
[2026-03-03T11:31:24.640+0000] {manager.py:824} INFO - There are 1 files in /opt/airflow/dags
[2026-03-03T11:31:40.617+0000] {manager.py:997} INFO - 
================================================================================
DAG File Processing Stats

File Path                                           PID    Runtime      # DAGs    # Errors  Last Runtime    Last Run               Last # of DB Queries
--------------------------------------------------  -----  ---------  --------  ----------  --------------  -------------------  ----------------------
/opt/airflow/dags/flight_fare_stages_2_to_7_dag.py                           1           0  19.69s          2026-03-03T11:31:31                      32
================================================================================
[2026-03-03T11:32:11.290+0000] {manager.py:997} INFO - 
================================================================================
DAG File Processing Stats

File Path                                             PID  Runtime      # DAGs    # Errors  Last Runtime    Last Run               Last # of DB Queries
--------------------------------------------------  -----  ---------  --------  ----------  --------------  -------------------  ----------------------
/opt/airflow/dags/flight_fare_stages_2_to_7_dag.py    995  9.01s             1           0  19.69s          2026-03-03T11:31:31                      32
================================================================================
[2026-03-03T11:32:43.005+0000] {manager.py:997} INFO - 
================================================================================
DAG File Processing Stats

File Path                                           PID    Runtime      # DAGs    # Errors  Last Runtime    Last Run               Last # of DB Queries
--------------------------------------------------  -----  ---------  --------  ----------  --------------  -------------------  ----------------------
/opt/airflow/dags/flight_fare_stages_2_to_7_dag.py                           1           0  22.52s          2026-03-03T11:32:24                      10
================================================================================
[2026-03-03T11:33:18.170+0000] {manager.py:997} INFO - 
================================================================================
DAG File Processing Stats

File Path                                             PID  Runtime      # DAGs    # Errors  Last Runtime    Last Run               Last # of DB Queries
--------------------------------------------------  -----  ---------  --------  ----------  --------------  -------------------  ----------------------
/opt/airflow/dags/flight_fare_stages_2_to_7_dag.py   1009  22.38s            1           0  22.52s          2026-03-03T11:32:24                      10
================================================================================
[2026-03-03T11:33:48.148+0000] {manager.py:997} INFO - 
================================================================================
DAG File Processing Stats

File Path                                           PID    Runtime      # DAGs    # Errors  Last Runtime    Last Run               Last # of DB Queries
--------------------------------------------------  -----  ---------  --------  ----------  --------------  -------------------  ----------------------
/opt/airflow/dags/flight_fare_stages_2_to_7_dag.py                           1           0  37.23s          2026-03-03T11:33:33                      10
================================================================================
[2026-03-03T11:34:18.322+0000] {manager.py:997} INFO - 
================================================================================
DAG File Processing Stats

File Path                                           PID    Runtime      # DAGs    # Errors  Last Runtime    Last Run               Last # of DB Queries
--------------------------------------------------  -----  ---------  --------  ----------  --------------  -------------------  ----------------------
/opt/airflow/dags/flight_fare_stages_2_to_7_dag.py                           1           0  7.16s           2026-03-03T11:34:10                      10
================================================================================
[2026-03-03T11:34:48.720+0000] {manager.py:997} INFO - 
================================================================================
DAG File Processing Stats

File Path                                           PID    Runtime      # DAGs    # Errors  Last Runtime    Last Run               Last # of DB Queries
--------------------------------------------------  -----  ---------  --------  ----------  --------------  -------------------  ----------------------
/opt/airflow/dags/flight_fare_stages_2_to_7_dag.py                           1           0  5.62s           2026-03-03T11:34:46                      10
================================================================================
[2026-03-03T11:35:19.012+0000] {manager.py:997} INFO - 
================================================================================
DAG File Processing Stats

File Path                                             PID  Runtime      # DAGs    # Errors  Last Runtime    Last Run               Last # of DB Queries
--------------------------------------------------  -----  ---------  --------  ----------  --------------  -------------------  ----------------------
/opt/airflow/dags/flight_fare_stages_2_to_7_dag.py   1051  2.51s             1           0  5.62s           2026-03-03T11:34:46                      10
================================================================================
[2026-03-03T11:35:49.249+0000] {manager.py:997} INFO - 
================================================================================
DAG File Processing Stats

File Path                                           PID    Runtime      # DAGs    # Errors  Last Runtime    Last Run               Last # of DB Queries
--------------------------------------------------  -----  ---------  --------  ----------  --------------  -------------------  ----------------------
/opt/airflow/dags/flight_fare_stages_2_to_7_dag.py                           1           0  2.87s           2026-03-03T11:35:19                      10
================================================================================
[2026-03-03T11:36:19.442+0000] {manager.py:997} INFO - 
================================================================================
DAG File Processing Stats

File Path                                           PID    Runtime      # DAGs    # Errors  Last Runtime    Last Run               Last # of DB Queries
--------------------------------------------------  -----  ---------  --------  ----------  --------------  -------------------  ----------------------
/opt/airflow/dags/flight_fare_stages_2_to_7_dag.py                           1           0  2.60s           2026-03-03T11:35:52                      10
================================================================================
[2026-03-03T11:36:24.495+0000] {manager.py:821} INFO - Searching for files in /opt/airflow/dags
[2026-03-03T11:36:24.527+0000] {manager.py:824} INFO - There are 1 files in /opt/airflow/dags
[2026-03-03T11:36:50.109+0000] {manager.py:997} INFO - 
================================================================================
DAG File Processing Stats

File Path                                           PID    Runtime      # DAGs    # Errors  Last Runtime    Last Run               Last # of DB Queries
--------------------------------------------------  -----  ---------  --------  ----------  --------------  -------------------  ----------------------
/opt/airflow/dags/flight_fare_stages_2_to_7_dag.py                           1           0  2.67s           2026-03-03T11:36:25                      10
================================================================================
[2026-03-03T11:37:20.623+0000] {manager.py:997} INFO - 
================================================================================
DAG File Processing Stats

File Path                                           PID    Runtime      # DAGs    # Errors  Last Runtime    Last Run               Last # of DB Queries
--------------------------------------------------  -----  ---------  --------  ----------  --------------  -------------------  ----------------------
/opt/airflow/dags/flight_fare_stages_2_to_7_dag.py                           1           0  3.25s           2026-03-03T11:36:58                      10
================================================================================
[2026-03-03T11:37:51.067+0000] {manager.py:997} INFO - 
================================================================================
DAG File Processing Stats

File Path                                           PID    Runtime      # DAGs    # Errors  Last Runtime    Last Run               Last # of DB Queries
--------------------------------------------------  -----  ---------  --------  ----------  --------------  -------------------  ----------------------
/opt/airflow/dags/flight_fare_stages_2_to_7_dag.py                           1           0  2.71s           2026-03-03T11:37:31                      10
================================================================================
[2026-03-03T11:38:21.370+0000] {manager.py:997} INFO - 
================================================================================
DAG File Processing Stats

File Path                                           PID    Runtime      # DAGs    # Errors  Last Runtime    Last Run               Last # of DB Queries
--------------------------------------------------  -----  ---------  --------  ----------  --------------  -------------------  ----------------------
/opt/airflow/dags/flight_fare_stages_2_to_7_dag.py                           1           0  3.93s           2026-03-03T11:38:05                      10
================================================================================
[2026-03-03T11:38:51.477+0000] {manager.py:997} INFO - 
================================================================================
DAG File Processing Stats

File Path                                           PID    Runtime      # DAGs    # Errors  Last Runtime    Last Run               Last # of DB Queries
--------------------------------------------------  -----  ---------  --------  ----------  --------------  -------------------  ----------------------
/opt/airflow/dags/flight_fare_stages_2_to_7_dag.py                           1           0  2.50s           2026-03-03T11:38:38                      10
================================================================================
[2026-03-03T11:39:21.748+0000] {manager.py:997} INFO - 
================================================================================
DAG File Processing Stats

File Path                                           PID    Runtime      # DAGs    # Errors  Last Runtime    Last Run               Last # of DB Queries
--------------------------------------------------  -----  ---------  --------  ----------  --------------  -------------------  ----------------------
/opt/airflow/dags/flight_fare_stages_2_to_7_dag.py                           1           0  2.47s           2026-03-03T11:39:11                      10
================================================================================
[2026-03-03T11:39:52.475+0000] {manager.py:997} INFO - 
================================================================================
DAG File Processing Stats

File Path                                           PID    Runtime      # DAGs    # Errors  Last Runtime    Last Run               Last # of DB Queries
--------------------------------------------------  -----  ---------  --------  ----------  --------------  -------------------  ----------------------
/opt/airflow/dags/flight_fare_stages_2_to_7_dag.py                           1           0  2.30s           2026-03-03T11:39:43                      10
================================================================================
[2026-03-03T11:40:22.767+0000] {manager.py:997} INFO - 
================================================================================
DAG File Processing Stats

File Path                                           PID    Runtime      # DAGs    # Errors  Last Runtime    Last Run               Last # of DB Queries
--------------------------------------------------  -----  ---------  --------  ----------  --------------  -------------------  ----------------------
/opt/airflow/dags/flight_fare_stages_2_to_7_dag.py                           1           0  2.77s           2026-03-03T11:40:16                      10
================================================================================
[2026-03-03T11:40:53.049+0000] {manager.py:997} INFO - 
================================================================================
DAG File Processing Stats

File Path                                           PID    Runtime      # DAGs    # Errors  Last Runtime    Last Run               Last # of DB Queries
--------------------------------------------------  -----  ---------  --------  ----------  --------------  -------------------  ----------------------
/opt/airflow/dags/flight_fare_stages_2_to_7_dag.py                           1           0  2.84s           2026-03-03T11:40:50                      10
================================================================================
[2026-03-03T11:41:23.576+0000] {manager.py:997} INFO - 
================================================================================
DAG File Processing Stats

File Path                                           PID    Runtime      # DAGs    # Errors  Last Runtime    Last Run               Last # of DB Queries
--------------------------------------------------  -----  ---------  --------  ----------  --------------  -------------------  ----------------------
/opt/airflow/dags/flight_fare_stages_2_to_7_dag.py                           1           0  2.51s           2026-03-03T11:41:22                      10
================================================================================
[2026-03-03T11:41:24.581+0000] {manager.py:821} INFO - Searching for files in /opt/airflow/dags
[2026-03-03T11:41:24.655+0000] {manager.py:824} INFO - There are 1 files in /opt/airflow/dags
[2026-03-03T11:41:53.967+0000] {manager.py:997} INFO - 
================================================================================
DAG File Processing Stats

File Path                                             PID  Runtime      # DAGs    # Errors  Last Runtime    Last Run               Last # of DB Queries
--------------------------------------------------  -----  ---------  --------  ----------  --------------  -------------------  ----------------------
/opt/airflow/dags/flight_fare_stages_2_to_7_dag.py   1219  1.01s             1           0  2.51s           2026-03-03T11:41:22                      10
================================================================================
[2026-03-03T11:42:24.371+0000] {manager.py:997} INFO - 
================================================================================
DAG File Processing Stats

File Path                                           PID    Runtime      # DAGs    # Errors  Last Runtime    Last Run               Last # of DB Queries
--------------------------------------------------  -----  ---------  --------  ----------  --------------  -------------------  ----------------------
/opt/airflow/dags/flight_fare_stages_2_to_7_dag.py                           1           0  2.59s           2026-03-03T11:41:55                      10
================================================================================
[2026-03-03T11:42:54.746+0000] {manager.py:997} INFO - 
================================================================================
DAG File Processing Stats

File Path                                           PID    Runtime      # DAGs    # Errors  Last Runtime    Last Run               Last # of DB Queries
--------------------------------------------------  -----  ---------  --------  ----------  --------------  -------------------  ----------------------
/opt/airflow/dags/flight_fare_stages_2_to_7_dag.py                           1           0  2.64s           2026-03-03T11:42:28                      10
================================================================================
[2026-03-03T11:43:25.039+0000] {manager.py:997} INFO - 
================================================================================
DAG File Processing Stats

File Path                                           PID    Runtime      # DAGs    # Errors  Last Runtime    Last Run               Last # of DB Queries
--------------------------------------------------  -----  ---------  --------  ----------  --------------  -------------------  ----------------------
/opt/airflow/dags/flight_fare_stages_2_to_7_dag.py                           1           0  2.71s           2026-03-03T11:43:01                      10
================================================================================
[2026-03-03T11:43:55.310+0000] {manager.py:997} INFO - 
================================================================================
DAG File Processing Stats

File Path                                           PID    Runtime      # DAGs    # Errors  Last Runtime    Last Run               Last # of DB Queries
--------------------------------------------------  -----  ---------  --------  ----------  --------------  -------------------  ----------------------
/opt/airflow/dags/flight_fare_stages_2_to_7_dag.py                           1           0  2.76s           2026-03-03T11:43:34                      10
================================================================================
[2026-03-03T11:44:25.593+0000] {manager.py:997} INFO - 
================================================================================
DAG File Processing Stats

File Path                                           PID    Runtime      # DAGs    # Errors  Last Runtime    Last Run               Last # of DB Queries
--------------------------------------------------  -----  ---------  --------  ----------  --------------  -------------------  ----------------------
/opt/airflow/dags/flight_fare_stages_2_to_7_dag.py                           1           0  3.59s           2026-03-03T11:44:08                      10
================================================================================
[2026-03-03T11:44:55.675+0000] {manager.py:997} INFO - 
================================================================================
DAG File Processing Stats

File Path                                           PID    Runtime      # DAGs    # Errors  Last Runtime    Last Run               Last # of DB Queries
--------------------------------------------------  -----  ---------  --------  ----------  --------------  -------------------  ----------------------
/opt/airflow/dags/flight_fare_stages_2_to_7_dag.py                           1           0  2.79s           2026-03-03T11:44:41                      10
================================================================================
[2026-03-03T11:45:25.829+0000] {manager.py:997} INFO - 
================================================================================
DAG File Processing Stats

File Path                                           PID    Runtime      # DAGs    # Errors  Last Runtime    Last Run               Last # of DB Queries
--------------------------------------------------  -----  ---------  --------  ----------  --------------  -------------------  ----------------------
/opt/airflow/dags/flight_fare_stages_2_to_7_dag.py                           1           0  2.89s           2026-03-03T11:45:14                      10
================================================================================
[2026-03-03T11:45:56.155+0000] {manager.py:997} INFO - 
================================================================================
DAG File Processing Stats

File Path                                           PID    Runtime      # DAGs    # Errors  Last Runtime    Last Run               Last # of DB Queries
--------------------------------------------------  -----  ---------  --------  ----------  --------------  -------------------  ----------------------
/opt/airflow/dags/flight_fare_stages_2_to_7_dag.py                           1           0  3.48s           2026-03-03T11:45:48                      10
================================================================================
[2026-03-03T11:46:25.437+0000] {manager.py:821} INFO - Searching for files in /opt/airflow/dags
[2026-03-03T11:46:25.470+0000] {manager.py:824} INFO - There are 1 files in /opt/airflow/dags
[2026-03-03T11:46:26.507+0000] {manager.py:997} INFO - 
================================================================================
DAG File Processing Stats

File Path                                           PID    Runtime      # DAGs    # Errors  Last Runtime    Last Run               Last # of DB Queries
--------------------------------------------------  -----  ---------  --------  ----------  --------------  -------------------  ----------------------
/opt/airflow/dags/flight_fare_stages_2_to_7_dag.py                           1           0  3.10s           2026-03-03T11:46:21                      10
================================================================================
[2026-03-03T11:46:56.841+0000] {manager.py:997} INFO - 
================================================================================
DAG File Processing Stats

File Path                                           PID    Runtime      # DAGs    # Errors  Last Runtime    Last Run               Last # of DB Queries
--------------------------------------------------  -----  ---------  --------  ----------  --------------  -------------------  ----------------------
/opt/airflow/dags/flight_fare_stages_2_to_7_dag.py                           1           0  2.60s           2026-03-03T11:46:54                      10
================================================================================
[2026-03-03T11:47:27.158+0000] {manager.py:997} INFO - 
================================================================================
DAG File Processing Stats

File Path                                             PID  Runtime      # DAGs    # Errors  Last Runtime    Last Run               Last # of DB Queries
--------------------------------------------------  -----  ---------  --------  ----------  --------------  -------------------  ----------------------
/opt/airflow/dags/flight_fare_stages_2_to_7_dag.py   1359  2.49s             1           0  2.60s           2026-03-03T11:46:54                      10
================================================================================
[2026-03-03T11:47:57.443+0000] {manager.py:997} INFO - 
================================================================================
DAG File Processing Stats

File Path                                           PID    Runtime      # DAGs    # Errors  Last Runtime    Last Run               Last # of DB Queries
--------------------------------------------------  -----  ---------  --------  ----------  --------------  -------------------  ----------------------
/opt/airflow/dags/flight_fare_stages_2_to_7_dag.py                           1           0  2.96s           2026-03-03T11:47:27                      10
================================================================================
[2026-03-03T11:48:27.959+0000] {manager.py:997} INFO - 
================================================================================
DAG File Processing Stats

File Path                                             PID  Runtime      # DAGs    # Errors  Last Runtime    Last Run               Last # of DB Queries
--------------------------------------------------  -----  ---------  --------  ----------  --------------  -------------------  ----------------------
/opt/airflow/dags/flight_fare_stages_2_to_7_dag.py   1373  29.45s            1           0  2.96s           2026-03-03T11:47:27                      10
================================================================================
[2026-03-03T11:49:00.187+0000] {manager.py:997} INFO - 
================================================================================
DAG File Processing Stats

File Path                                           PID    Runtime      # DAGs    # Errors  Last Runtime    Last Run               Last # of DB Queries
--------------------------------------------------  -----  ---------  --------  ----------  --------------  -------------------  ----------------------
/opt/airflow/dags/flight_fare_stages_2_to_7_dag.py                           0           1  33.78s          2026-03-03T11:48:31                       3
================================================================================
[2026-03-03T11:49:30.882+0000] {manager.py:997} INFO - 
================================================================================
DAG File Processing Stats

File Path                                           PID    Runtime      # DAGs    # Errors  Last Runtime    Last Run               Last # of DB Queries
--------------------------------------------------  -----  ---------  --------  ----------  --------------  -------------------  ----------------------
/opt/airflow/dags/flight_fare_stages_2_to_7_dag.py                           1           0  26.30s          2026-03-03T11:49:28                      32
================================================================================
[2026-03-03T11:50:01.393+0000] {manager.py:997} INFO - 
================================================================================
DAG File Processing Stats

File Path                                             PID  Runtime      # DAGs    # Errors  Last Runtime    Last Run               Last # of DB Queries
--------------------------------------------------  -----  ---------  --------  ----------  --------------  -------------------  ----------------------
/opt/airflow/dags/flight_fare_stages_2_to_7_dag.py   1401  2.13s             1           0  26.30s          2026-03-03T11:49:28                      32
================================================================================
[2026-03-03T11:50:31.996+0000] {manager.py:997} INFO - 
================================================================================
DAG File Processing Stats

File Path                                           PID    Runtime      # DAGs    # Errors  Last Runtime    Last Run               Last # of DB Queries
--------------------------------------------------  -----  ---------  --------  ----------  --------------  -------------------  ----------------------
/opt/airflow/dags/flight_fare_stages_2_to_7_dag.py                           1           0  10.82s          2026-03-03T11:50:10                      10
================================================================================
